avg_ticket,purchase_frequency_30d,days_since_last_purchase,category_affinity,historical_discount_response,price_sensitivity,contact_count_7d,action_expected_margin,action_discount_cost,action_contact_cost,action_price,action_risk_penalty,channel,region,action_type,action_id,response
404.66827561111813,4,23,0.3862925251924331,0.2581447977309115,0.15997207723176787,1,9.0,0.0,0.25,310.0,0.0,modern_trade,MX-CENTRAL,product_recommendation,promote_core_pack,1
230.44841051918434,4,4,0.8479869049310883,0.4728124359483603,0.22254322828336792,3,18.0,0.0,4.5,0.0,0.0,traditional_trade,MX-NORTH,human_followup,sales_visit,0
186.9560694126566,3,24,0.559702956883477,0.5123413435674617,0.1703529842547622,0,15.5,1.5,0.25,385.0,0.0,digital,BR-SE,bundle,premium_bundle,0
228.3536301249316,6,3,0.8056037166758421,0.7738107393899879,0.20277362163325408,0,7.5,2.5,0.2,295.0,0.05,digital,MX-NORTH,promotion,targeted_discount,1
301.1821885484522,6,15,0.6350487482329809,0.680655172983663,0.12359705450460723,0,18.0,0.0,4.5,0.0,0.0,modern_trade,BR-SE,human_followup,sales_visit,1
275.62111971627144,3,5,0.9098914367301622,0.35338965063453204,0.31665071845914267,2,9.0,0.0,0.25,310.0,0.0,traditional_trade,CO-ANDES,product_recommendation,promote_core_pack,1
420.6083196169497,3,10,0.9266283292432518,0.263571491966946,0.8247431722490227,0,15.5,1.5,0.25,385.0,0.0,digital,BR-SE,bundle,premium_bundle,1
225.8235100797839,7,16,0.4492968998603892,0.550345568929582,0.08224630837523382,0,9.0,0.0,0.25,310.0,0.0,digital,CO-ANDES,product_recommendation,promote_core_pack,0
454.22276484058716,3,23,0.658643863651449,0.33782253272355833,0.8013558697775065,2,9.0,0.0,0.25,310.0,0.0,digital,MX-CENTRAL,product_recommendation,promote_core_pack,1
288.8455981666458,5,17,0.7522927230729424,0.48959875265625075,0.10300575015872339,3,9.0,0.0,0.25,310.0,0.0,digital,MX-NORTH,product_recommendation,promote_core_pack,1
432.49755777549984,3,20,0.8819027368333885,0.6689235499119525,0.21904611995356651,1,7.5,2.5,0.2,295.0,0.05,digital,MX-NORTH,promotion,targeted_discount,1
476.93929977447533,2,11,0.758278285809861,0.8588534443120613,0.83266874840986,0,18.0,0.0,4.5,0.0,0.0,traditional_trade,MX-NORTH,human_followup,sales_visit,1
569.1971283775066,4,28,0.7526539114162742,0.3745181613090385,0.4454594437912053,0,18.0,0.0,4.5,0.0,0.0,traditional_trade,BR-SE,human_followup,sales_visit,1
345.003555816658,7,24,0.5411886983544323,0.5568292883037249,0.7201415938867444,1,7.5,2.5,0.2,295.0,0.05,traditional_trade,MX-NORTH,promotion,targeted_discount,1
396.4997791055012,8,14,0.9218522951932986,0.5711022984171399,0.37518832879124653,2,15.5,1.5,0.25,385.0,0.0,digital,CO-ANDES,bundle,premium_bundle,1
381.7447251390774,3,4,0.6544029584097936,0.5204840192999036,0.6643334407434622,2,9.0,0.0,0.25,310.0,0.0,modern_trade,MX-NORTH,product_recommendation,promote_core_pack,1
362.5884784700471,3,23,0.6390369291296601,0.5446892744610548,0.49070482387381426,0,7.5,2.5,0.2,295.0,0.05,digital,BR-SE,promotion,targeted_discount,1
193.80793900999134,3,2,0.8995911272182647,0.40064636563640427,0.2599562348311799,1,15.5,1.5,0.25,385.0,0.0,modern_trade,MX-NORTH,bundle,premium_bundle,1
346.72596821584136,2,13,0.6906106495273393,0.27922397029239443,0.18764003741618002,3,15.5,1.5,0.25,385.0,0.0,traditional_trade,MX-CENTRAL,bundle,premium_bundle,0
445.05480061339875,3,21,0.5160204022279004,0.6660668258877827,0.4854876765008869,2,18.0,0.0,4.5,0.0,0.0,modern_trade,BR-SE,human_followup,sales_visit,0
313.9142310204055,4,4,0.5461985157143073,0.6337126499595425,0.7825824432295501,3,15.5,1.5,0.25,385.0,0.0,modern_trade,MX-NORTH,bundle,premium_bundle,0
235.02235039588334,6,29,0.46847537525597444,0.6338938761159701,0.6707748882081639,2,9.0,0.0,0.25,310.0,0.0,digital,MX-CENTRAL,product_recommendation,promote_core_pack,0
386.5747450866415,10,14,0.7424542032261262,0.31769716934548575,0.56321367054599,3,15.5,1.5,0.25,385.0,0.0,digital,CO-ANDES,bundle,premium_bundle,1
359.2948442300644,8,20,0.5908625840321764,0.6564535215887543,0.7777622647125259,0,9.0,0.0,0.25,310.0,0.0,modern_trade,MX-CENTRAL,product_recommendation,promote_core_pack,1
384.1850267253453,3,25,0.9103862561245311,0.48587751555988995,0.2312316491476966,0,15.5,1.5,0.25,385.0,0.0,modern_trade,CO-ANDES,bundle,premium_bundle,1
323.99216755957394,9,16,0.7439396126776342,0.44205145715970995,0.14734804992010866,0,7.5,2.5,0.2,295.0,0.05,digital,CO-ANDES,promotion,targeted_discount,1
258.8156106527586,10,5,0.7943682264329582,0.7675945101352291,0.40428027065520555,3,15.5,1.5,0.25,385.0,0.0,modern_trade,MX-NORTH,bundle,premium_bundle,0
242.0838156076761,5,29,0.9298033125979404,0.2747639240876953,0.1264431210332203,0,18.0,0.0,4.5,0.0,0.0,digital,BR-SE,human_followup,sales_visit,0
303.6088620233448,7,23,0.4568774845831082,0.407575941114626,0.3672378072881016,0,7.5,2.5,0.2,295.0,0.05,traditional_trade,BR-SE,promotion,targeted_discount,1
357.14902242225446,5,10,0.926856646927941,0.7598079156453001,0.705406127013633,0,18.0,0.0,4.5,0.0,0.0,traditional_trade,MX-NORTH,human_followup,sales_visit,1
532.5211940281463,4,10,0.6520460853684888,0.6972351502045336,0.8914808581929484,0,18.0,0.0,4.5,0.0,0.0,modern_trade,MX-NORTH,human_followup,sales_visit,0
132.7697389471777,2,9,0.58592249186612,0.2752805682140255,0.26217045649610554,0,18.0,0.0,4.5,0.0,0.0,modern_trade,MX-CENTRAL,human_followup,sales_visit,1
312.0913487791317,1,15,0.9044873393323157,0.7405382156713768,0.34562197623729773,1,15.5,1.5,0.25,385.0,0.0,modern_trade,MX-CENTRAL,bundle,premium_bundle,1
353.6422167486433,2,9,0.6625729781971946,0.146605190206785,0.6308899888377252,0,15.5,1.5,0.25,385.0,0.0,traditional_trade,MX-CENTRAL,bundle,premium_bundle,1
384.3682448073217,7,0,0.28998662814890697,0.25804326587534016,0.7131070408056827,0,18.0,0.0,4.5,0.0,0.0,modern_trade,MX-NORTH,human_followup,sales_visit,1
219.27457006907053,3,24,0.7107387048979529,0.6807045386063905,0.6189113008235368,2,9.0,0.0,0.25,310.0,0.0,traditional_trade,MX-CENTRAL,product_recommendation,promote_core_pack,1
417.19613164524526,2,30,0.7380205511748643,0.43664143874136346,0.13353995957629358,3,7.5,2.5,0.2,295.0,0.05,traditional_trade,BR-SE,promotion,targeted_discount,0
289.09450447143996,4,11,0.5255559373591134,0.4758247511685163,0.31393994456825397,3,7.5,2.5,0.2,295.0,0.05,digital,MX-CENTRAL,promotion,targeted_discount,0
491.93011819547996,5,28,0.8885873322486347,0.29923073918353815,0.6472341763372744,3,18.0,0.0,4.5,0.0,0.0,modern_trade,CO-ANDES,human_followup,sales_visit,0
337.13838528172863,5,14,0.2805655274595916,0.3772823688301061,0.4990797089267092,3,7.5,2.5,0.2,295.0,0.05,modern_trade,MX-NORTH,promotion,targeted_discount,1
293.3361477496416,7,5,0.6466486281841721,0.26439867575289006,0.07977427534817146,1,18.0,0.0,4.5,0.0,0.0,traditional_trade,CO-ANDES,human_followup,sales_visit,1
238.5191579729047,4,11,0.6111929300157317,0.7335636226063909,0.11433670996204515,1,18.0,0.0,4.5,0.0,0.0,modern_trade,MX-CENTRAL,human_followup,sales_visit,1
330.51141783706606,5,13,0.4158300651088438,0.15680735533571602,0.31022121700435185,0,9.0,0.0,0.25,310.0,0.0,digital,MX-CENTRAL,product_recommendation,promote_core_pack,0
446.49598403220125,7,17,0.881194201054621,0.5608526019767573,0.4294137524545588,0,15.5,1.5,0.25,385.0,0.0,traditional_trade,CO-ANDES,bundle,premium_bundle,1
369.3864335127784,8,23,0.7098190929339271,0.6674027635015379,0.24428246817574842,2,9.0,0.0,0.25,310.0,0.0,modern_trade,BR-SE,product_recommendation,promote_core_pack,0
358.9178480338087,7,8,0.9112383663883077,0.28673253367238216,0.6770067890287812,0,9.0,0.0,0.25,310.0,0.0,traditional_trade,BR-SE,product_recommendation,promote_core_pack,1
418.87024335712283,7,20,0.5075905962988221,0.28586692785337303,0.2597369397149223,2,7.5,2.5,0.2,295.0,0.05,digital,BR-SE,promotion,targeted_discount,0
364.9496130313569,10,18,0.7374527455348017,0.26869205898728493,0.5352287648996976,2,15.5,1.5,0.25,385.0,0.0,traditional_trade,MX-NORTH,bundle,premium_bundle,0
317.14395002655806,7,12,0.667298881311149,0.3739502346434729,0.560679059583119,2,15.5,1.5,0.25,385.0,0.0,digital,MX-CENTRAL,bundle,premium_bundle,0
236.7262976635013,5,11,0.8901770643338709,0.39963844664350456,0.2682265917653387,2,15.5,1.5,0.25,385.0,0.0,traditional_trade,CO-ANDES,bundle,premium_bundle,0
266.265866245816,1,25,0.6051455585373869,0.235667897924692,0.5229956675903261,3,18.0,0.0,4.5,0.0,0.0,digital,MX-CENTRAL,human_followup,sales_visit,0
388.65887610494104,5,20,0.8569139983561552,0.3931746728068022,0.34567291776305437,3,9.0,0.0,0.25,310.0,0.0,digital,MX-CENTRAL,product_recommendation,promote_core_pack,1
299.0954203239221,7,5,0.6496136153944897,0.33568124211988404,0.8208032314210861,3,9.0,0.0,0.25,310.0,0.0,modern_trade,MX-NORTH,product_recommendation,promote_core_pack,1
393.7603540316403,6,26,0.8599794175720941,0.4124935610884497,0.44120787663481514,3,15.5,1.5,0.25,385.0,0.0,modern_trade,MX-CENTRAL,bundle,premium_bundle,0
212.86921146793136,5,6,0.7717637009263837,0.3789016563507864,0.38932550085554113,0,15.5,1.5,0.25,385.0,0.0,traditional_trade,MX-NORTH,bundle,premium_bundle,1
382.54621074655057,7,20,0.6337357639992511,0.4942467473735712,0.21725287964949755,1,7.5,2.5,0.2,295.0,0.05,digital,MX-CENTRAL,promotion,targeted_discount,0
289.01023931025173,4,18,0.699093157620345,0.40260181257763455,0.6751227379429496,2,9.0,0.0,0.25,310.0,0.0,digital,CO-ANDES,product_recommendation,promote_core_pack,1
467.70597627656434,0,19,0.6538879458272583,0.46714252531616474,0.5654932337126525,0,15.5,1.5,0.25,385.0,0.0,digital,BR-SE,bundle,premium_bundle,1
382.2129872603504,9,23,0.23219877313601284,0.49302971464227036,0.5964017244586718,2,15.5,1.5,0.25,385.0,0.0,modern_trade,MX-CENTRAL,bundle,premium_bundle,0
354.8993749972698,6,18,0.9821334968435149,0.33280402246734747,0.5164330839762894,1,7.5,2.5,0.2,295.0,0.05,digital,MX-CENTRAL,promotion,targeted_discount,1
267.75574258082355,4,5,0.2667338646941875,0.4466834337037617,0.8395713771455154,2,7.5,2.5,0.2,295.0,0.05,traditional_trade,BR-SE,promotion,targeted_discount,1
411.56519468875626,4,20,0.6915087204811403,0.603782830383828,0.23364184426730497,3,18.0,0.0,4.5,0.0,0.0,modern_trade,CO-ANDES,human_followup,sales_visit,0
369.2880615659031,5,26,0.38589801615391534,0.2934875016286255,0.34131045297126017,3,7.5,2.5,0.2,295.0,0.05,traditional_trade,MX-NORTH,promotion,targeted_discount,1
414.61667405035206,6,14,0.8858807562585873,0.4702954482134653,0.4134342905605187,0,18.0,0.0,4.5,0.0,0.0,modern_trade,CO-ANDES,human_followup,sales_visit,1
360.6502926008315,7,23,0.4379873427162754,0.19496608998171894,0.6657242400217737,2,15.5,1.5,0.25,385.0,0.0,modern_trade,MX-CENTRAL,bundle,premium_bundle,0
214.3780388654072,8,1,0.48625004607520944,0.28141259162747806,0.32691651955799134,2,9.0,0.0,0.25,310.0,0.0,modern_trade,MX-CENTRAL,product_recommendation,promote_core_pack,0
345.1929818793378,3,4,0.8105898055556627,0.090685640481767,0.4358174215836717,0,15.5,1.5,0.25,385.0,0.0,traditional_trade,MX-NORTH,bundle,premium_bundle,1
376.5909122695867,4,11,0.7641617110651497,0.4292712046210094,0.23266144191363325,0,9.0,0.0,0.25,310.0,0.0,digital,MX-NORTH,product_recommendation,promote_core_pack,1
393.68394881207263,4,7,0.505269014562556,0.28180258165622535,0.27667855614903675,0,18.0,0.0,4.5,0.0,0.0,digital,CO-ANDES,human_followup,sales_visit,0
296.67661735098784,6,30,0.6155888915533381,0.8759998816973494,0.7475534134877991,1,18.0,0.0,4.5,0.0,0.0,digital,MX-CENTRAL,human_followup,sales_visit,0
417.44637817836826,0,25,0.7898511345458075,0.558681772124447,0.6983570002048834,1,18.0,0.0,4.5,0.0,0.0,digital,CO-ANDES,human_followup,sales_visit,1
209.1500898057113,8,12,0.787248675570169,0.10834020730635918,0.5431019370325352,1,9.0,0.0,0.25,310.0,0.0,traditional_trade,MX-CENTRAL,product_recommendation,promote_core_pack,1
333.9573852328682,1,8,0.7688463211479625,0.3936636573583431,0.7803804399064437,1,9.0,0.0,0.25,310.0,0.0,digital,MX-CENTRAL,product_recommendation,promote_core_pack,0
334.5439225724853,7,30,0.5734441830350067,0.7320463101570285,0.2529077546015737,0,9.0,0.0,0.25,310.0,0.0,digital,BR-SE,product_recommendation,promote_core_pack,0
330.1699452952824,5,12,0.3892673028763601,0.6625692983627459,0.08586022436474394,0,18.0,0.0,4.5,0.0,0.0,traditional_trade,BR-SE,human_followup,sales_visit,1
404.2098110078832,4,26,0.37302083352829934,0.14321689209668556,0.502229948320911,1,18.0,0.0,4.5,0.0,0.0,digital,MX-CENTRAL,human_followup,sales_visit,0
384.48421114857274,8,7,0.45705395188550374,0.24474894399454897,0.5005473506858447,0,7.5,2.5,0.2,295.0,0.05,traditional_trade,MX-NORTH,promotion,targeted_discount,0
339.4647864988395,9,13,0.5076770711251645,0.7040932038593972,0.7182831494588947,3,18.0,0.0,4.5,0.0,0.0,modern_trade,MX-CENTRAL,human_followup,sales_visit,1
240.14183569824667,7,26,0.6637938231137767,0.37661449863628993,0.3487983084841945,3,18.0,0.0,4.5,0.0,0.0,modern_trade,MX-CENTRAL,human_followup,sales_visit,1
388.4596961859892,5,15,0.3923187077127236,0.38449702985556405,0.6102739667831995,3,15.5,1.5,0.25,385.0,0.0,modern_trade,MX-NORTH,bundle,premium_bundle,0
333.37394976079275,7,13,0.9320578909052122,0.8018102682145446,0.40894546617667504,1,7.5,2.5,0.2,295.0,0.05,digital,MX-NORTH,promotion,targeted_discount,1
308.0099983567129,9,17,0.6897902830274485,0.4825509633596582,0.7203624735610638,2,18.0,0.0,4.5,0.0,0.0,digital,BR-SE,human_followup,sales_visit,1
271.18563582515816,1,10,0.9055525075670225,0.21637528353120403,0.46619783142493126,3,15.5,1.5,0.25,385.0,0.0,traditional_trade,MX-CENTRAL,bundle,premium_bundle,1
450.8790397435023,8,22,0.7187498940722866,0.5801264446164667,0.4683924367966039,0,18.0,0.0,4.5,0.0,0.0,modern_trade,BR-SE,human_followup,sales_visit,1
382.6239265695125,6,13,0.6843499931626137,0.6598833646597424,0.07369409433202281,2,15.5,1.5,0.25,385.0,0.0,digital,BR-SE,bundle,premium_bundle,0
243.5359310063605,5,28,0.7698675949912007,0.3759257094978246,0.31241679103955733,3,9.0,0.0,0.25,310.0,0.0,traditional_trade,MX-NORTH,product_recommendation,promote_core_pack,1
255.9466338778058,4,6,0.4268807577298028,0.822627348522221,0.22736894388045864,1,15.5,1.5,0.25,385.0,0.0,modern_trade,CO-ANDES,bundle,premium_bundle,1
397.70624259419975,3,6,0.38137992052981706,0.6304338936493116,0.4564365271434349,1,18.0,0.0,4.5,0.0,0.0,modern_trade,BR-SE,human_followup,sales_visit,1
261.46604524180185,2,0,0.7351417131673187,0.41367494496475316,0.31421866721213443,2,15.5,1.5,0.25,385.0,0.0,traditional_trade,MX-CENTRAL,bundle,premium_bundle,0
431.0466497200793,2,2,0.6984148698133188,0.5832289415122852,0.25031990323769365,1,18.0,0.0,4.5,0.0,0.0,modern_trade,MX-NORTH,human_followup,sales_visit,1
386.0561582114112,6,30,0.7297280242186511,0.27447155331226003,0.24762448239799117,0,9.0,0.0,0.25,310.0,0.0,traditional_trade,MX-NORTH,product_recommendation,promote_core_pack,1
572.8822659668886,3,17,0.8062871771515132,0.3477600368546085,0.10247549915942072,0,15.5,1.5,0.25,385.0,0.0,digital,BR-SE,bundle,premium_bundle,1
161.89132969879412,3,25,0.7362982102895693,0.17345776044044237,0.2212087830093506,1,15.5,1.5,0.25,385.0,0.0,traditional_trade,CO-ANDES,bundle,premium_bundle,1
176.3077560159866,9,2,0.4966844396803045,0.24370909570362023,0.3118677791541223,3,9.0,0.0,0.25,310.0,0.0,digital,CO-ANDES,product_recommendation,promote_core_pack,0
333.7584452465156,6,2,0.6491388390873397,0.7599646542796762,0.333227295040181,0,9.0,0.0,0.25,310.0,0.0,modern_trade,MX-NORTH,product_recommendation,promote_core_pack,1
268.84406859182343,5,10,0.789777575953954,0.3256258102026225,0.4986151525782386,2,15.5,1.5,0.25,385.0,0.0,traditional_trade,MX-CENTRAL,bundle,premium_bundle,0
383.8408309873247,4,25,0.6550847547655693,0.2727743175898866,0.3517234275343007,3,9.0,0.0,0.25,310.0,0.0,digital,CO-ANDES,product_recommendation,promote_core_pack,1
500.9287195540437,7,26,0.5618804944171145,0.45252540301561506,0.32605912980848883,1,9.0,0.0,0.25,310.0,0.0,digital,BR-SE,product_recommendation,promote_core_pack,1
413.26475399825773,6,1,0.521020244616794,0.4506678124422092,0.2738548721533183,3,18.0,0.0,4.5,0.0,0.0,modern_trade,MX-CENTRAL,human_followup,sales_visit,0
251.5042187056692,5,21,0.7052973389471725,0.28371003360126035,0.21442170558830875,2,9.0,0.0,0.25,310.0,0.0,digital,MX-CENTRAL,product_recommendation,promote_core_pack,0
422.18984327442683,7,23,0.365558374440939,0.1634794497540678,0.11798346542424808,2,7.5,2.5,0.2,295.0,0.05,digital,BR-SE,promotion,targeted_discount,1
434.99602800637314,4,13,0.6250212259792151,0.8318330482617684,0.3711485028345457,1,18.0,0.0,4.5,0.0,0.0,traditional_trade,MX-NORTH,human_followup,sales_visit,0
288.3311172467041,3,4,0.6276340425905321,0.5316770582274786,0.425878849131745,2,15.5,1.5,0.25,385.0,0.0,digital,BR-SE,bundle,premium_bundle,0
330.99589550614604,5,21,0.4401825960147815,0.5235132060285996,0.5370581267755918,1,9.0,0.0,0.25,310.0,0.0,digital,MX-NORTH,product_recommendation,promote_core_pack,1
398.9975353497027,4,27,0.686354650968002,0.1844308698963884,0.29379316951426393,0,18.0,0.0,4.5,0.0,0.0,digital,CO-ANDES,human_followup,sales_visit,1
254.9280313518144,6,30,0.7347442516720283,0.6451678016765399,0.2654591864624982,2,15.5,1.5,0.25,385.0,0.0,digital,CO-ANDES,bundle,premium_bundle,1
356.2479385320941,8,6,0.7342050229078287,0.5227017835518588,0.6072876885794917,1,9.0,0.0,0.25,310.0,0.0,modern_trade,CO-ANDES,product_recommendation,promote_core_pack,1
424.3474196639845,5,0,0.5662746197868769,0.7015236312913645,0.7641710083350766,2,7.5,2.5,0.2,295.0,0.05,modern_trade,BR-SE,promotion,targeted_discount,1
414.620842893828,7,10,0.9551762929646748,0.6533214023047487,0.6532235439967864,3,15.5,1.5,0.25,385.0,0.0,digital,CO-ANDES,bundle,premium_bundle,1
218.38074395300532,5,21,0.4150507347509151,0.2865718489099645,0.22611596856743574,0,18.0,0.0,4.5,0.0,0.0,modern_trade,MX-CENTRAL,human_followup,sales_visit,1
348.4824353007772,4,17,0.3712045203370875,0.5202563587758553,0.4823059668876414,0,18.0,0.0,4.5,0.0,0.0,modern_trade,MX-NORTH,human_followup,sales_visit,0
415.73681025616133,4,7,0.48272088578024624,0.3734885334088819,0.37013564798719123,1,9.0,0.0,0.25,310.0,0.0,digital,MX-CENTRAL,product_recommendation,promote_core_pack,0
176.95931120259465,6,21,0.7033453153871816,0.31508442598290554,0.405554824171125,1,7.5,2.5,0.2,295.0,0.05,traditional_trade,BR-SE,promotion,targeted_discount,1
501.7543743959457,6,3,0.7388874050130086,0.5129922176670617,0.8104985792426848,0,9.0,0.0,0.25,310.0,0.0,digital,MX-CENTRAL,product_recommendation,promote_core_pack,1
523.2043052082481,6,10,0.9547934383242814,0.27845192028706,0.6173886232301382,3,9.0,0.0,0.25,310.0,0.0,traditional_trade,BR-SE,product_recommendation,promote_core_pack,0
449.96194379952055,13,23,0.8114705655861479,0.773266312906825,0.3084250669172503,0,15.5,1.5,0.25,385.0,0.0,digital,MX-NORTH,bundle,premium_bundle,1
316.8136838496496,7,7,0.6070724690671833,0.14806679518227342,0.4151406512418354,3,7.5,2.5,0.2,295.0,0.05,digital,MX-NORTH,promotion,targeted_discount,0
533.3775214565505,6,17,0.8386074604415138,0.2963043008580378,0.4356451733090773,2,9.0,0.0,0.25,310.0,0.0,traditional_trade,MX-CENTRAL,product_recommendation,promote_core_pack,1
274.26180569325334,4,4,0.8038968461316987,0.5203609623049641,0.2397467787790282,0,18.0,0.0,4.5,0.0,0.0,modern_trade,MX-CENTRAL,human_followup,sales_visit,1
167.67015301156613,2,29,0.6816093520265085,0.4634539827871058,0.4523314532770349,0,15.5,1.5,0.25,385.0,0.0,modern_trade,CO-ANDES,bundle,premium_bundle,1
323.64464166699815,6,27,0.48258484773184235,0.6154495314176164,0.10566318795726062,2,7.5,2.5,0.2,295.0,0.05,modern_trade,BR-SE,promotion,targeted_discount,0
310.012195037773,7,16,0.5336250706332691,0.7721748901832027,0.413617856901344,2,7.5,2.5,0.2,295.0,0.05,modern_trade,CO-ANDES,promotion,targeted_discount,1
270.970454436345,6,1,0.9502636631066579,0.688822788362606,0.5774170356464781,3,7.5,2.5,0.2,295.0,0.05,digital,CO-ANDES,promotion,targeted_discount,1
372.5922617729096,4,23,0.9166223173946657,0.44172042690112595,0.40334969837498713,0,7.5,2.5,0.2,295.0,0.05,digital,MX-CENTRAL,promotion,targeted_discount,1
404.31360270812047,4,23,0.7820717263383844,0.7656269868737637,0.6577461048188692,2,9.0,0.0,0.25,310.0,0.0,modern_trade,MX-NORTH,product_recommendation,promote_core_pack,1
242.34782418263526,4,15,0.7971310750970053,0.4036748426585947,0.3617462030838602,3,18.0,0.0,4.5,0.0,0.0,digital,MX-CENTRAL,human_followup,sales_visit,1
281.74361782352037,6,30,0.5409108350230474,0.7456684899009428,0.33347500799215585,2,18.0,0.0,4.5,0.0,0.0,modern_trade,MX-CENTRAL,human_followup,sales_visit,0
168.9211027544301,7,22,0.4498215890761713,0.4915365312773081,0.20140998102552465,0,7.5,2.5,0.2,295.0,0.05,modern_trade,MX-CENTRAL,promotion,targeted_discount,0
273.630231195875,3,6,0.5502253568669312,0.42979320192237735,0.4184328302935397,2,18.0,0.0,4.5,0.0,0.0,digital,CO-ANDES,human_followup,sales_visit,0
485.63111454430805,6,22,0.5647433085783097,0.2670406270904195,0.3892372885114275,2,9.0,0.0,0.25,310.0,0.0,digital,MX-CENTRAL,product_recommendation,promote_core_pack,1
266.18840744746547,5,17,0.8098994031037076,0.545652226694268,0.2293648224920568,2,18.0,0.0,4.5,0.0,0.0,traditional_trade,MX-NORTH,human_followup,sales_visit,0
222.12738273691593,4,26,0.6130588952530107,0.3599293113881527,0.5676259519554312,3,9.0,0.0,0.25,310.0,0.0,modern_trade,MX-NORTH,product_recommendation,promote_core_pack,0
313.3721018813465,7,1,0.46801120907042465,0.5881259901219588,0.3621630538694303,0,15.5,1.5,0.25,385.0,0.0,digital,BR-SE,bundle,premium_bundle,1
388.45383573501147,2,16,0.6040531073573653,0.4377322562909655,0.8149375214347838,3,7.5,2.5,0.2,295.0,0.05,modern_trade,BR-SE,promotion,targeted_discount,0
315.51517913502653,8,28,0.45281045957521415,0.6180902023929851,0.49733539383417197,2,9.0,0.0,0.25,310.0,0.0,traditional_trade,MX-CENTRAL,product_recommendation,promote_core_pack,0
371.25077906036694,5,30,0.44394685211293444,0.48665206630909585,0.4861284642173889,1,9.0,0.0,0.25,310.0,0.0,digital,MX-NORTH,product_recommendation,promote_core_pack,1
366.9965863595404,4,14,0.8874554822751104,0.4384371504217781,0.15600912190211932,1,18.0,0.0,4.5,0.0,0.0,digital,MX-CENTRAL,human_followup,sales_visit,0
435.24362562663725,5,1,0.5867602213217586,0.610017408354288,0.7346427327505336,2,9.0,0.0,0.25,310.0,0.0,traditional_trade,BR-SE,product_recommendation,promote_core_pack,1
433.316005402304,2,5,0.675208290372192,0.19217909174750328,0.2774666824459627,3,9.0,0.0,0.25,310.0,0.0,digital,MX-CENTRAL,product_recommendation,promote_core_pack,1
285.24693079613024,5,7,0.7819639114405875,0.2114376537862335,0.40200473012743787,0,18.0,0.0,4.5,0.0,0.0,digital,MX-CENTRAL,human_followup,sales_visit,1
263.99967530738905,5,21,0.769776767270629,0.27823063683914007,0.46902669612153225,0,9.0,0.0,0.25,310.0,0.0,traditional_trade,MX-CENTRAL,product_recommendation,promote_core_pack,1
202.66661909176105,8,8,0.5008949815630798,0.504622608395802,0.4602032205435004,3,7.5,2.5,0.2,295.0,0.05,digital,MX-NORTH,promotion,targeted_discount,0
300.85820450266385,7,1,0.6439694530195897,0.31795593661622407,0.10454816843383812,1,9.0,0.0,0.25,310.0,0.0,traditional_trade,MX-CENTRAL,product_recommendation,promote_core_pack,1
252.26101634217514,3,4,0.630769869102838,0.21875583258482517,0.4468023047188318,3,15.5,1.5,0.25,385.0,0.0,modern_trade,MX-NORTH,bundle,premium_bundle,0
351.9509258947643,2,22,0.8120529425461052,0.3247013665700181,0.44217693728482454,3,9.0,0.0,0.25,310.0,0.0,modern_trade,CO-ANDES,product_recommendation,promote_core_pack,0
326.69101795878856,6,5,0.4611510948142697,0.3147150906488532,0.25267897075793044,0,7.5,2.5,0.2,295.0,0.05,modern_trade,BR-SE,promotion,targeted_discount,0
242.57713951999207,5,18,0.7151337045259442,0.6442432290349374,0.22548160681482435,1,9.0,0.0,0.25,310.0,0.0,modern_trade,MX-NORTH,product_recommendation,promote_core_pack,1
403.36781278985177,6,12,0.6499715446540196,0.41563710751867095,0.47597314868844964,2,9.0,0.0,0.25,310.0,0.0,modern_trade,MX-CENTRAL,product_recommendation,promote_core_pack,0
306.0835506880154,3,28,0.8054238505445652,0.5276358896807198,0.4362697720069307,2,18.0,0.0,4.5,0.0,0.0,traditional_trade,MX-NORTH,human_followup,sales_visit,1
243.33531680576732,6,4,0.3205010830284866,0.6052398255538768,0.5710846018665849,2,15.5,1.5,0.25,385.0,0.0,modern_trade,MX-NORTH,bundle,premium_bundle,1
278.29892448807504,0,18,0.6328622872687013,0.4091649338518821,0.5992019046390814,0,7.5,2.5,0.2,295.0,0.05,digital,BR-SE,promotion,targeted_discount,0
419.40766314483915,10,8,0.5981921778025524,0.2787574764112594,0.36473414072491794,1,18.0,0.0,4.5,0.0,0.0,traditional_trade,CO-ANDES,human_followup,sales_visit,1
320.1965254413764,1,21,0.8300385623102858,0.13974849703126127,0.2791820953448856,3,7.5,2.5,0.2,295.0,0.05,digital,MX-CENTRAL,promotion,targeted_discount,0
302.04181102166297,6,21,0.6449388897413707,0.38504604355919975,0.3330988679078951,0,7.5,2.5,0.2,295.0,0.05,modern_trade,CO-ANDES,promotion,targeted_discount,1
168.84125807258454,5,1,0.5664804143073914,0.6931756444597117,0.14850574046656514,1,15.5,1.5,0.25,385.0,0.0,digital,BR-SE,bundle,premium_bundle,1
306.0287690355072,7,27,0.5565375838959339,0.5794788872714557,0.27763208789333255,1,7.5,2.5,0.2,295.0,0.05,modern_trade,MX-NORTH,promotion,targeted_discount,0
421.43645223700634,4,7,0.8109676439803033,0.3221477645633225,0.4416816141507038,2,15.5,1.5,0.25,385.0,0.0,digital,BR-SE,bundle,premium_bundle,0
216.46375670911158,6,26,0.661949086491777,0.5458107181011768,0.053000346882643684,1,18.0,0.0,4.5,0.0,0.0,modern_trade,BR-SE,human_followup,sales_visit,1
312.0185387381551,4,13,0.5172379564398633,0.6181506593758954,0.47993208274114796,2,7.5,2.5,0.2,295.0,0.05,traditional_trade,MX-CENTRAL,promotion,targeted_discount,1
358.8695501706348,3,6,0.9103338258529662,0.5495591511430414,0.37130817090676504,0,18.0,0.0,4.5,0.0,0.0,modern_trade,CO-ANDES,human_followup,sales_visit,1
293.6578690869908,3,7,0.7403024948714565,0.6678449480105095,0.24355713779047156,3,15.5,1.5,0.25,385.0,0.0,modern_trade,BR-SE,bundle,premium_bundle,1
341.2877471015177,1,1,0.9301415168259832,0.7445284511775005,0.4288677135826613,1,15.5,1.5,0.25,385.0,0.0,traditional_trade,MX-CENTRAL,bundle,premium_bundle,0
471.5059649936031,11,21,0.6481477188670441,0.22250443455991623,0.8051615796061616,0,18.0,0.0,4.5,0.0,0.0,digital,BR-SE,human_followup,sales_visit,0
356.75343597511494,4,17,0.5541978837880109,0.4192226299238802,0.4588628084646072,0,18.0,0.0,4.5,0.0,0.0,digital,BR-SE,human_followup,sales_visit,1
322.7233796920024,11,23,0.5115557632583281,0.8369139794035091,0.6017920741194814,0,9.0,0.0,0.25,310.0,0.0,digital,BR-SE,product_recommendation,promote_core_pack,0
256.84194133101533,6,8,0.6167810403286128,0.35860626534215645,0.26890195968199526,0,9.0,0.0,0.25,310.0,0.0,modern_trade,MX-CENTRAL,product_recommendation,promote_core_pack,1
461.2782056400872,5,4,0.6072074283051361,0.40306362140037477,0.45912984408983787,1,9.0,0.0,0.25,310.0,0.0,modern_trade,MX-NORTH,product_recommendation,promote_core_pack,1
355.75910404928095,9,16,0.47772047602908174,0.27415023661102206,0.6925618450860429,1,15.5,1.5,0.25,385.0,0.0,digital,MX-NORTH,bundle,premium_bundle,0
444.8929166931091,4,18,0.6438515248241156,0.3166769629339873,0.7084812028518429,3,15.5,1.5,0.25,385.0,0.0,traditional_trade,BR-SE,bundle,premium_bundle,0
106.86253185177179,4,26,0.7718841244252709,0.5699686450268397,0.5305203694181135,3,18.0,0.0,4.5,0.0,0.0,digital,MX-NORTH,human_followup,sales_visit,1
349.63584806671867,6,4,0.7752173027368184,0.47308466147302214,0.20610777026720975,3,18.0,0.0,4.5,0.0,0.0,modern_trade,MX-NORTH,human_followup,sales_visit,0
380.2440537265973,5,11,0.9175358417289985,0.5159198987717449,0.36586578986284346,0,9.0,0.0,0.25,310.0,0.0,digital,MX-CENTRAL,product_recommendation,promote_core_pack,1
226.98767380159148,4,5,0.8689655959170115,0.5881267709928163,0.14068635845453636,1,18.0,0.0,4.5,0.0,0.0,traditional_trade,MX-NORTH,human_followup,sales_visit,1
240.21055060220607,3,0,0.7965358415397928,0.32050664680599333,0.38918894678213195,1,15.5,1.5,0.25,385.0,0.0,modern_trade,MX-CENTRAL,bundle,premium_bundle,1
303.10893903127726,4,30,0.61724330066687,0.1702340278565217,0.4200196120744438,0,9.0,0.0,0.25,310.0,0.0,modern_trade,MX-NORTH,product_recommendation,promote_core_pack,1
389.75716401885995,10,1,0.8761718218096991,0.34350764166091924,0.24433380979946398,1,15.5,1.5,0.25,385.0,0.0,digital,CO-ANDES,bundle,premium_bundle,1
242.04871579179667,10,25,0.39168304417222816,0.79381574111299,0.6720392198423607,0,9.0,0.0,0.25,310.0,0.0,traditional_trade,MX-CENTRAL,product_recommendation,promote_core_pack,1
304.08161547017124,5,27,0.7933853421352989,0.30450092227058684,0.5762228313619802,3,18.0,0.0,4.5,0.0,0.0,traditional_trade,BR-SE,human_followup,sales_visit,1
458.24116798241914,7,5,0.8612692546170674,0.4493632356956468,0.6623914705007562,2,7.5,2.5,0.2,295.0,0.05,digital,CO-ANDES,promotion,targeted_discount,1
207.30702226036863,9,3,0.8986580330158406,0.3874689744048743,0.5643635809678444,2,18.0,0.0,4.5,0.0,0.0,digital,BR-SE,human_followup,sales_visit,0
350.81983429877977,2,12,0.6059394508529912,0.5189058013568587,0.5137208654383205,0,7.5,2.5,0.2,295.0,0.05,traditional_trade,BR-SE,promotion,targeted_discount,1
184.1188624138131,9,27,0.8319480476886145,0.46639870102184205,0.5643761177696501,2,15.5,1.5,0.25,385.0,0.0,modern_trade,CO-ANDES,bundle,premium_bundle,0
438.500025036379,3,3,0.8717055621362972,0.09963911685878368,0.3212438090350967,0,7.5,2.5,0.2,295.0,0.05,digital,CO-ANDES,promotion,targeted_discount,1
304.13363559336767,2,23,0.6615915330290675,0.2320127600246275,0.1797433429203489,1,18.0,0.0,4.5,0.0,0.0,digital,MX-CENTRAL,human_followup,sales_visit,0
453.63403348151814,7,18,0.602181297557878,0.31563007686325584,0.13667940916583465,2,7.5,2.5,0.2,295.0,0.05,digital,MX-NORTH,promotion,targeted_discount,1
358.61301506332416,10,27,0.3990518168631376,0.7380176650085863,0.12663189653879187,0,15.5,1.5,0.25,385.0,0.0,digital,CO-ANDES,bundle,premium_bundle,1
156.52699769496084,4,21,0.3552743577126877,0.5687417045576215,0.5927199610017173,3,7.5,2.5,0.2,295.0,0.05,modern_trade,MX-NORTH,promotion,targeted_discount,0
432.8092597076453,1,13,0.5345716385578206,0.3056853227725701,0.3175652767980542,2,7.5,2.5,0.2,295.0,0.05,digital,CO-ANDES,promotion,targeted_discount,0
347.3695534127611,3,12,0.4251172283245146,0.2787400381456846,0.1574836185633261,3,18.0,0.0,4.5,0.0,0.0,traditional_trade,CO-ANDES,human_followup,sales_visit,0
424.99380673931825,5,21,0.8617590548888551,0.2397644662825878,0.5258277204680405,1,7.5,2.5,0.2,295.0,0.05,digital,MX-CENTRAL,promotion,targeted_discount,1
309.64261597512655,4,20,0.8925446888544047,0.4581406689847091,0.7713602951518835,3,18.0,0.0,4.5,0.0,0.0,traditional_trade,MX-NORTH,human_followup,sales_visit,1
423.17210114020384,4,18,0.36548453747271753,0.2783506942381462,0.06113885415244119,1,9.0,0.0,0.25,310.0,0.0,digital,BR-SE,product_recommendation,promote_core_pack,0
338.5121475591065,4,11,0.37592552887734165,0.07237832109901782,0.45554393340306454,2,15.5,1.5,0.25,385.0,0.0,traditional_trade,BR-SE,bundle,premium_bundle,0
282.37218520946976,5,15,0.5505769341911783,0.28714651619121034,0.6916097650904824,1,9.0,0.0,0.25,310.0,0.0,digital,MX-CENTRAL,product_recommendation,promote_core_pack,0
279.30840825087387,2,30,0.7599927272028708,0.6360224942208719,0.6008502086040297,3,7.5,2.5,0.2,295.0,0.05,digital,CO-ANDES,promotion,targeted_discount,0
297.663215316529,4,23,0.5427355498032994,0.17310193093550974,0.05161607766879991,1,9.0,0.0,0.25,310.0,0.0,digital,BR-SE,product_recommendation,promote_core_pack,0
350.80598412288583,5,30,0.6608670966731542,0.2571736086622265,0.511051900979832,3,9.0,0.0,0.25,310.0,0.0,digital,CO-ANDES,product_recommendation,promote_core_pack,1
374.9503369376921,7,3,0.7965209965493157,0.25958581043026724,0.49908591043966644,0,9.0,0.0,0.25,310.0,0.0,modern_trade,CO-ANDES,product_recommendation,promote_core_pack,1
449.03110293491306,0,11,0.6517109894408509,0.6893819634558918,0.34481564540576387,1,9.0,0.0,0.25,310.0,0.0,traditional_trade,MX-CENTRAL,product_recommendation,promote_core_pack,0
481.777763632811,6,9,0.39256469605751565,0.4285218029252963,0.3124122266903677,3,7.5,2.5,0.2,295.0,0.05,digital,MX-NORTH,promotion,targeted_discount,1
247.56546462274486,4,21,0.5947807629129247,0.42127062603469617,0.2115838290089978,0,7.5,2.5,0.2,295.0,0.05,modern_trade,MX-NORTH,promotion,targeted_discount,0
411.14336246044604,4,19,0.44889444280163826,0.4999061067986919,0.7789208733055377,2,7.5,2.5,0.2,295.0,0.05,modern_trade,CO-ANDES,promotion,targeted_discount,0
329.34326610601704,4,27,0.30006106423384066,0.48891841658073226,0.15687176822685964,0,18.0,0.0,4.5,0.0,0.0,modern_trade,MX-NORTH,human_followup,sales_visit,1
223.15638759360533,5,19,0.35941443567620984,0.10276055910400855,0.28482230918279255,3,9.0,0.0,0.25,310.0,0.0,modern_trade,CO-ANDES,product_recommendation,promote_core_pack,0
342.6418949532232,8,4,0.636424414540166,0.441259089750285,0.6941019933399398,0,7.5,2.5,0.2,295.0,0.05,modern_trade,MX-CENTRAL,promotion,targeted_discount,0
377.37870736145794,6,10,0.941838211057675,0.23953941441286328,0.28485275242606256,0,7.5,2.5,0.2,295.0,0.05,traditional_trade,BR-SE,promotion,targeted_discount,1
335.73363811576826,2,18,0.852470645200061,0.7936753898416141,0.7835623575881725,2,18.0,0.0,4.5,0.0,0.0,traditional_trade,MX-CENTRAL,human_followup,sales_visit,0
309.9187812269865,7,20,0.748161712050151,0.2448016806039623,0.5167808428982308,1,9.0,0.0,0.25,310.0,0.0,traditional_trade,BR-SE,product_recommendation,promote_core_pack,1
342.8789425985782,8,21,0.6480494258426173,0.6183942194715778,0.4248853519475113,3,7.5,2.5,0.2,295.0,0.05,traditional_trade,CO-ANDES,promotion,targeted_discount,1
330.6790912571751,8,6,0.8981125047678791,0.5663693403629478,0.5051201710710556,0,18.0,0.0,4.5,0.0,0.0,digital,BR-SE,human_followup,sales_visit,1
96.62282147692284,4,22,0.6247869950777002,0.3155100642723208,0.4150300764521512,3,15.5,1.5,0.25,385.0,0.0,traditional_trade,MX-CENTRAL,bundle,premium_bundle,0
321.0931344399361,4,17,0.7640139911696789,0.5255871297526075,0.7591138794277993,1,18.0,0.0,4.5,0.0,0.0,traditional_trade,CO-ANDES,human_followup,sales_visit,1
466.54069780361107,4,24,0.8916274423394237,0.5088332162212797,0.6377981990908862,3,18.0,0.0,4.5,0.0,0.0,modern_trade,MX-NORTH,human_followup,sales_visit,0
498.40199988839197,7,10,0.5642654373077552,0.034436739142984354,0.7247939282794346,3,15.5,1.5,0.25,385.0,0.0,traditional_trade,BR-SE,bundle,premium_bundle,1
324.40671770886433,6,3,0.5924198255354931,0.4395529397507244,0.25730298170264704,3,18.0,0.0,4.5,0.0,0.0,modern_trade,BR-SE,human_followup,sales_visit,1
267.5974415377531,6,29,0.7076369968357495,0.29172123587017035,0.3694313710102579,0,18.0,0.0,4.5,0.0,0.0,modern_trade,MX-CENTRAL,human_followup,sales_visit,1
275.28146885236873,5,22,0.8688780747174021,0.16907671967668125,0.4918890475058911,1,7.5,2.5,0.2,295.0,0.05,digital,MX-CENTRAL,promotion,targeted_discount,1
236.59141192480388,4,17,0.6713416494383063,0.5153655195526131,0.3763129426853693,2,18.0,0.0,4.5,0.0,0.0,modern_trade,BR-SE,human_followup,sales_visit,0
396.7301780512488,10,5,0.7155615653107831,0.517297034590031,0.20768308483163708,2,7.5,2.5,0.2,295.0,0.05,modern_trade,BR-SE,promotion,targeted_discount,1
419.81183716853656,5,19,0.5222332116631339,0.8603026320389813,0.48860134641545333,3,9.0,0.0,0.25,310.0,0.0,digital,MX-NORTH,product_recommendation,promote_core_pack,0
259.46543751236004,5,3,0.8354046353094132,0.2719621829595896,0.40119617951324293,3,18.0,0.0,4.5,0.0,0.0,modern_trade,BR-SE,human_followup,sales_visit,1
342.5952046190703,7,0,0.9836405794731872,0.22167132009055412,0.27884181374169065,2,18.0,0.0,4.5,0.0,0.0,modern_trade,CO-ANDES,human_followup,sales_visit,0
334.2279565627909,5,17,0.9442695566203336,0.16518016144509257,0.5672276204843728,2,9.0,0.0,0.25,310.0,0.0,modern_trade,BR-SE,product_recommendation,promote_core_pack,1
286.61252784288126,2,26,0.5558044353903696,0.2560189415207971,0.7503767104021389,0,15.5,1.5,0.25,385.0,0.0,digital,BR-SE,bundle,premium_bundle,0
361.966250194143,6,9,0.9048968284000894,0.7564102350833344,0.5346866202500364,1,7.5,2.5,0.2,295.0,0.05,digital,BR-SE,promotion,targeted_discount,1
398.15265234153804,1,7,0.7736666717951485,0.36799443044713115,0.4319038838330237,2,15.5,1.5,0.25,385.0,0.0,traditional_trade,CO-ANDES,bundle,premium_bundle,1
275.72102381795315,3,16,0.586315139192951,0.6351187672395757,0.3281147883184253,2,7.5,2.5,0.2,295.0,0.05,traditional_trade,CO-ANDES,promotion,targeted_discount,0
466.52692860140166,2,13,0.8841989047263911,0.6563185872744758,0.42262848966063443,0,9.0,0.0,0.25,310.0,0.0,digital,MX-NORTH,product_recommendation,promote_core_pack,1
209.07656485627132,3,0,0.6543531643200903,0.5810950069888272,0.43823030662338663,3,9.0,0.0,0.25,310.0,0.0,modern_trade,MX-CENTRAL,product_recommendation,promote_core_pack,1
187.04651068664722,5,22,0.6379468357870863,0.460048595758898,0.1720214703741876,1,7.5,2.5,0.2,295.0,0.05,traditional_trade,CO-ANDES,promotion,targeted_discount,1
253.0601201767961,3,29,0.43469850854436665,0.36445278895347055,0.3521056983749372,3,15.5,1.5,0.25,385.0,0.0,traditional_trade,BR-SE,bundle,premium_bundle,0
584.6803231088421,1,11,0.6816725083804754,0.17230503296833835,0.8960969877560084,2,7.5,2.5,0.2,295.0,0.05,digital,MX-CENTRAL,promotion,targeted_discount,1
189.64989048027988,4,13,0.8495169315940037,0.4478885167145272,0.7310729226287445,2,15.5,1.5,0.25,385.0,0.0,digital,MX-NORTH,bundle,premium_bundle,1
334.15861009781327,4,14,0.5731571962269395,0.2852587985399442,0.16177267320951522,3,7.5,2.5,0.2,295.0,0.05,modern_trade,BR-SE,promotion,targeted_discount,0
419.635364206077,5,28,0.8405658448640763,0.48240790074953216,0.1705205953862594,0,18.0,0.0,4.5,0.0,0.0,modern_trade,BR-SE,human_followup,sales_visit,1
277.3580274070282,7,9,0.6186530311313946,0.4171077000507744,0.3104624042982799,1,7.5,2.5,0.2,295.0,0.05,traditional_trade,MX-CENTRAL,promotion,targeted_discount,0
536.3351237686968,4,6,0.771012343250644,0.3103413735932261,0.5976098740833419,3,15.5,1.5,0.25,385.0,0.0,modern_trade,CO-ANDES,bundle,premium_bundle,0
421.16533600036655,4,2,0.6161911537568424,0.18720320543531674,0.7055848425849106,0,15.5,1.5,0.25,385.0,0.0,traditional_trade,CO-ANDES,bundle,premium_bundle,0
239.8869187041473,3,29,0.9184436477087659,0.15424091056403158,0.18210400221461617,0,15.5,1.5,0.25,385.0,0.0,traditional_trade,CO-ANDES,bundle,premium_bundle,1
403.7856524023497,3,2,0.7643008360294061,0.168002158339005,0.6208895639013362,0,7.5,2.5,0.2,295.0,0.05,digital,MX-NORTH,promotion,targeted_discount,0
276.9564776102671,1,28,0.6486218306806137,0.18832287509580542,0.43835291874818283,2,15.5,1.5,0.25,385.0,0.0,modern_trade,BR-SE,bundle,premium_bundle,0
354.4214012189594,4,13,0.48349762826579223,0.2843952301674008,0.6162903497922774,2,9.0,0.0,0.25,310.0,0.0,digital,CO-ANDES,product_recommendation,promote_core_pack,1
308.0082571570678,9,6,0.9479209036075301,0.6264901051653475,0.7069274245269335,3,9.0,0.0,0.25,310.0,0.0,traditional_trade,MX-NORTH,product_recommendation,promote_core_pack,1
329.50975857446343,4,25,0.546178435812036,0.21865884537457675,0.2320380294211878,0,15.5,1.5,0.25,385.0,0.0,modern_trade,CO-ANDES,bundle,premium_bundle,1
239.63235963678903,5,3,0.949921923256219,0.665787346353503,0.7564664300464753,0,9.0,0.0,0.25,310.0,0.0,modern_trade,BR-SE,product_recommendation,promote_core_pack,1
450.440275342205,3,13,0.7125357963064406,0.33325356613355284,0.5809785714296439,2,18.0,0.0,4.5,0.0,0.0,traditional_trade,MX-NORTH,human_followup,sales_visit,0
237.29390217861078,2,18,0.7340695458386179,0.10529831997703631,0.3658968641312656,1,18.0,0.0,4.5,0.0,0.0,digital,BR-SE,human_followup,sales_visit,0
368.6922315941571,6,24,0.5933585786132912,0.7662213371608056,0.2996586606595776,2,15.5,1.5,0.25,385.0,0.0,modern_trade,MX-CENTRAL,bundle,premium_bundle,0
244.5659569481429,6,4,0.603747440048928,0.6525700627519697,0.4646202291147367,3,9.0,0.0,0.25,310.0,0.0,modern_trade,CO-ANDES,product_recommendation,promote_core_pack,1
319.4317102278434,2,25,0.5778066755995557,0.7449290739909448,0.3943605536022952,0,9.0,0.0,0.25,310.0,0.0,modern_trade,BR-SE,product_recommendation,promote_core_pack,1
396.56660549815825,2,28,0.28297762679171107,0.6511990130145761,0.271651370999964,2,18.0,0.0,4.5,0.0,0.0,digital,CO-ANDES,human_followup,sales_visit,0
271.93857338723404,7,0,0.642464884124433,0.6169430834776631,0.18751526103779115,0,18.0,0.0,4.5,0.0,0.0,modern_trade,CO-ANDES,human_followup,sales_visit,0
367.92171531538185,9,1,0.6698664377776103,0.6841211143547606,0.24823304565663282,1,9.0,0.0,0.25,310.0,0.0,traditional_trade,MX-NORTH,product_recommendation,promote_core_pack,1
330.6277228010777,4,27,0.5180656450687151,0.8299832213792142,0.09184820370324076,3,9.0,0.0,0.25,310.0,0.0,modern_trade,BR-SE,product_recommendation,promote_core_pack,0
284.82616330392244,5,20,0.48921085752482907,0.6047925531518309,0.27859033136254224,1,7.5,2.5,0.2,295.0,0.05,modern_trade,MX-NORTH,promotion,targeted_discount,0
245.430572275612,6,8,0.3139852496032847,0.3167354734884497,0.2564397243507764,1,15.5,1.5,0.25,385.0,0.0,modern_trade,MX-NORTH,bundle,premium_bundle,0
346.59897837162487,4,14,0.5666390679653898,0.7587511862849726,0.25887252985409376,2,9.0,0.0,0.25,310.0,0.0,digital,CO-ANDES,product_recommendation,promote_core_pack,1
318.965285407833,6,11,0.49244660424898323,0.7776526014521191,0.3493264290991535,0,7.5,2.5,0.2,295.0,0.05,modern_trade,MX-CENTRAL,promotion,targeted_discount,0
424.38323265038434,5,2,0.7605884899229404,0.33926783540409555,0.6596207074845978,2,18.0,0.0,4.5,0.0,0.0,traditional_trade,BR-SE,human_followup,sales_visit,1
523.1760142259332,5,26,0.7990714598479498,0.23932359989088905,0.7818892951226031,1,7.5,2.5,0.2,295.0,0.05,traditional_trade,BR-SE,promotion,targeted_discount,1
353.1669729525747,3,12,0.5083183982732353,0.5569629143526204,0.12781067615991615,0,7.5,2.5,0.2,295.0,0.05,modern_trade,CO-ANDES,promotion,targeted_discount,1
208.73105918968878,5,21,0.6154935639663294,0.08139713440192528,0.4952224683328895,3,7.5,2.5,0.2,295.0,0.05,digital,MX-CENTRAL,promotion,targeted_discount,0
290.2790571681304,8,15,0.6246357204983206,0.660330339311218,0.789269469659872,2,18.0,0.0,4.5,0.0,0.0,traditional_trade,BR-SE,human_followup,sales_visit,1
310.04205150027445,9,17,0.5737668420726981,0.45106355013704635,0.20611023552207772,3,9.0,0.0,0.25,310.0,0.0,modern_trade,MX-NORTH,product_recommendation,promote_core_pack,1
390.9136406502182,3,3,0.6535069122191601,0.4764422337018538,0.4183656851833237,0,15.5,1.5,0.25,385.0,0.0,digital,CO-ANDES,bundle,premium_bundle,1
374.9595214914214,4,13,0.6661711182338476,0.3934030455738331,0.12077612770803373,0,9.0,0.0,0.25,310.0,0.0,traditional_trade,CO-ANDES,product_recommendation,promote_core_pack,1
602.693677682902,2,19,0.6997731399285505,0.7969077823005872,0.33957587598672895,0,7.5,2.5,0.2,295.0,0.05,modern_trade,MX-CENTRAL,promotion,targeted_discount,1
367.1890056362048,4,6,0.6485819723249443,0.5374393466879046,0.16103398331409433,3,18.0,0.0,4.5,0.0,0.0,traditional_trade,CO-ANDES,human_followup,sales_visit,1
303.3148913464326,6,4,0.8487889754223624,0.4723155872940256,0.81472969690649,0,7.5,2.5,0.2,295.0,0.05,modern_trade,BR-SE,promotion,targeted_discount,1
256.25199143070085,3,8,0.9456291333213681,0.35563111966250915,0.7218165810396672,0,9.0,0.0,0.25,310.0,0.0,traditional_trade,BR-SE,product_recommendation,promote_core_pack,1
275.9567826934514,4,10,0.7979633175614355,0.6562500841989098,0.29229592103386853,1,18.0,0.0,4.5,0.0,0.0,digital,BR-SE,human_followup,sales_visit,1
240.58613513171503,6,8,0.770005253233183,0.2209210574098393,0.3065682493291121,0,7.5,2.5,0.2,295.0,0.05,modern_trade,MX-NORTH,promotion,targeted_discount,1
253.98687964694778,3,0,0.48297390391249956,0.4043345036109727,0.4071080971838292,0,18.0,0.0,4.5,0.0,0.0,modern_trade,MX-NORTH,human_followup,sales_visit,0
302.4092638487537,5,7,0.5844799981451724,0.15043711518346747,0.465473709451461,1,15.5,1.5,0.25,385.0,0.0,traditional_trade,MX-CENTRAL,bundle,premium_bundle,0
292.87237739083446,2,11,0.7604574749275105,0.677329861912234,0.3505903342652531,3,15.5,1.5,0.25,385.0,0.0,modern_trade,MX-CENTRAL,bundle,premium_bundle,0
291.64537444295365,9,3,0.8865834595034537,0.4669406428014272,0.25281470237760173,3,9.0,0.0,0.25,310.0,0.0,digital,BR-SE,product_recommendation,promote_core_pack,1
103.31201436720372,7,29,0.8369841533583632,0.33612300763879477,0.7411283032825483,0,15.5,1.5,0.25,385.0,0.0,modern_trade,BR-SE,bundle,premium_bundle,1
315.41394913811905,7,12,0.6767501887990803,0.438421355078574,0.5762431607897112,1,18.0,0.0,4.5,0.0,0.0,digital,CO-ANDES,human_followup,sales_visit,0
277.18298831596155,4,15,0.8068834281764281,0.6936240029152707,0.6032738118512061,0,7.5,2.5,0.2,295.0,0.05,digital,MX-NORTH,promotion,targeted_discount,1
273.65756111838004,3,28,0.7695565100236148,0.5062227475335139,0.2969390252971168,3,18.0,0.0,4.5,0.0,0.0,modern_trade,MX-CENTRAL,human_followup,sales_visit,0
307.2516994838333,5,9,0.7025831659602124,0.595605137657301,0.6488588701018944,2,18.0,0.0,4.5,0.0,0.0,modern_trade,MX-NORTH,human_followup,sales_visit,1
375.6294838108187,4,9,0.8775216853407231,0.3287528120194847,0.3182490877112753,0,18.0,0.0,4.5,0.0,0.0,modern_trade,BR-SE,human_followup,sales_visit,1
232.65562247462856,5,15,0.6177583048551024,0.44862436894616836,0.28238684009287657,2,9.0,0.0,0.25,310.0,0.0,modern_trade,MX-CENTRAL,product_recommendation,promote_core_pack,0
376.7723610299113,2,28,0.5596877036584893,0.28365304891419063,0.04836813421807953,3,7.5,2.5,0.2,295.0,0.05,modern_trade,MX-CENTRAL,promotion,targeted_discount,0
308.88402732246215,2,23,0.45558364625115133,0.4851740931123888,0.7914308357155966,1,7.5,2.5,0.2,295.0,0.05,modern_trade,MX-CENTRAL,promotion,targeted_discount,0
313.9461478091195,5,23,0.5344190983294922,0.3236560083932862,0.17358114479552822,0,15.5,1.5,0.25,385.0,0.0,traditional_trade,CO-ANDES,bundle,premium_bundle,0
388.2211373156757,5,1,0.2982351054422912,0.5089663513606267,0.0976746145674576,2,15.5,1.5,0.25,385.0,0.0,modern_trade,BR-SE,bundle,premium_bundle,0
391.34126658380666,4,16,0.7958784399416828,0.8858328206931857,0.7003652246881824,3,15.5,1.5,0.25,385.0,0.0,digital,BR-SE,bundle,premium_bundle,0
384.4760034760805,6,15,0.34892580578619725,0.5110238006765747,0.6995718108720768,3,18.0,0.0,4.5,0.0,0.0,digital,MX-NORTH,human_followup,sales_visit,1
435.3296252774825,3,9,0.9583364156327915,0.375264999634135,0.6011126853259896,0,7.5,2.5,0.2,295.0,0.05,modern_trade,MX-NORTH,promotion,targeted_discount,1
336.6267187841034,5,3,0.8708135135282931,0.6215147948643291,0.3624224549792828,2,9.0,0.0,0.25,310.0,0.0,modern_trade,MX-CENTRAL,product_recommendation,promote_core_pack,1
236.9508071023759,10,7,0.8022597227969508,0.7715259525713274,0.46161270911033314,1,18.0,0.0,4.5,0.0,0.0,digital,CO-ANDES,human_followup,sales_visit,1
365.14522991396785,3,26,0.607421744258958,0.3067191092634273,0.5043395169859642,0,18.0,0.0,4.5,0.0,0.0,digital,MX-NORTH,human_followup,sales_visit,0
206.73475353212768,4,9,0.4539137316707512,0.46184573222438635,0.30410579967782364,2,7.5,2.5,0.2,295.0,0.05,traditional_trade,MX-CENTRAL,promotion,targeted_discount,0
309.9173521723648,4,15,0.9009610923803523,0.622366601169523,0.3782326227305767,1,18.0,0.0,4.5,0.0,0.0,traditional_trade,MX-NORTH,human_followup,sales_visit,0
180.41612759939812,2,29,0.5192842242677179,0.7032087958655613,0.09002469570817112,0,15.5,1.5,0.25,385.0,0.0,modern_trade,BR-SE,bundle,premium_bundle,0
348.94642885532625,9,14,0.559642438521376,0.34597564478419024,0.20703868448006002,3,18.0,0.0,4.5,0.0,0.0,modern_trade,CO-ANDES,human_followup,sales_visit,0
274.3867366913318,9,30,0.7840020664143126,0.2517222070816005,0.49259930072519886,0,18.0,0.0,4.5,0.0,0.0,digital,MX-CENTRAL,human_followup,sales_visit,1
399.64952027350756,4,20,0.5344616649979266,0.38294583776366486,0.5141082719704715,1,15.5,1.5,0.25,385.0,0.0,modern_trade,CO-ANDES,bundle,premium_bundle,0
315.36426128991445,2,10,0.791057980934113,0.3615982498587014,0.02676431540485132,3,18.0,0.0,4.5,0.0,0.0,digital,BR-SE,human_followup,sales_visit,0
308.8984497262649,3,22,0.8569495979746334,0.4520764859671415,0.16414868933902182,3,9.0,0.0,0.25,310.0,0.0,digital,MX-NORTH,product_recommendation,promote_core_pack,1
431.19459992122955,2,30,0.6790123237028532,0.5217451039013139,0.26336035435676897,0,9.0,0.0,0.25,310.0,0.0,digital,BR-SE,product_recommendation,promote_core_pack,1
321.45674887079315,4,24,0.6409979659103822,0.061899039982820966,0.22608192334880675,2,9.0,0.0,0.25,310.0,0.0,digital,CO-ANDES,product_recommendation,promote_core_pack,0
324.56121927157193,7,6,0.6054632951801564,0.14552928720550914,0.6408228748474122,0,15.5,1.5,0.25,385.0,0.0,modern_trade,CO-ANDES,bundle,premium_bundle,1
327.31529631688386,10,30,0.723845686918018,0.4516427215750163,0.44729978780530155,1,9.0,0.0,0.25,310.0,0.0,digital,MX-CENTRAL,product_recommendation,promote_core_pack,1
387.03605631293505,6,21,0.6670390792452484,0.39542320836193756,0.31728106518841476,3,15.5,1.5,0.25,385.0,0.0,digital,CO-ANDES,bundle,premium_bundle,0
233.24756133660685,12,30,0.7130475620626606,0.42024464308169224,0.2686324366679269,0,7.5,2.5,0.2,295.0,0.05,traditional_trade,MX-NORTH,promotion,targeted_discount,1
330.9710838057116,4,30,0.6422650163465362,0.3180977574813833,0.3298168428761467,3,9.0,0.0,0.25,310.0,0.0,modern_trade,MX-CENTRAL,product_recommendation,promote_core_pack,1
288.6540982780656,5,3,0.904598021751618,0.39238167206306007,0.27696595733440615,0,15.5,1.5,0.25,385.0,0.0,traditional_trade,MX-CENTRAL,bundle,premium_bundle,0
239.323764807621,6,25,0.7258791092434412,0.6477631957882728,0.6115780216462718,0,15.5,1.5,0.25,385.0,0.0,modern_trade,MX-CENTRAL,bundle,premium_bundle,0
312.9819111820876,5,25,0.7755356584998834,0.36932657129194163,0.7741522339911702,3,18.0,0.0,4.5,0.0,0.0,modern_trade,CO-ANDES,human_followup,sales_visit,0
496.216356236922,6,9,0.654340443407505,0.19419683264037826,0.7231313484363691,3,15.5,1.5,0.25,385.0,0.0,traditional_trade,MX-NORTH,bundle,premium_bundle,0
224.45228596713383,4,9,0.7132675164132861,0.4660399508467026,0.7065588817441556,2,18.0,0.0,4.5,0.0,0.0,digital,MX-CENTRAL,human_followup,sales_visit,0
389.1776342560671,7,5,0.8436435301233751,0.10286911516215458,0.48069885385006955,2,15.5,1.5,0.25,385.0,0.0,traditional_trade,BR-SE,bundle,premium_bundle,1
273.7657948239972,4,11,0.9045056135037397,0.441651488051104,0.13425884094782678,0,18.0,0.0,4.5,0.0,0.0,modern_trade,MX-NORTH,human_followup,sales_visit,0
220.10052040986628,6,28,0.5047517646625005,0.37183316966737096,0.35060180220238946,2,18.0,0.0,4.5,0.0,0.0,digital,MX-NORTH,human_followup,sales_visit,1
464.21526448514055,8,6,0.8298250549362153,0.4238822996318807,0.4116098892771621,2,15.5,1.5,0.25,385.0,0.0,digital,MX-CENTRAL,bundle,premium_bundle,0
276.00510735460193,5,23,0.6399245741668358,0.24690956818176438,0.6394908944661066,2,15.5,1.5,0.25,385.0,0.0,digital,MX-NORTH,bundle,premium_bundle,0
365.5681963637184,2,28,0.5507255006804557,0.637016885730158,0.6814368146963216,0,15.5,1.5,0.25,385.0,0.0,digital,MX-NORTH,bundle,premium_bundle,1
331.600133209389,6,25,0.3626379722354768,0.17314703598628137,0.24724083262433622,3,18.0,0.0,4.5,0.0,0.0,traditional_trade,MX-NORTH,human_followup,sales_visit,0
402.29141227216223,6,8,0.7798469227578055,0.32844338871893325,0.18390435538885666,2,7.5,2.5,0.2,295.0,0.05,modern_trade,CO-ANDES,promotion,targeted_discount,1
461.2449340800446,1,19,0.4712461451186785,0.3949669629640744,0.21791288902323055,0,18.0,0.0,4.5,0.0,0.0,digital,BR-SE,human_followup,sales_visit,0
400.8008526479282,8,11,0.7767115018445135,0.34390977026801467,0.4064009603088915,1,18.0,0.0,4.5,0.0,0.0,modern_trade,MX-NORTH,human_followup,sales_visit,1
263.09500100739604,9,23,0.8227982556543062,0.5615013329714171,0.22494002415054368,2,15.5,1.5,0.25,385.0,0.0,digital,MX-CENTRAL,bundle,premium_bundle,0
130.95609152720212,2,17,0.6291355105406672,0.21210579574242014,0.4129078738506472,0,7.5,2.5,0.2,295.0,0.05,digital,MX-NORTH,promotion,targeted_discount,0
284.1051698196171,5,22,0.8052419259278862,0.3808835136855091,0.44016925711880683,2,9.0,0.0,0.25,310.0,0.0,modern_trade,MX-NORTH,product_recommendation,promote_core_pack,0
197.264251164245,3,15,0.7723243546285041,0.32849421549754115,0.7944578097806934,0,15.5,1.5,0.25,385.0,0.0,traditional_trade,CO-ANDES,bundle,premium_bundle,0
357.53486957731155,5,14,0.3366443972986154,0.5585486085422005,0.33641539138039833,0,18.0,0.0,4.5,0.0,0.0,traditional_trade,CO-ANDES,human_followup,sales_visit,0
241.83366956742208,7,23,0.7558154996606915,0.5291409221542034,0.27631671422169723,1,15.5,1.5,0.25,385.0,0.0,digital,CO-ANDES,bundle,premium_bundle,0
375.25411103021787,2,6,0.6716020431147313,0.7465945290505542,0.1834122486589444,1,7.5,2.5,0.2,295.0,0.05,traditional_trade,MX-NORTH,promotion,targeted_discount,0
292.54592687715626,1,15,0.32132532861575425,0.7009666771692741,0.34426248728889997,2,7.5,2.5,0.2,295.0,0.05,traditional_trade,BR-SE,promotion,targeted_discount,0
320.8097287515617,7,28,0.9205039162247661,0.5950234857898852,0.1533181752222262,3,9.0,0.0,0.25,310.0,0.0,modern_trade,MX-CENTRAL,product_recommendation,promote_core_pack,1
305.021313714745,10,11,0.5410364057032899,0.26523159722159495,0.24926688508026573,0,18.0,0.0,4.5,0.0,0.0,digital,BR-SE,human_followup,sales_visit,1
429.75279921922623,3,30,0.7122615388008867,0.5531539585935306,0.13450683087372242,1,18.0,0.0,4.5,0.0,0.0,traditional_trade,CO-ANDES,human_followup,sales_visit,0
316.889019671332,5,1,0.3540152839704546,0.6304220420337876,0.4164849192665918,3,18.0,0.0,4.5,0.0,0.0,traditional_trade,CO-ANDES,human_followup,sales_visit,0
296.6584424584271,6,16,0.5351338198283261,0.44406486422838914,0.15788213720840633,3,7.5,2.5,0.2,295.0,0.05,digital,CO-ANDES,promotion,targeted_discount,1
349.5916196915377,2,14,0.8744789158607905,0.29249907285614213,0.19445729205835705,3,15.5,1.5,0.25,385.0,0.0,traditional_trade,MX-NORTH,bundle,premium_bundle,0
380.5440791253467,6,23,0.42529782255888665,0.36658164283196626,0.45828336251778734,0,9.0,0.0,0.25,310.0,0.0,traditional_trade,CO-ANDES,product_recommendation,promote_core_pack,0
388.22483618518027,6,13,0.3946199435327212,0.9106436274322153,0.25302335349605765,2,15.5,1.5,0.25,385.0,0.0,modern_trade,CO-ANDES,bundle,premium_bundle,0
384.51081575437286,2,8,0.4683558010187035,0.6096174852846048,0.5750510269084111,1,15.5,1.5,0.25,385.0,0.0,digital,MX-NORTH,bundle,premium_bundle,0
326.18954483193244,6,7,0.6689684983248865,0.3213521828475557,0.1159432445273756,3,7.5,2.5,0.2,295.0,0.05,traditional_trade,MX-NORTH,promotion,targeted_discount,0
442.77584103865735,4,21,0.5947864231271178,0.6622199652521932,0.17328535878226564,1,15.5,1.5,0.25,385.0,0.0,digital,BR-SE,bundle,premium_bundle,0
295.1310454938909,5,10,0.7836369947828383,0.2656038175229233,0.23292754066068028,1,7.5,2.5,0.2,295.0,0.05,traditional_trade,MX-NORTH,promotion,targeted_discount,1
406.62296952850556,3,14,0.41659198310940465,0.10047916267723392,0.2994389472167781,0,18.0,0.0,4.5,0.0,0.0,traditional_trade,BR-SE,human_followup,sales_visit,0
375.23977833251774,3,18,0.8694253448532442,0.5757130707441407,0.4826239070365667,3,9.0,0.0,0.25,310.0,0.0,traditional_trade,CO-ANDES,product_recommendation,promote_core_pack,1
337.74264717672736,5,21,0.3776190941311752,0.37891117535965047,0.3833498116069062,0,9.0,0.0,0.25,310.0,0.0,digital,BR-SE,product_recommendation,promote_core_pack,0
385.1689209612331,7,2,0.7212417863555091,0.7572273746156882,0.6147978676688329,1,9.0,0.0,0.25,310.0,0.0,modern_trade,BR-SE,product_recommendation,promote_core_pack,1
271.462876572576,4,2,0.32272432489507336,0.6138734357441725,0.6567374224239284,2,7.5,2.5,0.2,295.0,0.05,digital,MX-NORTH,promotion,targeted_discount,0
324.9079952974412,4,15,0.3201447541885882,0.618000511744153,0.5021174745000329,1,9.0,0.0,0.25,310.0,0.0,digital,CO-ANDES,product_recommendation,promote_core_pack,1
452.61508349100376,13,25,0.9095240926501169,0.2221963462856549,0.38384232158011133,3,7.5,2.5,0.2,295.0,0.05,modern_trade,CO-ANDES,promotion,targeted_discount,1
414.6400956914001,6,10,0.8822369614621385,0.2166591126291221,0.6320138026012915,2,9.0,0.0,0.25,310.0,0.0,digital,MX-CENTRAL,product_recommendation,promote_core_pack,1
313.8022032711549,3,21,0.7181706622105999,0.16850866443328477,0.6819337002934475,3,7.5,2.5,0.2,295.0,0.05,traditional_trade,MX-NORTH,promotion,targeted_discount,1
324.94245509562734,8,25,0.9270154551594704,0.6082476816748031,0.4520509837268197,1,9.0,0.0,0.25,310.0,0.0,digital,MX-NORTH,product_recommendation,promote_core_pack,1
289.227116980138,4,23,0.4931770678274163,0.4239009381595916,0.33518359665188746,0,9.0,0.0,0.25,310.0,0.0,digital,CO-ANDES,product_recommendation,promote_core_pack,1
316.217214217101,4,14,0.4542923978914862,0.6114124423892278,0.20974248123476308,3,7.5,2.5,0.2,295.0,0.05,digital,MX-CENTRAL,promotion,targeted_discount,0
359.31069530554896,7,28,0.4985146869713722,0.5831249181970274,0.31754283555740187,2,7.5,2.5,0.2,295.0,0.05,traditional_trade,CO-ANDES,promotion,targeted_discount,0
387.4791629442205,4,8,0.7111703307508054,0.19423876020932793,0.3815992062187914,2,18.0,0.0,4.5,0.0,0.0,digital,MX-CENTRAL,human_followup,sales_visit,0
330.6261047172817,6,29,0.6821540522931491,0.5536565783572862,0.4394511508924951,3,7.5,2.5,0.2,295.0,0.05,traditional_trade,BR-SE,promotion,targeted_discount,0
346.49148320698924,6,12,0.694417408023314,0.19560781587389375,0.1186149964493919,0,15.5,1.5,0.25,385.0,0.0,digital,CO-ANDES,bundle,premium_bundle,1
374.7836597844917,8,12,0.5965782796911788,0.6136938251610381,0.2941666018877837,0,15.5,1.5,0.25,385.0,0.0,traditional_trade,MX-CENTRAL,bundle,premium_bundle,0
348.2838599258244,5,20,0.7862714046159522,0.5695534355197261,0.5994870178050424,0,15.5,1.5,0.25,385.0,0.0,traditional_trade,BR-SE,bundle,premium_bundle,1
256.16801481240583,7,9,0.36458763647018877,0.350971059456239,0.5473900314564887,3,15.5,1.5,0.25,385.0,0.0,digital,MX-NORTH,bundle,premium_bundle,0
219.68164746566634,4,13,0.9399400385037091,0.2470062298641663,0.5569499015594722,3,18.0,0.0,4.5,0.0,0.0,modern_trade,CO-ANDES,human_followup,sales_visit,1
376.07464529663923,2,15,0.48564723272048466,0.2429634098378537,0.5262196922873388,2,7.5,2.5,0.2,295.0,0.05,traditional_trade,CO-ANDES,promotion,targeted_discount,1
387.4703645005063,4,13,0.795975389463112,0.4789360208961513,0.6634327927750948,0,18.0,0.0,4.5,0.0,0.0,modern_trade,MX-NORTH,human_followup,sales_visit,1
373.1041826420792,4,12,0.6500340015660384,0.4654544068122129,0.5238365983618797,3,7.5,2.5,0.2,295.0,0.05,digital,MX-CENTRAL,promotion,targeted_discount,0
365.545415734875,7,15,0.22642556383450796,0.6787801527301001,0.2996415901485798,2,15.5,1.5,0.25,385.0,0.0,traditional_trade,MX-NORTH,bundle,premium_bundle,0
336.44338742653645,7,9,0.7534086431452178,0.46243224070291933,0.5461360931384375,2,15.5,1.5,0.25,385.0,0.0,digital,BR-SE,bundle,premium_bundle,0
368.4396136774026,6,15,0.8333246375106506,0.6943604923593387,0.5785282367804532,1,9.0,0.0,0.25,310.0,0.0,digital,MX-NORTH,product_recommendation,promote_core_pack,0
273.0961368771034,4,29,0.7410819229587604,0.707821456977669,0.43343747915870917,0,7.5,2.5,0.2,295.0,0.05,modern_trade,MX-CENTRAL,promotion,targeted_discount,1
369.04947203407716,4,29,0.5662381020024833,0.7438212629243398,0.3711231393165424,1,15.5,1.5,0.25,385.0,0.0,traditional_trade,BR-SE,bundle,premium_bundle,0
255.713497739555,6,4,0.7063178149121522,0.5475960917099814,0.25203225368193893,3,18.0,0.0,4.5,0.0,0.0,modern_trade,MX-CENTRAL,human_followup,sales_visit,1
123.09475963527694,5,24,0.741388172603004,0.42473487487288375,0.49393791010476074,0,18.0,0.0,4.5,0.0,0.0,modern_trade,BR-SE,human_followup,sales_visit,1
197.95100890914892,3,17,0.557432955521426,0.49962612467321843,0.26941367456180126,0,18.0,0.0,4.5,0.0,0.0,digital,CO-ANDES,human_followup,sales_visit,1
337.881727444036,5,15,0.8781136654083188,0.2701332686098585,0.31763761161120563,1,7.5,2.5,0.2,295.0,0.05,modern_trade,BR-SE,promotion,targeted_discount,1
163.4040729229093,3,16,0.6264288098494196,0.5197225691450078,0.1671519361879666,3,18.0,0.0,4.5,0.0,0.0,modern_trade,MX-CENTRAL,human_followup,sales_visit,0
428.52319774800566,4,15,0.6307823860839514,0.5772563567621086,0.28241305333081085,0,7.5,2.5,0.2,295.0,0.05,digital,BR-SE,promotion,targeted_discount,1
298.2090481070767,3,26,0.6892931850822921,0.4903401132638074,0.18022397368099408,1,15.5,1.5,0.25,385.0,0.0,traditional_trade,MX-NORTH,bundle,premium_bundle,0
454.378714722726,4,15,0.7228756851571572,0.5953014670386887,0.2521124513384479,0,9.0,0.0,0.25,310.0,0.0,modern_trade,MX-NORTH,product_recommendation,promote_core_pack,0
262.98957247577215,6,1,0.9370449672447441,0.759275843556423,0.24647189068848163,1,15.5,1.5,0.25,385.0,0.0,modern_trade,MX-CENTRAL,bundle,premium_bundle,1
319.999269003149,3,22,0.6836659097494638,0.4518164388177961,0.17649030886240913,2,15.5,1.5,0.25,385.0,0.0,traditional_trade,MX-CENTRAL,bundle,premium_bundle,0
205.0974550988268,3,12,0.6442039265813418,0.25890294822501997,0.618665028677693,3,18.0,0.0,4.5,0.0,0.0,modern_trade,MX-CENTRAL,human_followup,sales_visit,1
377.27333354192274,5,6,0.7519213115073846,0.13001049612314247,0.6106999626096722,3,15.5,1.5,0.25,385.0,0.0,modern_trade,CO-ANDES,bundle,premium_bundle,0
304.0332745489087,5,15,0.7975518399289446,0.6782772598394234,0.14640815357752654,0,15.5,1.5,0.25,385.0,0.0,traditional_trade,MX-CENTRAL,bundle,premium_bundle,1
365.61675132792834,6,3,0.6683146070748058,0.6679308688958143,0.15881016305310972,2,9.0,0.0,0.25,310.0,0.0,digital,MX-CENTRAL,product_recommendation,promote_core_pack,0
331.9046154840724,3,29,0.7912948778144344,0.13898706569055075,0.6802734006204794,1,15.5,1.5,0.25,385.0,0.0,digital,MX-CENTRAL,bundle,premium_bundle,0
399.3794719422862,10,17,0.8109482839277199,0.3898899925401676,0.13495084093926382,0,9.0,0.0,0.25,310.0,0.0,traditional_trade,BR-SE,product_recommendation,promote_core_pack,1
291.20664346482414,7,22,0.30355897737832394,0.5215825930158446,0.3361896185902763,2,7.5,2.5,0.2,295.0,0.05,modern_trade,MX-CENTRAL,promotion,targeted_discount,0
374.0218559951413,3,29,0.8712422388204748,0.1885030708230802,0.2926222737507913,3,9.0,0.0,0.25,310.0,0.0,traditional_trade,CO-ANDES,product_recommendation,promote_core_pack,0
298.31653047383514,4,17,0.516045508495506,0.3279110466868566,0.13565875271447428,0,18.0,0.0,4.5,0.0,0.0,digital,MX-NORTH,human_followup,sales_visit,1
284.6595585770974,4,5,0.5330811259911145,0.45936338520370446,0.14095498612586602,3,9.0,0.0,0.25,310.0,0.0,digital,MX-NORTH,product_recommendation,promote_core_pack,0
386.6384236380049,3,18,0.50113987586328,0.6444396430148037,0.7555732203914548,1,15.5,1.5,0.25,385.0,0.0,modern_trade,MX-CENTRAL,bundle,premium_bundle,1
143.82995536223456,3,2,0.8134413739438994,0.584987368338346,0.6136601658135712,1,15.5,1.5,0.25,385.0,0.0,traditional_trade,CO-ANDES,bundle,premium_bundle,0
287.0346265302974,1,5,0.6891814668493736,0.7264852849287127,0.504278637927622,3,15.5,1.5,0.25,385.0,0.0,traditional_trade,BR-SE,bundle,premium_bundle,0
344.11806320711787,9,17,0.9157529523909489,0.5017347762061813,0.3507014008846989,3,18.0,0.0,4.5,0.0,0.0,digital,CO-ANDES,human_followup,sales_visit,1
393.5671951064196,8,19,0.6167573439947804,0.27601179285521465,0.21037178601616066,0,9.0,0.0,0.25,310.0,0.0,modern_trade,CO-ANDES,product_recommendation,promote_core_pack,1
241.91951733043436,4,27,0.7325822672478456,0.37663878679376056,0.32445982848440336,0,9.0,0.0,0.25,310.0,0.0,digital,BR-SE,product_recommendation,promote_core_pack,0
504.02955792809473,5,4,0.9862330921647202,0.5947916976207015,0.5291582224076683,2,18.0,0.0,4.5,0.0,0.0,modern_trade,MX-CENTRAL,human_followup,sales_visit,0
371.92907483850064,4,21,0.38968005305351044,0.14272613233946507,0.5065895909774906,3,15.5,1.5,0.25,385.0,0.0,modern_trade,MX-CENTRAL,bundle,premium_bundle,0
160.35676816488353,5,4,0.8495377828655118,0.17772070829026018,0.554523530524539,2,15.5,1.5,0.25,385.0,0.0,digital,CO-ANDES,bundle,premium_bundle,0
288.9673172325158,3,29,0.37125779799259223,0.347487375414721,0.13939453031078788,3,9.0,0.0,0.25,310.0,0.0,traditional_trade,BR-SE,product_recommendation,promote_core_pack,0
427.94864711856576,4,6,0.550840109496013,0.42649712531669004,0.18110084311504826,1,15.5,1.5,0.25,385.0,0.0,digital,CO-ANDES,bundle,premium_bundle,0
233.9821813620718,4,17,0.9479692320469841,0.3687272956855399,0.3578797330666126,2,18.0,0.0,4.5,0.0,0.0,modern_trade,BR-SE,human_followup,sales_visit,0
392.6202546112978,3,16,0.2776418814711813,0.5793030106939882,0.3899527085941599,3,18.0,0.0,4.5,0.0,0.0,traditional_trade,MX-NORTH,human_followup,sales_visit,1
385.70270783923013,6,26,0.9203196731287951,0.6399345258282009,0.2604260592032954,3,18.0,0.0,4.5,0.0,0.0,digital,MX-CENTRAL,human_followup,sales_visit,0
451.3782803742185,2,29,0.7869598932384029,0.4153956523460863,0.2764016857863007,1,18.0,0.0,4.5,0.0,0.0,modern_trade,MX-NORTH,human_followup,sales_visit,1
368.42183904165927,5,19,0.692477517092629,0.7224963964558401,0.2937000833714654,1,15.5,1.5,0.25,385.0,0.0,digital,MX-NORTH,bundle,premium_bundle,1
238.69832548460818,4,29,0.5258737807446247,0.6243199775973551,0.8035981123700905,1,18.0,0.0,4.5,0.0,0.0,digital,MX-NORTH,human_followup,sales_visit,0
453.6944136933467,7,21,0.6465383173498614,0.47195658526558465,0.20404132031176855,3,18.0,0.0,4.5,0.0,0.0,traditional_trade,MX-CENTRAL,human_followup,sales_visit,0
363.80913046640484,3,0,0.48676149824362996,0.39957880774823423,0.3442500477713977,2,18.0,0.0,4.5,0.0,0.0,traditional_trade,CO-ANDES,human_followup,sales_visit,1
294.5830348125344,9,16,0.659620127977968,0.528857064764547,0.46349977082097277,0,18.0,0.0,4.5,0.0,0.0,modern_trade,MX-CENTRAL,human_followup,sales_visit,1
426.28479601906537,4,11,0.8607666933281043,0.5072747756248384,0.37509085479799575,1,7.5,2.5,0.2,295.0,0.05,modern_trade,CO-ANDES,promotion,targeted_discount,1
171.60903237980483,9,15,0.3696947733527906,0.4956233121290593,0.06055913748376266,3,7.5,2.5,0.2,295.0,0.05,modern_trade,BR-SE,promotion,targeted_discount,1
327.1514127938733,7,28,0.4927727990174437,0.4687484220743511,0.21782696694890857,1,15.5,1.5,0.25,385.0,0.0,traditional_trade,BR-SE,bundle,premium_bundle,1
170.2955355695704,2,17,0.7440982777410314,0.3587924175909759,0.2943154338152475,1,9.0,0.0,0.25,310.0,0.0,digital,MX-NORTH,product_recommendation,promote_core_pack,1
323.73321528885333,10,30,0.4496178853412956,0.5402426822975708,0.22272185286671106,1,18.0,0.0,4.5,0.0,0.0,traditional_trade,BR-SE,human_followup,sales_visit,0
186.96323628765268,5,28,0.6815825271679604,0.3202116749712371,0.30009432581840995,0,18.0,0.0,4.5,0.0,0.0,traditional_trade,MX-CENTRAL,human_followup,sales_visit,1
309.5405132512784,3,16,0.8320704235803715,0.37445619707565386,0.28467377420551593,3,7.5,2.5,0.2,295.0,0.05,modern_trade,BR-SE,promotion,targeted_discount,0
336.37597089940846,4,29,0.9211708592281582,0.18808970805842662,0.425484174295649,0,15.5,1.5,0.25,385.0,0.0,traditional_trade,BR-SE,bundle,premium_bundle,1
302.793416712749,2,0,0.5765787634171327,0.49143542870878226,0.17700525616801757,2,9.0,0.0,0.25,310.0,0.0,traditional_trade,BR-SE,product_recommendation,promote_core_pack,1
498.4073936513636,5,17,0.24862099391284084,0.07338167661586262,0.18636947486857644,0,9.0,0.0,0.25,310.0,0.0,modern_trade,MX-CENTRAL,product_recommendation,promote_core_pack,1
328.511332342114,4,4,0.7260934946617348,0.6688088662752666,0.13812723659446613,1,9.0,0.0,0.25,310.0,0.0,traditional_trade,BR-SE,product_recommendation,promote_core_pack,0
390.3762779171591,2,5,0.9524353495169176,0.4010733261358428,0.72057863016158,3,9.0,0.0,0.25,310.0,0.0,traditional_trade,CO-ANDES,product_recommendation,promote_core_pack,1
348.26447475688394,5,19,0.8512820454341921,0.509262430612691,0.27435529059311176,1,7.5,2.5,0.2,295.0,0.05,modern_trade,MX-NORTH,promotion,targeted_discount,0
468.5734643119108,3,2,0.41292724556449517,0.49512737673156304,0.20046629463277393,3,7.5,2.5,0.2,295.0,0.05,traditional_trade,BR-SE,promotion,targeted_discount,1
396.12431894938754,2,18,0.6027845485631818,0.46881426442707724,0.115983177607789,0,9.0,0.0,0.25,310.0,0.0,traditional_trade,MX-NORTH,product_recommendation,promote_core_pack,1
487.3421584030797,1,3,0.6155742036352805,0.46902831142233814,0.3664674586722788,3,15.5,1.5,0.25,385.0,0.0,digital,MX-CENTRAL,bundle,premium_bundle,1
383.92396524871367,1,10,0.3115312442431635,0.6176834812357735,0.7336657491832658,2,15.5,1.5,0.25,385.0,0.0,traditional_trade,BR-SE,bundle,premium_bundle,0
320.048483808078,4,17,0.533214165135081,0.42065292516243824,0.3871405329134574,1,9.0,0.0,0.25,310.0,0.0,traditional_trade,MX-CENTRAL,product_recommendation,promote_core_pack,1
107.15941663814479,5,11,0.5888188379003488,0.23442257173247882,0.17828170145791974,2,7.5,2.5,0.2,295.0,0.05,traditional_trade,BR-SE,promotion,targeted_discount,0
241.24247717522243,4,6,0.7307082435332779,0.26624895998912895,0.09190398582557627,0,15.5,1.5,0.25,385.0,0.0,digital,BR-SE,bundle,premium_bundle,1
339.19849613859526,5,26,0.5843433083268074,0.5661567218429522,0.5342148898890463,3,7.5,2.5,0.2,295.0,0.05,traditional_trade,CO-ANDES,promotion,targeted_discount,1
321.7268896892266,4,22,0.8017592083369748,0.34943214511502046,0.6488714367313191,1,7.5,2.5,0.2,295.0,0.05,digital,BR-SE,promotion,targeted_discount,1
281.8318806688303,0,9,0.6983244501876918,0.4006252164792301,0.40746319294577876,3,15.5,1.5,0.25,385.0,0.0,digital,CO-ANDES,bundle,premium_bundle,0
341.1982281286958,5,7,0.31380328327632223,0.32877550158063223,0.3340998473103137,2,15.5,1.5,0.25,385.0,0.0,digital,MX-NORTH,bundle,premium_bundle,0
265.8095165528803,5,30,0.5662906860437986,0.8503577539332543,0.8272898781513194,1,7.5,2.5,0.2,295.0,0.05,modern_trade,BR-SE,promotion,targeted_discount,0
360.25614782140383,5,3,0.5520366718857925,0.6388705711636226,0.3116960126147068,2,15.5,1.5,0.25,385.0,0.0,digital,MX-NORTH,bundle,premium_bundle,0
258.7800644643837,6,7,0.7110542662464392,0.8252872570363878,0.29716915462206317,1,7.5,2.5,0.2,295.0,0.05,modern_trade,MX-CENTRAL,promotion,targeted_discount,0
459.12211252229497,2,0,0.28375102512400396,0.5695378710088268,0.22324843695411678,1,7.5,2.5,0.2,295.0,0.05,modern_trade,CO-ANDES,promotion,targeted_discount,0
311.54660845485677,5,21,0.6115981700070467,0.9568489474919698,0.7577229611611105,1,7.5,2.5,0.2,295.0,0.05,modern_trade,MX-NORTH,promotion,targeted_discount,0
313.1977199720383,4,5,0.46881330772586505,0.267951050532409,0.2986852668485854,0,15.5,1.5,0.25,385.0,0.0,traditional_trade,CO-ANDES,bundle,premium_bundle,0
238.78910719970327,6,19,0.7909024029491432,0.3099842589912536,0.799263771689866,0,18.0,0.0,4.5,0.0,0.0,digital,MX-NORTH,human_followup,sales_visit,0
393.50547524953095,7,5,0.7176921705243273,0.2767392483117692,0.5959417608154124,2,15.5,1.5,0.25,385.0,0.0,digital,MX-NORTH,bundle,premium_bundle,1
438.55189028586415,4,12,0.7378175921808704,0.5920872751543003,0.4343106591985177,0,7.5,2.5,0.2,295.0,0.05,digital,CO-ANDES,promotion,targeted_discount,0
241.1146441070892,4,25,0.7876534807550732,0.4678411635112949,0.5929693711299867,1,18.0,0.0,4.5,0.0,0.0,traditional_trade,MX-CENTRAL,human_followup,sales_visit,1
225.10004806916618,3,11,0.5013722259570332,0.24808851468120935,0.08938561085736385,3,9.0,0.0,0.25,310.0,0.0,digital,MX-CENTRAL,product_recommendation,promote_core_pack,0
199.28415659894281,5,28,0.6450599149112868,0.21757940675744672,0.7955375040173267,3,9.0,0.0,0.25,310.0,0.0,digital,CO-ANDES,product_recommendation,promote_core_pack,0
418.65427217280796,3,11,0.719990717005377,0.33726189125655226,0.13079174881813496,0,18.0,0.0,4.5,0.0,0.0,digital,BR-SE,human_followup,sales_visit,1
317.4024826566079,6,7,0.5258988577571031,0.17317686146992628,0.6025173806877185,0,15.5,1.5,0.25,385.0,0.0,modern_trade,CO-ANDES,bundle,premium_bundle,0
324.62971460585334,4,3,0.8789032426429755,0.1846040831223877,0.41982273831978395,1,9.0,0.0,0.25,310.0,0.0,digital,CO-ANDES,product_recommendation,promote_core_pack,1
393.34259309866957,2,8,0.8570810427710656,0.13085283371908077,0.8535849525069761,0,7.5,2.5,0.2,295.0,0.05,digital,MX-CENTRAL,promotion,targeted_discount,0
270.1895939543147,6,26,0.7996847115539222,0.6030239742233517,0.5643196703707336,2,18.0,0.0,4.5,0.0,0.0,modern_trade,MX-CENTRAL,human_followup,sales_visit,1
363.34836895522045,5,23,0.5450042184746721,0.45491662795250487,0.5068239722056482,1,9.0,0.0,0.25,310.0,0.0,digital,CO-ANDES,product_recommendation,promote_core_pack,0
180.56399389969286,10,27,0.6579591545108012,0.7115671687704892,0.7055982026515395,0,15.5,1.5,0.25,385.0,0.0,modern_trade,MX-CENTRAL,bundle,premium_bundle,1
215.14360175180997,5,7,0.590498554153334,0.35012758291612006,0.4029908812921746,1,7.5,2.5,0.2,295.0,0.05,modern_trade,MX-CENTRAL,promotion,targeted_discount,1
447.3460862156917,4,0,0.686879414293131,0.3958711374034207,0.5173592378955228,1,7.5,2.5,0.2,295.0,0.05,modern_trade,MX-CENTRAL,promotion,targeted_discount,1
270.0341448324192,4,3,0.45052018477471606,0.40117853556321503,0.5980899535111275,3,7.5,2.5,0.2,295.0,0.05,digital,BR-SE,promotion,targeted_discount,0
324.9316512468148,5,5,0.5117041196502546,0.5806708960794659,0.2729218229311158,0,7.5,2.5,0.2,295.0,0.05,traditional_trade,MX-NORTH,promotion,targeted_discount,0
329.22476153526657,1,14,0.45188043192577154,0.20706012205039057,0.5228088058893867,2,18.0,0.0,4.5,0.0,0.0,traditional_trade,MX-CENTRAL,human_followup,sales_visit,1
316.1163888128416,2,21,0.652798025356452,0.4922818617926922,0.9069902418518426,3,15.5,1.5,0.25,385.0,0.0,traditional_trade,MX-CENTRAL,bundle,premium_bundle,0
399.1302750832176,6,24,0.7974201732843336,0.12800811919553612,0.39341206361932934,1,7.5,2.5,0.2,295.0,0.05,modern_trade,MX-NORTH,promotion,targeted_discount,1
210.99130635149942,8,28,0.6234131996367027,0.38556762957734925,0.6315540300562511,0,15.5,1.5,0.25,385.0,0.0,digital,CO-ANDES,bundle,premium_bundle,0
300.93238872438803,4,18,0.6500134705070721,0.41806635638258693,0.3237489636950854,1,15.5,1.5,0.25,385.0,0.0,modern_trade,BR-SE,bundle,premium_bundle,0
299.5816877496236,6,1,0.6319338546721667,0.3205975081611241,0.5278829645637855,1,18.0,0.0,4.5,0.0,0.0,modern_trade,BR-SE,human_followup,sales_visit,0
265.82248930868906,7,6,0.5174623019426666,0.5742865245239426,0.49650716180609283,1,9.0,0.0,0.25,310.0,0.0,modern_trade,BR-SE,product_recommendation,promote_core_pack,0
480.4982467681434,2,5,0.6331153899665276,0.33605010751190106,0.32722226791933534,3,18.0,0.0,4.5,0.0,0.0,digital,MX-NORTH,human_followup,sales_visit,0
213.5073244703774,5,14,0.5636371905436944,0.049878847490309464,0.411307730143104,0,9.0,0.0,0.25,310.0,0.0,digital,CO-ANDES,product_recommendation,promote_core_pack,1
286.8852733543125,5,22,0.5731232420746891,0.07380030800154413,0.5942459241927878,2,15.5,1.5,0.25,385.0,0.0,digital,CO-ANDES,bundle,premium_bundle,0
482.5838795876306,7,19,0.8948889152946179,0.2393450930582292,0.3679891496770797,2,7.5,2.5,0.2,295.0,0.05,traditional_trade,CO-ANDES,promotion,targeted_discount,1
312.5794673472908,11,21,0.9000250526798291,0.3132876801897832,0.493126294884741,0,9.0,0.0,0.25,310.0,0.0,modern_trade,MX-CENTRAL,product_recommendation,promote_core_pack,1
321.57661969120994,5,18,0.6402083827328972,0.29010473894407074,0.4930678289744587,2,9.0,0.0,0.25,310.0,0.0,digital,MX-CENTRAL,product_recommendation,promote_core_pack,0
314.23420204813823,5,19,0.8480849744908494,0.3176493089899275,0.5245894453180885,3,9.0,0.0,0.25,310.0,0.0,modern_trade,MX-CENTRAL,product_recommendation,promote_core_pack,0
355.333375763688,7,23,0.932221063052004,0.44776535221927016,0.3636419668301523,2,18.0,0.0,4.5,0.0,0.0,traditional_trade,BR-SE,human_followup,sales_visit,0
271.87975041705596,6,2,0.9158730873060382,0.7794019237692658,0.2485072105802048,0,15.5,1.5,0.25,385.0,0.0,traditional_trade,CO-ANDES,bundle,premium_bundle,0
415.7986872800286,5,16,0.8746527457758546,0.7634521965375084,0.37205778962339564,2,18.0,0.0,4.5,0.0,0.0,traditional_trade,BR-SE,human_followup,sales_visit,0
282.7047974727763,3,5,0.3467343913798955,0.6670068429664311,0.4825678005302378,2,9.0,0.0,0.25,310.0,0.0,traditional_trade,MX-CENTRAL,product_recommendation,promote_core_pack,0
448.8677102826106,8,22,0.6403022776961224,0.07998583998682565,0.2272813015752688,2,9.0,0.0,0.25,310.0,0.0,modern_trade,MX-NORTH,product_recommendation,promote_core_pack,1
346.51762960491914,5,7,0.49256095359625596,0.7001420165135448,0.456440071314327,3,18.0,0.0,4.5,0.0,0.0,digital,CO-ANDES,human_followup,sales_visit,0
357.10165841193873,1,7,0.6574581543656149,0.187819129461263,0.5712060018325038,2,18.0,0.0,4.5,0.0,0.0,traditional_trade,BR-SE,human_followup,sales_visit,0
291.6007465388102,3,7,0.38723835516407046,0.49973944557007616,0.4384123253435484,2,15.5,1.5,0.25,385.0,0.0,traditional_trade,BR-SE,bundle,premium_bundle,0
414.4702039297838,11,9,0.5077327536525142,0.09681165812341468,0.1753131358060251,2,18.0,0.0,4.5,0.0,0.0,modern_trade,BR-SE,human_followup,sales_visit,0
365.3691076041156,9,29,0.9224231883296307,0.6791755356396482,0.26832268084930294,0,18.0,0.0,4.5,0.0,0.0,digital,BR-SE,human_followup,sales_visit,1
333.0771675063234,5,8,0.8714560396062071,0.18429549734195194,0.43098668974813337,0,18.0,0.0,4.5,0.0,0.0,digital,CO-ANDES,human_followup,sales_visit,1
384.58090517568394,7,16,0.9564586988231035,0.3041430847084666,0.5565332016008906,0,7.5,2.5,0.2,295.0,0.05,modern_trade,MX-NORTH,promotion,targeted_discount,0
335.4581111167112,6,11,0.7822841245014475,0.7229292258604284,0.4762132343214913,0,9.0,0.0,0.25,310.0,0.0,modern_trade,MX-CENTRAL,product_recommendation,promote_core_pack,1
239.9507214556803,6,12,0.37594067695450006,0.4391479403127389,0.1935260690810088,1,18.0,0.0,4.5,0.0,0.0,modern_trade,MX-NORTH,human_followup,sales_visit,1
269.8508183565598,4,16,0.7651231378641542,0.43701279927154685,0.23389452655311666,2,18.0,0.0,4.5,0.0,0.0,traditional_trade,CO-ANDES,human_followup,sales_visit,0
341.8179783909634,5,29,0.7954973965753069,0.330987663267855,0.7575397126713908,2,15.5,1.5,0.25,385.0,0.0,traditional_trade,BR-SE,bundle,premium_bundle,0
251.95015569553917,5,2,0.9855258375871083,0.2841420952928378,0.5858284438752833,0,18.0,0.0,4.5,0.0,0.0,traditional_trade,BR-SE,human_followup,sales_visit,1
390.24235189075426,3,9,0.2330210789782341,0.19796713084194556,0.6081482674233287,1,9.0,0.0,0.25,310.0,0.0,modern_trade,CO-ANDES,product_recommendation,promote_core_pack,0
246.164911861343,2,0,0.7320967895837033,0.5425957210075107,0.5074721290538783,0,18.0,0.0,4.5,0.0,0.0,digital,BR-SE,human_followup,sales_visit,1
209.73926660198407,3,27,0.6082025237605914,0.7893770467507053,0.1255989236814663,0,9.0,0.0,0.25,310.0,0.0,modern_trade,MX-CENTRAL,product_recommendation,promote_core_pack,0
402.414758258725,4,20,0.2614906255641074,0.7151405745228497,0.3786855715625827,0,18.0,0.0,4.5,0.0,0.0,traditional_trade,CO-ANDES,human_followup,sales_visit,0
329.7749938440812,5,26,0.9887210226476295,0.5232877546421181,0.39023989914302626,1,7.5,2.5,0.2,295.0,0.05,digital,BR-SE,promotion,targeted_discount,1
290.5973456122674,2,24,0.7774224449114804,0.2866501160659592,0.6047295406004222,0,9.0,0.0,0.25,310.0,0.0,traditional_trade,MX-NORTH,product_recommendation,promote_core_pack,1
251.67396440711025,6,9,0.8519711317884054,0.6634732470549263,0.4220303475839145,3,9.0,0.0,0.25,310.0,0.0,digital,MX-CENTRAL,product_recommendation,promote_core_pack,0
353.1148790378176,2,15,0.5890307988730662,0.6083332185254637,0.6328792911632201,0,18.0,0.0,4.5,0.0,0.0,modern_trade,CO-ANDES,human_followup,sales_visit,1
461.1109586817528,6,29,0.548091313113811,0.5045880924598205,0.33199002187128906,1,7.5,2.5,0.2,295.0,0.05,modern_trade,MX-CENTRAL,promotion,targeted_discount,1
324.4766166158093,2,14,0.5350970971839285,0.7555328854575147,0.7223780571871368,0,7.5,2.5,0.2,295.0,0.05,modern_trade,BR-SE,promotion,targeted_discount,1
351.85139188736906,5,25,0.43462681348500853,0.6824777761331448,0.3996856665859976,0,9.0,0.0,0.25,310.0,0.0,traditional_trade,MX-NORTH,product_recommendation,promote_core_pack,0
366.4958132134286,10,8,0.6443560065306473,0.2737914430875563,0.4608736430018023,3,9.0,0.0,0.25,310.0,0.0,modern_trade,CO-ANDES,product_recommendation,promote_core_pack,0
429.0433924764057,3,24,0.7888113834449564,0.36121028433207636,0.2264036215439915,0,15.5,1.5,0.25,385.0,0.0,traditional_trade,CO-ANDES,bundle,premium_bundle,1
358.04864783504786,2,2,0.7628210692373942,0.2526416403533635,0.18585039232718667,1,15.5,1.5,0.25,385.0,0.0,traditional_trade,MX-NORTH,bundle,premium_bundle,1
356.0610433317949,7,9,0.8494892605496984,0.05358883603006114,0.3094522431895635,3,18.0,0.0,4.5,0.0,0.0,digital,MX-NORTH,human_followup,sales_visit,1
312.5659895580006,5,2,0.6903522782650462,0.6697504279676197,0.757799788376498,3,9.0,0.0,0.25,310.0,0.0,traditional_trade,MX-NORTH,product_recommendation,promote_core_pack,1
261.2971823082211,5,29,0.7477908926498944,0.5649098016018176,0.6521765628938039,1,7.5,2.5,0.2,295.0,0.05,modern_trade,CO-ANDES,promotion,targeted_discount,1
185.08646359831042,1,7,0.7378927678844736,0.2496639773952784,0.28742008627648635,0,15.5,1.5,0.25,385.0,0.0,traditional_trade,MX-NORTH,bundle,premium_bundle,1
376.2134282378065,4,29,0.484249681488398,0.1990811215231553,0.34664681051052065,2,9.0,0.0,0.25,310.0,0.0,digital,MX-CENTRAL,product_recommendation,promote_core_pack,0
410.5451132302359,5,22,0.5873596237271358,0.6156908132342859,0.39370838671997554,0,15.5,1.5,0.25,385.0,0.0,modern_trade,BR-SE,bundle,premium_bundle,1
333.34160604573395,6,4,0.7273908314154809,0.062412943120678036,0.07196637813644655,3,7.5,2.5,0.2,295.0,0.05,digital,MX-NORTH,promotion,targeted_discount,0
231.8521436020809,4,5,0.7592810583291403,0.4284952152742576,0.49643321803746654,3,7.5,2.5,0.2,295.0,0.05,digital,MX-CENTRAL,promotion,targeted_discount,1
457.3082296413585,7,11,0.6440041063534278,0.5072506148336029,0.23148583610293755,2,18.0,0.0,4.5,0.0,0.0,modern_trade,MX-NORTH,human_followup,sales_visit,0
369.28492793376796,9,13,0.8642851449155206,0.3692835228320209,0.2299662530908322,1,7.5,2.5,0.2,295.0,0.05,traditional_trade,BR-SE,promotion,targeted_discount,1
255.1051754279625,4,5,0.9527499128173221,0.5460301142756319,0.06492481647032623,1,9.0,0.0,0.25,310.0,0.0,digital,BR-SE,product_recommendation,promote_core_pack,1
223.2446022880024,1,25,0.49198909638623833,0.36971389115445913,0.45251545594258596,2,15.5,1.5,0.25,385.0,0.0,digital,CO-ANDES,bundle,premium_bundle,0
357.2983948551781,4,6,0.14428172418226848,0.18739273986175575,0.20846350326792581,3,18.0,0.0,4.5,0.0,0.0,traditional_trade,CO-ANDES,human_followup,sales_visit,0
359.2321428116608,6,11,0.6301309853488252,0.3337395601743274,0.43802515395993735,0,18.0,0.0,4.5,0.0,0.0,modern_trade,BR-SE,human_followup,sales_visit,1
486.5912293003322,1,27,0.801478031282018,0.6203338846808606,0.31677437860522656,0,15.5,1.5,0.25,385.0,0.0,digital,MX-NORTH,bundle,premium_bundle,0
288.64780747918985,5,1,0.7992456855650067,0.5798488493066543,0.46097695160968066,1,18.0,0.0,4.5,0.0,0.0,digital,CO-ANDES,human_followup,sales_visit,0
392.2164919915293,3,29,0.9002561632422604,0.6022612675881595,0.4932121333255735,1,15.5,1.5,0.25,385.0,0.0,traditional_trade,MX-NORTH,bundle,premium_bundle,0
368.2511432890577,5,20,0.906708491634867,0.467103752632283,0.7219008127190492,1,15.5,1.5,0.25,385.0,0.0,modern_trade,BR-SE,bundle,premium_bundle,0
227.10026096311245,9,26,0.7736975132666908,0.38513495511793494,0.5700556354888392,0,15.5,1.5,0.25,385.0,0.0,traditional_trade,BR-SE,bundle,premium_bundle,0
422.8954424164771,3,0,0.8665655562778478,0.41677823980765466,0.7041022813084461,0,15.5,1.5,0.25,385.0,0.0,traditional_trade,MX-NORTH,bundle,premium_bundle,0
240.45636088617067,13,20,0.8907806227002962,0.2790872583745686,0.21901358711071306,2,7.5,2.5,0.2,295.0,0.05,digital,BR-SE,promotion,targeted_discount,0
294.3869972180643,6,5,0.7505410564044613,0.5008610655629703,0.3669077549836165,1,18.0,0.0,4.5,0.0,0.0,modern_trade,MX-NORTH,human_followup,sales_visit,1
282.13669494926813,3,29,0.512539310294732,0.4120034086191692,0.2925393384899027,2,9.0,0.0,0.25,310.0,0.0,digital,BR-SE,product_recommendation,promote_core_pack,0
259.3836719505445,3,24,0.667732214548089,0.24321335927124163,0.5213222748271529,2,18.0,0.0,4.5,0.0,0.0,digital,CO-ANDES,human_followup,sales_visit,0
279.4710381422282,6,20,0.3390311626606338,0.632380216140521,0.15886219637154284,3,7.5,2.5,0.2,295.0,0.05,digital,CO-ANDES,promotion,targeted_discount,1
406.3880025109019,5,12,0.513504355767917,0.6498026869653853,0.2243054403223075,1,7.5,2.5,0.2,295.0,0.05,modern_trade,MX-NORTH,promotion,targeted_discount,0
258.0882040951493,2,29,0.5058060415505339,0.4571870366792506,0.486242663858616,3,7.5,2.5,0.2,295.0,0.05,traditional_trade,MX-NORTH,promotion,targeted_discount,0
288.96778193455043,2,12,0.4825382178390879,0.6224412080753763,0.07308324182590543,3,18.0,0.0,4.5,0.0,0.0,digital,BR-SE,human_followup,sales_visit,0
246.11163894619463,5,19,0.6117824860448571,0.29655477553834714,0.6583317947349021,1,15.5,1.5,0.25,385.0,0.0,traditional_trade,CO-ANDES,bundle,premium_bundle,0
214.02673323470862,5,4,0.8704940254022426,0.25243770705326374,0.37789451600748153,2,7.5,2.5,0.2,295.0,0.05,modern_trade,BR-SE,promotion,targeted_discount,1
381.49391809665514,7,17,0.8601913904035117,0.28778264397826875,0.23352298424648057,0,7.5,2.5,0.2,295.0,0.05,digital,CO-ANDES,promotion,targeted_discount,1
438.88395272967296,1,16,0.6403586332038155,0.5624508602801851,0.35294168848909285,3,9.0,0.0,0.25,310.0,0.0,digital,BR-SE,product_recommendation,promote_core_pack,0
301.34256977958717,4,15,0.7524908024994492,0.7376392523080221,0.18303605840060722,0,15.5,1.5,0.25,385.0,0.0,traditional_trade,MX-CENTRAL,bundle,premium_bundle,0
306.26508914329344,5,4,0.8912512611428077,0.5538818551493431,0.23433792229606812,1,15.5,1.5,0.25,385.0,0.0,traditional_trade,MX-CENTRAL,bundle,premium_bundle,0
461.2218721506017,1,11,0.7017585991837951,0.09841012009078276,0.5599275359727661,3,7.5,2.5,0.2,295.0,0.05,traditional_trade,BR-SE,promotion,targeted_discount,0
331.67878596004573,5,5,0.5060288966434707,0.5139658871182456,0.8291217250649137,3,7.5,2.5,0.2,295.0,0.05,digital,CO-ANDES,promotion,targeted_discount,1
235.8865124581459,2,22,0.7229496839138482,0.7414550736460273,0.743561369096099,3,9.0,0.0,0.25,310.0,0.0,digital,MX-NORTH,product_recommendation,promote_core_pack,1
233.37314826043513,10,22,0.820654725998317,0.583612963938129,0.5389316211047667,1,15.5,1.5,0.25,385.0,0.0,traditional_trade,BR-SE,bundle,premium_bundle,1
351.80832279590123,8,23,0.6419618547612319,0.4976287543153152,0.25580101749823225,1,9.0,0.0,0.25,310.0,0.0,digital,MX-CENTRAL,product_recommendation,promote_core_pack,1
307.3080417179035,5,4,0.7346280533698639,0.505131721100005,0.2215207179171545,2,18.0,0.0,4.5,0.0,0.0,digital,CO-ANDES,human_followup,sales_visit,0
310.1857919518347,8,22,0.49860860810115826,0.15450092343067878,0.0401053897402563,0,9.0,0.0,0.25,310.0,0.0,modern_trade,MX-CENTRAL,product_recommendation,promote_core_pack,1
229.11464965383945,4,2,0.43797644081792575,0.21536442034620776,0.5288472793123602,0,9.0,0.0,0.25,310.0,0.0,modern_trade,MX-CENTRAL,product_recommendation,promote_core_pack,1
311.47777594312134,7,27,0.8869962306747012,0.4898374852448273,0.2847820996179718,2,9.0,0.0,0.25,310.0,0.0,digital,MX-NORTH,product_recommendation,promote_core_pack,1
295.47364871227046,2,14,0.6522548419371305,0.3325829871665848,0.41322487340710645,3,18.0,0.0,4.5,0.0,0.0,modern_trade,CO-ANDES,human_followup,sales_visit,0
188.67657265932883,5,2,0.4186546437875623,0.2333229443004899,0.49309456053101275,3,18.0,0.0,4.5,0.0,0.0,digital,MX-CENTRAL,human_followup,sales_visit,1
311.5025465161967,7,26,0.8862673629005607,0.8075735752406027,0.2583219511411145,3,7.5,2.5,0.2,295.0,0.05,traditional_trade,BR-SE,promotion,targeted_discount,0
325.9059595053184,4,19,0.46056416902624836,0.07776914585777187,0.5069430829129055,2,15.5,1.5,0.25,385.0,0.0,traditional_trade,CO-ANDES,bundle,premium_bundle,0
337.88713832448855,4,0,0.8598154470039319,0.1388532191189626,0.15827110672422615,2,18.0,0.0,4.5,0.0,0.0,traditional_trade,CO-ANDES,human_followup,sales_visit,1
375.3709832779731,4,20,0.7253021023989885,0.4746106289647172,0.38607831881080173,1,9.0,0.0,0.25,310.0,0.0,traditional_trade,MX-NORTH,product_recommendation,promote_core_pack,0
129.7430581749498,8,15,0.6308710867580003,0.6354394007380639,0.29737577742562654,1,7.5,2.5,0.2,295.0,0.05,traditional_trade,MX-CENTRAL,promotion,targeted_discount,1
331.36893121666765,10,0,0.7658841351474822,0.10033049160835454,0.21289698985444117,0,15.5,1.5,0.25,385.0,0.0,modern_trade,BR-SE,bundle,premium_bundle,0
267.68256891457247,8,9,0.6026398223213009,0.680501649957903,0.5586167393962098,2,9.0,0.0,0.25,310.0,0.0,digital,CO-ANDES,product_recommendation,promote_core_pack,1
350.0606909157148,3,6,0.363847865626015,0.5761650791188567,0.2030392640692691,0,18.0,0.0,4.5,0.0,0.0,modern_trade,MX-CENTRAL,human_followup,sales_visit,0
293.18937249620694,6,8,0.7899440848412014,0.7089656731236361,0.1807227320729347,0,9.0,0.0,0.25,310.0,0.0,traditional_trade,MX-NORTH,product_recommendation,promote_core_pack,1
430.63482553080587,9,2,0.9716533796653082,0.636634940018112,0.1557029538625962,2,9.0,0.0,0.25,310.0,0.0,traditional_trade,BR-SE,product_recommendation,promote_core_pack,1
314.9056940668531,4,11,0.601189067015898,0.8142436817093028,0.37593909337716735,3,15.5,1.5,0.25,385.0,0.0,digital,MX-CENTRAL,bundle,premium_bundle,1
314.6365213102341,5,26,0.8991098193857089,0.19310218651478492,0.3754975409741321,3,9.0,0.0,0.25,310.0,0.0,digital,CO-ANDES,product_recommendation,promote_core_pack,1
355.17674517280597,5,12,0.540287536060753,0.3450745992537708,0.5906340235347064,1,18.0,0.0,4.5,0.0,0.0,modern_trade,MX-NORTH,human_followup,sales_visit,0
327.92292003636265,8,5,0.75646594532899,0.22491028118907372,0.5603119876316595,1,9.0,0.0,0.25,310.0,0.0,digital,MX-CENTRAL,product_recommendation,promote_core_pack,1
314.604336813564,3,27,0.7815045219616094,0.40384815012293207,0.7707789155006697,3,7.5,2.5,0.2,295.0,0.05,traditional_trade,BR-SE,promotion,targeted_discount,0
372.7696095882756,3,8,0.5893602327186912,0.32173973866586375,0.5145318454970754,0,15.5,1.5,0.25,385.0,0.0,modern_trade,MX-CENTRAL,bundle,premium_bundle,0
273.93757904036454,6,8,0.4246361995338299,0.3513328040692626,0.1960306258042642,3,7.5,2.5,0.2,295.0,0.05,digital,MX-CENTRAL,promotion,targeted_discount,0
447.3327023952012,6,14,0.7430019135781595,0.5033880394960812,0.6639287790728322,0,7.5,2.5,0.2,295.0,0.05,traditional_trade,MX-NORTH,promotion,targeted_discount,0
345.1561462684767,7,28,0.6986225819903813,0.7446447898103917,0.031211575182003428,1,7.5,2.5,0.2,295.0,0.05,digital,BR-SE,promotion,targeted_discount,1
376.9560894484876,3,27,0.8150673065377283,0.44471357107802206,0.30176502667630634,2,7.5,2.5,0.2,295.0,0.05,digital,MX-CENTRAL,promotion,targeted_discount,0
340.6805452934378,6,17,0.8661239789685204,0.6564488956127563,0.08217163266894362,1,7.5,2.5,0.2,295.0,0.05,traditional_trade,BR-SE,promotion,targeted_discount,1
315.8592321375906,2,21,0.7790849518573505,0.3095005955202629,0.23719881792900321,1,9.0,0.0,0.25,310.0,0.0,traditional_trade,MX-NORTH,product_recommendation,promote_core_pack,0
195.29854345190168,2,26,0.7910673364817111,0.2857874396154197,0.09537362145672246,2,7.5,2.5,0.2,295.0,0.05,modern_trade,MX-NORTH,promotion,targeted_discount,1
272.1844984194959,7,25,0.6004428747362549,0.21190915739467764,0.37725577733937893,0,15.5,1.5,0.25,385.0,0.0,digital,BR-SE,bundle,premium_bundle,0
328.5064003548083,2,12,0.9279837345696024,0.6887747516576862,0.13032683172979806,3,7.5,2.5,0.2,295.0,0.05,digital,CO-ANDES,promotion,targeted_discount,1
389.79909490209354,3,24,0.5209485326683554,0.8747163694202122,0.6608461946284188,0,18.0,0.0,4.5,0.0,0.0,digital,MX-NORTH,human_followup,sales_visit,0
167.45937428089883,1,9,0.8171713422553404,0.5768662738648968,0.33831170656990517,0,15.5,1.5,0.25,385.0,0.0,modern_trade,BR-SE,bundle,premium_bundle,0
370.04781913305754,5,20,0.7230474190593821,0.3057650606457577,0.45507698282246356,0,18.0,0.0,4.5,0.0,0.0,traditional_trade,MX-NORTH,human_followup,sales_visit,1
363.2290969067511,6,5,0.889483138315402,0.7508291726365504,0.3110866077641992,0,18.0,0.0,4.5,0.0,0.0,modern_trade,CO-ANDES,human_followup,sales_visit,0
330.26840643277296,4,26,0.5545818396590462,0.14458550088258254,0.2674598035388935,0,18.0,0.0,4.5,0.0,0.0,digital,MX-NORTH,human_followup,sales_visit,1
435.4620776513097,1,29,0.9343205865002221,0.31757754076883604,0.43643178550534806,1,15.5,1.5,0.25,385.0,0.0,digital,MX-CENTRAL,bundle,premium_bundle,1
461.6403922161836,6,19,0.8472746960715953,0.28338218269961346,0.05116466323693704,0,9.0,0.0,0.25,310.0,0.0,modern_trade,MX-CENTRAL,product_recommendation,promote_core_pack,0
179.4874375370024,7,8,0.7132640746278598,0.23221979025679154,0.3348391573420553,2,18.0,0.0,4.5,0.0,0.0,modern_trade,BR-SE,human_followup,sales_visit,0
431.154180180979,7,28,0.8757689572099447,0.5000675307828414,0.018953120279710883,0,15.5,1.5,0.25,385.0,0.0,modern_trade,BR-SE,bundle,premium_bundle,1
203.83536805939684,3,3,0.9507014868633445,0.4170272037887768,0.40815633818177044,1,15.5,1.5,0.25,385.0,0.0,digital,MX-CENTRAL,bundle,premium_bundle,0
133.2012274643722,8,0,0.7410860187954871,0.6384291801152862,0.22808187385865636,0,9.0,0.0,0.25,310.0,0.0,traditional_trade,MX-CENTRAL,product_recommendation,promote_core_pack,0
312.7642464850035,8,20,0.6737456579940964,0.41694130379529043,0.12916502622159245,3,7.5,2.5,0.2,295.0,0.05,modern_trade,MX-NORTH,promotion,targeted_discount,1
260.28456065449853,4,21,0.644951969698222,0.45332613162162627,0.6524160640852101,1,7.5,2.5,0.2,295.0,0.05,modern_trade,MX-NORTH,promotion,targeted_discount,1
263.40871451653516,10,15,0.3534038513325117,0.33123666145287267,0.43831359555322946,1,9.0,0.0,0.25,310.0,0.0,traditional_trade,BR-SE,product_recommendation,promote_core_pack,1
354.11951536995997,8,21,0.7553460289656992,0.5009838405918692,0.3723411537636129,0,9.0,0.0,0.25,310.0,0.0,traditional_trade,MX-NORTH,product_recommendation,promote_core_pack,1
360.94427018731096,3,26,0.6233839001604253,0.20071979893929395,0.07044629214654653,1,18.0,0.0,4.5,0.0,0.0,traditional_trade,MX-CENTRAL,human_followup,sales_visit,1
221.18465701121403,8,5,0.5381853997567623,0.09909814509387747,0.7682032389783308,1,7.5,2.5,0.2,295.0,0.05,digital,MX-NORTH,promotion,targeted_discount,1
372.2391788327884,4,3,0.6258850914401358,0.6849795691281851,0.3039163154652772,3,7.5,2.5,0.2,295.0,0.05,modern_trade,MX-CENTRAL,promotion,targeted_discount,1
337.1867683952281,7,28,0.4745182296857501,0.5324253410962814,0.6330462518733903,0,15.5,1.5,0.25,385.0,0.0,modern_trade,CO-ANDES,bundle,premium_bundle,0
285.476906402453,4,4,0.5097886348173637,0.1427710219920783,0.4536071544425528,0,18.0,0.0,4.5,0.0,0.0,traditional_trade,MX-NORTH,human_followup,sales_visit,1
500.46431295809236,4,18,0.6066598319008896,0.6513881942251356,0.38397222184485036,2,18.0,0.0,4.5,0.0,0.0,traditional_trade,BR-SE,human_followup,sales_visit,0
221.32238018514022,4,24,0.5951183033329911,0.6663604936720938,0.1817760450952678,1,9.0,0.0,0.25,310.0,0.0,traditional_trade,CO-ANDES,product_recommendation,promote_core_pack,0
272.1446042981336,6,1,0.6907034061882605,0.30059958013209825,0.433659035814236,0,9.0,0.0,0.25,310.0,0.0,traditional_trade,BR-SE,product_recommendation,promote_core_pack,1
545.7729730236628,4,25,0.5709422635761461,0.32272034176262104,0.592046586146451,3,18.0,0.0,4.5,0.0,0.0,traditional_trade,MX-NORTH,human_followup,sales_visit,0
316.0399584971154,5,12,0.13783998935987396,0.16195051224407508,0.3734588114565369,3,18.0,0.0,4.5,0.0,0.0,digital,BR-SE,human_followup,sales_visit,0
344.96549641584664,2,17,0.7543540860330253,0.5307422418297398,0.24751093503885566,1,7.5,2.5,0.2,295.0,0.05,digital,BR-SE,promotion,targeted_discount,1
176.303715842243,5,12,0.5677930762041582,0.5028305849591528,0.5555471064733529,0,9.0,0.0,0.25,310.0,0.0,traditional_trade,BR-SE,product_recommendation,promote_core_pack,0
227.25695509534415,3,12,0.8932413747428944,0.45235356955028316,0.08253050704857988,0,9.0,0.0,0.25,310.0,0.0,traditional_trade,MX-CENTRAL,product_recommendation,promote_core_pack,0
274.0104858750624,3,1,0.401474575642616,0.44963872665818033,0.023245472942317554,3,9.0,0.0,0.25,310.0,0.0,modern_trade,MX-CENTRAL,product_recommendation,promote_core_pack,0
245.59171023269874,4,3,0.5479277849539299,0.236779248841331,0.4113570743468869,2,18.0,0.0,4.5,0.0,0.0,digital,MX-CENTRAL,human_followup,sales_visit,0
445.58264396090334,10,21,0.4877909669507105,0.18374500226749274,0.5662103282924078,2,18.0,0.0,4.5,0.0,0.0,modern_trade,BR-SE,human_followup,sales_visit,0
351.76371954885195,6,2,0.6832656703621026,0.8408615088988332,0.344261485134146,2,18.0,0.0,4.5,0.0,0.0,digital,CO-ANDES,human_followup,sales_visit,1
309.3830660584442,6,7,0.9417506412832346,0.3408324212146527,0.4144567466801326,0,15.5,1.5,0.25,385.0,0.0,modern_trade,MX-CENTRAL,bundle,premium_bundle,1
300.4485420517392,11,9,0.7910183376590575,0.3695280677516072,0.7319883157521849,0,9.0,0.0,0.25,310.0,0.0,modern_trade,BR-SE,product_recommendation,promote_core_pack,1
465.93549852161897,5,10,0.7901912319010163,0.30693798610774237,0.4961437984812008,3,7.5,2.5,0.2,295.0,0.05,digital,MX-NORTH,promotion,targeted_discount,1
385.75988568877864,5,8,0.8805551022078428,0.28924551173354845,0.6644120197932495,1,7.5,2.5,0.2,295.0,0.05,digital,BR-SE,promotion,targeted_discount,1
342.56900027411183,7,8,0.6814029818730463,0.8398467641641578,0.209129156638017,3,18.0,0.0,4.5,0.0,0.0,modern_trade,MX-NORTH,human_followup,sales_visit,1
426.46738675206143,4,17,0.4905366742324294,0.4400382701886144,0.6768000837916384,2,15.5,1.5,0.25,385.0,0.0,traditional_trade,MX-CENTRAL,bundle,premium_bundle,0
236.4099908440717,9,16,0.3931226558673512,0.4038482280277475,0.4985008420246837,0,18.0,0.0,4.5,0.0,0.0,modern_trade,CO-ANDES,human_followup,sales_visit,0
271.4494761643769,8,0,0.7406684360154014,0.3640928258263666,0.10097669844027135,3,7.5,2.5,0.2,295.0,0.05,digital,MX-CENTRAL,promotion,targeted_discount,1
329.0080063670207,4,3,0.7702257221225216,0.5650798207645171,0.24345315051822702,2,15.5,1.5,0.25,385.0,0.0,traditional_trade,BR-SE,bundle,premium_bundle,1
431.89196544851114,10,11,0.830745941701654,0.496816045105664,0.08125857965887658,1,18.0,0.0,4.5,0.0,0.0,digital,CO-ANDES,human_followup,sales_visit,1
265.2715940154984,11,0,0.796075479828907,0.7324371762490286,0.5355861138309579,3,7.5,2.5,0.2,295.0,0.05,digital,MX-NORTH,promotion,targeted_discount,1
387.0760795108597,10,9,0.8274302468052079,0.636527890369487,0.5279147230328008,0,18.0,0.0,4.5,0.0,0.0,modern_trade,CO-ANDES,human_followup,sales_visit,1
371.9649448650834,5,14,0.5646687078419121,0.6600876264296607,0.5600927875899578,3,15.5,1.5,0.25,385.0,0.0,modern_trade,CO-ANDES,bundle,premium_bundle,0
375.21324684516037,7,23,0.8574326551480584,0.15621577513236123,0.4719030704558432,1,15.5,1.5,0.25,385.0,0.0,digital,MX-CENTRAL,bundle,premium_bundle,0
364.3645192925077,8,29,0.3785443880478604,0.07133637615228844,0.6198717253733741,1,18.0,0.0,4.5,0.0,0.0,modern_trade,BR-SE,human_followup,sales_visit,0
152.5129305799629,5,22,0.7671497364234552,0.4008660442970185,0.4052166680205389,2,15.5,1.5,0.25,385.0,0.0,digital,MX-NORTH,bundle,premium_bundle,1
354.0362782645126,10,29,0.8375397788454388,0.2118542559837946,0.38535313664870824,0,7.5,2.5,0.2,295.0,0.05,modern_trade,BR-SE,promotion,targeted_discount,1
360.11675964842925,1,8,0.5864781613791066,0.5555429352794149,0.6563619591002978,0,18.0,0.0,4.5,0.0,0.0,modern_trade,CO-ANDES,human_followup,sales_visit,1
491.9524717836607,4,1,0.5439079743127998,0.6425949346775208,0.13009072527386023,1,18.0,0.0,4.5,0.0,0.0,modern_trade,MX-CENTRAL,human_followup,sales_visit,0
461.91750483154374,10,29,0.8390825849902678,0.2005218600233502,0.1914150353842001,3,18.0,0.0,4.5,0.0,0.0,modern_trade,MX-CENTRAL,human_followup,sales_visit,0
270.78640568387,2,3,0.5436865814660281,0.26412142948486483,0.173991556483411,2,9.0,0.0,0.25,310.0,0.0,digital,BR-SE,product_recommendation,promote_core_pack,0
179.3808902688717,9,8,0.608718629037519,0.4338848906198037,0.41432834332913715,1,7.5,2.5,0.2,295.0,0.05,traditional_trade,CO-ANDES,promotion,targeted_discount,1
420.9707167981554,4,9,0.7523711097145767,0.3272910049633178,0.7475380648904995,3,18.0,0.0,4.5,0.0,0.0,traditional_trade,CO-ANDES,human_followup,sales_visit,1
394.86098231306954,9,23,0.5934960161231719,0.37298585162455644,0.3216120045402318,2,9.0,0.0,0.25,310.0,0.0,modern_trade,CO-ANDES,product_recommendation,promote_core_pack,0
241.82107603531804,7,23,0.8230740123145308,0.11518849758684671,0.5017323773574272,0,15.5,1.5,0.25,385.0,0.0,traditional_trade,MX-CENTRAL,bundle,premium_bundle,1
209.87174531201714,8,27,0.835532862370532,0.2933697639869837,0.34626631496356386,3,18.0,0.0,4.5,0.0,0.0,modern_trade,BR-SE,human_followup,sales_visit,1
181.80728886863793,3,6,0.8222230077579918,0.6385964441836923,0.14377384803157145,2,9.0,0.0,0.25,310.0,0.0,modern_trade,BR-SE,product_recommendation,promote_core_pack,0
280.39312110992375,5,19,0.7036327402820369,0.15122803564023635,0.17869953379418463,2,9.0,0.0,0.25,310.0,0.0,traditional_trade,CO-ANDES,product_recommendation,promote_core_pack,1
362.9224312843113,5,24,0.6495493602200972,0.2609745259360789,0.35206586425011277,0,18.0,0.0,4.5,0.0,0.0,traditional_trade,BR-SE,human_followup,sales_visit,0
434.6564947452611,9,27,0.9237773851756822,0.6314943441669241,0.6950828682749896,1,9.0,0.0,0.25,310.0,0.0,modern_trade,CO-ANDES,product_recommendation,promote_core_pack,1
334.9521619026554,10,30,0.686962886406161,0.25251657514074094,0.15959143758500302,2,15.5,1.5,0.25,385.0,0.0,modern_trade,MX-CENTRAL,bundle,premium_bundle,1
116.46657797883293,9,0,0.6419196781842892,0.16380793134969132,0.316031036105689,0,15.5,1.5,0.25,385.0,0.0,traditional_trade,MX-CENTRAL,bundle,premium_bundle,1
351.74471615503546,8,27,0.4594050468548752,0.28706184804043444,0.35988189149901756,1,15.5,1.5,0.25,385.0,0.0,modern_trade,BR-SE,bundle,premium_bundle,0
363.0461628947976,4,26,0.5415482906050126,0.4358875237051311,0.41255251733357434,0,18.0,0.0,4.5,0.0,0.0,modern_trade,CO-ANDES,human_followup,sales_visit,0
285.04601280653725,7,6,0.6991625215401063,0.23482316556578248,0.19574853160480793,3,7.5,2.5,0.2,295.0,0.05,modern_trade,CO-ANDES,promotion,targeted_discount,0
467.5343214894912,2,20,0.4306975487361929,0.07028843406936634,0.6707262289207788,1,18.0,0.0,4.5,0.0,0.0,traditional_trade,CO-ANDES,human_followup,sales_visit,1
288.4919989539357,10,23,0.8079751909357031,0.2578750202540215,0.26939005019421447,2,18.0,0.0,4.5,0.0,0.0,digital,CO-ANDES,human_followup,sales_visit,0
291.39927607378416,6,5,0.779370889643518,0.4057496261471104,0.17984044219762463,3,9.0,0.0,0.25,310.0,0.0,digital,CO-ANDES,product_recommendation,promote_core_pack,1
211.82576990491677,6,17,0.9048792390702894,0.4342015921199766,0.21043813780185566,3,9.0,0.0,0.25,310.0,0.0,traditional_trade,BR-SE,product_recommendation,promote_core_pack,0
333.01768406523087,3,16,0.41684481440418286,0.43619184589848226,0.7938270306051409,3,15.5,1.5,0.25,385.0,0.0,modern_trade,MX-CENTRAL,bundle,premium_bundle,0
148.94382528052577,2,26,0.7786582271839452,0.700682186740933,0.15155081274174334,2,7.5,2.5,0.2,295.0,0.05,digital,BR-SE,promotion,targeted_discount,0
259.27583700538054,4,3,0.7382830960888762,0.31827461899115306,0.7000315695826844,2,7.5,2.5,0.2,295.0,0.05,modern_trade,MX-NORTH,promotion,targeted_discount,0
476.0630617937039,3,11,0.6803340114658221,0.44958471523847937,0.21944530720174144,3,7.5,2.5,0.2,295.0,0.05,modern_trade,CO-ANDES,promotion,targeted_discount,0
376.3836791652861,3,3,0.7679988600141836,0.6363340999063546,0.665874913237924,0,9.0,0.0,0.25,310.0,0.0,traditional_trade,CO-ANDES,product_recommendation,promote_core_pack,1
292.39000493299966,4,21,0.9791497004410284,0.7402419752925874,0.8674946062887833,0,9.0,0.0,0.25,310.0,0.0,digital,MX-CENTRAL,product_recommendation,promote_core_pack,0
380.0972957216381,3,9,0.4342155219573576,0.3055001045564645,0.19016471072476618,1,9.0,0.0,0.25,310.0,0.0,digital,MX-NORTH,product_recommendation,promote_core_pack,1
297.488911147235,4,9,0.9150744285937694,0.6331545824477147,0.40980796553761695,0,18.0,0.0,4.5,0.0,0.0,digital,BR-SE,human_followup,sales_visit,1
365.91399058532363,5,12,0.9041758254898103,0.5168855751815159,0.09097787286079549,0,15.5,1.5,0.25,385.0,0.0,traditional_trade,BR-SE,bundle,premium_bundle,1
401.11110203795977,1,10,0.7466309489480858,0.34761865616839843,0.5319051054284059,3,18.0,0.0,4.5,0.0,0.0,traditional_trade,CO-ANDES,human_followup,sales_visit,0
444.8195866985624,9,14,0.8756083002773819,0.2223668498495221,0.4796301426640755,2,9.0,0.0,0.25,310.0,0.0,modern_trade,MX-CENTRAL,product_recommendation,promote_core_pack,1
386.15764798074974,5,28,0.5302254471204108,0.3343320397319159,0.08896536784770656,1,18.0,0.0,4.5,0.0,0.0,traditional_trade,MX-NORTH,human_followup,sales_visit,1
448.58278067226684,4,9,0.7275611899651663,0.3052841058951879,0.5029665872255779,0,9.0,0.0,0.25,310.0,0.0,digital,CO-ANDES,product_recommendation,promote_core_pack,1
422.36387431463874,4,9,0.5518563784456476,0.4782243613931212,0.1026434829363043,3,18.0,0.0,4.5,0.0,0.0,traditional_trade,BR-SE,human_followup,sales_visit,0
328.2868033226343,5,27,0.7537497231865956,0.680561657842271,0.7772867927760552,0,9.0,0.0,0.25,310.0,0.0,modern_trade,CO-ANDES,product_recommendation,promote_core_pack,0
294.5429641177031,6,12,0.7611848054243426,0.2507738840715474,0.0925202792684161,3,18.0,0.0,4.5,0.0,0.0,traditional_trade,BR-SE,human_followup,sales_visit,1
461.6802358001779,6,19,0.767351963332457,0.7823174691663975,0.7701444948397258,3,9.0,0.0,0.25,310.0,0.0,digital,BR-SE,product_recommendation,promote_core_pack,1
330.52439605341004,4,15,0.7946456163385559,0.2379908805525116,0.6450727388368382,3,18.0,0.0,4.5,0.0,0.0,modern_trade,BR-SE,human_followup,sales_visit,0
318.4066989367554,7,1,0.5964350536480931,0.7949795656944265,0.16958407405122583,3,7.5,2.5,0.2,295.0,0.05,traditional_trade,CO-ANDES,promotion,targeted_discount,0
411.3720618675736,3,6,0.45233029758767096,0.4035508336368068,0.5094452216536364,0,9.0,0.0,0.25,310.0,0.0,traditional_trade,CO-ANDES,product_recommendation,promote_core_pack,0
465.13862460511723,4,18,0.8647332323700911,0.11365259503721062,0.3482073986640094,3,18.0,0.0,4.5,0.0,0.0,modern_trade,BR-SE,human_followup,sales_visit,1
398.413639625991,1,19,0.7990417020235151,0.7271742358644931,0.43345638805249836,2,18.0,0.0,4.5,0.0,0.0,modern_trade,BR-SE,human_followup,sales_visit,0
246.33185619635574,6,15,0.5537660053095294,0.4862513464361778,0.4792240594865589,1,18.0,0.0,4.5,0.0,0.0,digital,MX-CENTRAL,human_followup,sales_visit,0
310.26629505257904,4,14,0.7942434408100075,0.17479402354357768,0.38789043964024245,0,18.0,0.0,4.5,0.0,0.0,modern_trade,MX-NORTH,human_followup,sales_visit,1
358.16820682403693,4,0,0.5428448431565481,0.25789521882914224,0.5358115327601799,0,18.0,0.0,4.5,0.0,0.0,traditional_trade,CO-ANDES,human_followup,sales_visit,1
274.2662149352489,8,9,0.2532882425230573,0.2723708320281151,0.2618591755322545,1,18.0,0.0,4.5,0.0,0.0,modern_trade,BR-SE,human_followup,sales_visit,1
281.0492635524557,1,14,0.7497803691880012,0.50831813938423,0.30385574773046137,0,18.0,0.0,4.5,0.0,0.0,traditional_trade,CO-ANDES,human_followup,sales_visit,0
334.7315592983047,5,24,0.8245465901640852,0.3687826122927563,0.0812259653280819,1,9.0,0.0,0.25,310.0,0.0,modern_trade,MX-NORTH,product_recommendation,promote_core_pack,0
365.0902361082974,5,8,0.8831970842154194,0.5214716070825232,0.2815422063221526,0,18.0,0.0,4.5,0.0,0.0,traditional_trade,MX-CENTRAL,human_followup,sales_visit,0
237.69183741851901,5,1,0.7055340852466696,0.4788217979908726,0.3667003038636005,0,18.0,0.0,4.5,0.0,0.0,traditional_trade,BR-SE,human_followup,sales_visit,0
423.0243641611854,1,7,0.7050133701347184,0.0743865443088722,0.6491847598843277,2,7.5,2.5,0.2,295.0,0.05,modern_trade,MX-CENTRAL,promotion,targeted_discount,0
214.86064538988006,8,14,0.8126096764526998,0.38692662880153755,0.48828510823279175,2,9.0,0.0,0.25,310.0,0.0,modern_trade,CO-ANDES,product_recommendation,promote_core_pack,1
337.6296743936763,2,10,0.8472639657984627,0.29047316004393514,0.40882803101041754,0,15.5,1.5,0.25,385.0,0.0,traditional_trade,MX-CENTRAL,bundle,premium_bundle,1
114.39364448625747,3,9,0.6339730365995574,0.36606469837558864,0.47908312742992265,0,9.0,0.0,0.25,310.0,0.0,modern_trade,MX-NORTH,product_recommendation,promote_core_pack,0
234.95460689357995,6,21,0.7032214212134327,0.5399609820576079,0.7050645424187196,3,15.5,1.5,0.25,385.0,0.0,modern_trade,CO-ANDES,bundle,premium_bundle,0
351.70612000284757,6,27,0.7492498989387095,0.1754378834176225,0.308449529923247,3,18.0,0.0,4.5,0.0,0.0,modern_trade,MX-CENTRAL,human_followup,sales_visit,0
431.3114867552018,8,1,0.6042814653510815,0.5282525015164269,0.7713338987766919,2,7.5,2.5,0.2,295.0,0.05,traditional_trade,MX-NORTH,promotion,targeted_discount,1
469.2085340324056,4,29,0.3513812567824354,0.41396237133685954,0.6314075005702492,0,18.0,0.0,4.5,0.0,0.0,modern_trade,BR-SE,human_followup,sales_visit,1
356.9410894819958,5,24,0.6166319279912531,0.41657231880193607,0.7740333211700383,2,9.0,0.0,0.25,310.0,0.0,modern_trade,CO-ANDES,product_recommendation,promote_core_pack,1
452.492414582243,5,19,0.8343005811209103,0.34468218658603217,0.24836315032518128,2,15.5,1.5,0.25,385.0,0.0,digital,BR-SE,bundle,premium_bundle,0
370.7422314113495,1,10,0.698230125616989,0.35322190530491904,0.2991896952958244,0,15.5,1.5,0.25,385.0,0.0,traditional_trade,CO-ANDES,bundle,premium_bundle,0
297.00025513898447,7,6,0.9260961486437795,0.6187597334430676,0.5960191283370255,3,7.5,2.5,0.2,295.0,0.05,digital,BR-SE,promotion,targeted_discount,1
361.88727649110433,3,5,0.7833138874343931,0.5284830264248801,0.4254226666196558,2,9.0,0.0,0.25,310.0,0.0,modern_trade,MX-CENTRAL,product_recommendation,promote_core_pack,0
353.1493016044333,0,18,0.6681918443371343,0.3718304044684735,0.46208060231454195,3,18.0,0.0,4.5,0.0,0.0,modern_trade,MX-NORTH,human_followup,sales_visit,0
283.0278135936947,9,18,0.652239988830862,0.307589146816245,0.28129944607949237,2,18.0,0.0,4.5,0.0,0.0,traditional_trade,MX-CENTRAL,human_followup,sales_visit,0
417.11628809008187,3,8,0.4655287635362738,0.4651752905158821,0.2517141796031534,1,15.5,1.5,0.25,385.0,0.0,modern_trade,MX-NORTH,bundle,premium_bundle,0
298.7142926950762,3,11,0.5369283061111272,0.5320435944924531,0.42740460089288157,0,7.5,2.5,0.2,295.0,0.05,modern_trade,BR-SE,promotion,targeted_discount,1
454.3341913081531,1,6,0.5363605479399672,0.2866166263839881,0.1969992627375558,3,9.0,0.0,0.25,310.0,0.0,modern_trade,BR-SE,product_recommendation,promote_core_pack,0
391.04492792905285,2,30,0.9096368850225398,0.31553000086309035,0.20857028415210516,0,7.5,2.5,0.2,295.0,0.05,digital,BR-SE,promotion,targeted_discount,1
451.6743253311962,8,18,0.8926094474089651,0.552432328144153,0.8044963386652308,3,15.5,1.5,0.25,385.0,0.0,digital,MX-NORTH,bundle,premium_bundle,1
315.1385571635408,6,30,0.553814251704897,0.35074641048863314,0.3731918106862967,0,9.0,0.0,0.25,310.0,0.0,digital,MX-NORTH,product_recommendation,promote_core_pack,0
322.4567483860011,5,30,0.8724677769608503,0.54537057486372,0.47500825337543656,1,9.0,0.0,0.25,310.0,0.0,digital,MX-NORTH,product_recommendation,promote_core_pack,0
314.42910352985353,5,24,0.5595238252636845,0.2638386359993325,0.2659351680383656,1,9.0,0.0,0.25,310.0,0.0,digital,MX-CENTRAL,product_recommendation,promote_core_pack,0
276.6399475524451,3,26,0.3408779630838368,0.20067018837598707,0.07247921713789339,3,9.0,0.0,0.25,310.0,0.0,modern_trade,MX-CENTRAL,product_recommendation,promote_core_pack,0
315.71962446584115,4,17,0.711714576993895,0.6237192412303691,0.6141772969445226,1,9.0,0.0,0.25,310.0,0.0,digital,MX-CENTRAL,product_recommendation,promote_core_pack,1
320.710527641833,5,24,0.6848079023030902,0.37877989814324237,0.3312985466269732,3,7.5,2.5,0.2,295.0,0.05,digital,MX-CENTRAL,promotion,targeted_discount,0
317.76153426511644,6,2,0.5404629608356325,0.7061823324929658,0.3489999880967077,3,15.5,1.5,0.25,385.0,0.0,digital,CO-ANDES,bundle,premium_bundle,1
322.1741566988778,12,23,0.9065042922095098,0.2505385680352156,0.2847087657800185,1,18.0,0.0,4.5,0.0,0.0,modern_trade,CO-ANDES,human_followup,sales_visit,1
227.30506671710066,11,9,0.8062955394900885,0.4555407940649156,0.292121928261498,1,15.5,1.5,0.25,385.0,0.0,modern_trade,BR-SE,bundle,premium_bundle,0
352.4846454092016,1,28,0.8062780369167134,0.7124213730877064,0.26821669244139423,0,15.5,1.5,0.25,385.0,0.0,modern_trade,BR-SE,bundle,premium_bundle,0
485.55417886805037,5,23,0.5805841167745793,0.7439679117397638,0.3966358433387643,1,15.5,1.5,0.25,385.0,0.0,modern_trade,MX-NORTH,bundle,premium_bundle,1
252.21426315896562,3,26,0.7219916540646618,0.6709041346359595,0.5814027237640025,0,15.5,1.5,0.25,385.0,0.0,digital,CO-ANDES,bundle,premium_bundle,0
367.30240211562585,5,9,0.7561264494932745,0.34322097132173585,0.5055983027069157,0,9.0,0.0,0.25,310.0,0.0,traditional_trade,BR-SE,product_recommendation,promote_core_pack,1
257.6783555439909,3,11,0.7402246190789488,0.5543870975026999,0.28934798221306984,2,9.0,0.0,0.25,310.0,0.0,modern_trade,MX-NORTH,product_recommendation,promote_core_pack,0
348.6075643322315,1,24,0.67577406298339,0.1751788411091679,0.48138073404765735,2,18.0,0.0,4.5,0.0,0.0,modern_trade,BR-SE,human_followup,sales_visit,0
331.54279487536456,8,21,0.8261348640043236,0.6662502667257826,0.5221454629158891,2,18.0,0.0,4.5,0.0,0.0,modern_trade,MX-CENTRAL,human_followup,sales_visit,1
395.4769838581391,5,21,0.8117483689326009,0.5532695240005111,0.10707493182568048,0,7.5,2.5,0.2,295.0,0.05,digital,BR-SE,promotion,targeted_discount,0
353.8610049239345,4,1,0.3522731491699643,0.47828539825013233,0.4257995337113756,0,9.0,0.0,0.25,310.0,0.0,digital,BR-SE,product_recommendation,promote_core_pack,1
240.826840651352,3,25,0.6075506421659338,0.39319385713699156,0.08648280014976249,2,7.5,2.5,0.2,295.0,0.05,digital,MX-CENTRAL,promotion,targeted_discount,0
422.8188611272102,5,29,0.8659528987669054,0.30544072829711894,0.31277844077188593,1,9.0,0.0,0.25,310.0,0.0,modern_trade,BR-SE,product_recommendation,promote_core_pack,1
237.93114050046583,5,12,0.7277909462866147,0.444630240064011,0.5221541207625101,0,9.0,0.0,0.25,310.0,0.0,modern_trade,MX-NORTH,product_recommendation,promote_core_pack,1
297.35955083069143,2,12,0.5565720874488709,0.3575578542732412,0.8065676001597636,2,7.5,2.5,0.2,295.0,0.05,traditional_trade,MX-NORTH,promotion,targeted_discount,0
312.0341457766355,4,30,0.658874826746121,0.38477582960781453,0.21237449145976514,2,7.5,2.5,0.2,295.0,0.05,modern_trade,MX-NORTH,promotion,targeted_discount,1
310.017018339921,4,19,0.7849012054971822,0.4389719181330266,0.5744919863209788,1,15.5,1.5,0.25,385.0,0.0,modern_trade,MX-NORTH,bundle,premium_bundle,0
282.65856063526337,7,28,0.8167298771152997,0.27134231994833324,0.3360192448714956,1,9.0,0.0,0.25,310.0,0.0,modern_trade,MX-NORTH,product_recommendation,promote_core_pack,1
257.71699449501557,8,23,0.5650224119933699,0.3511977504000157,0.6852206294870014,3,7.5,2.5,0.2,295.0,0.05,modern_trade,CO-ANDES,promotion,targeted_discount,1
262.3348590448652,5,19,0.7252697927084157,0.6930757416532785,0.1730173117455625,3,15.5,1.5,0.25,385.0,0.0,digital,MX-CENTRAL,bundle,premium_bundle,0
445.21574896715185,8,23,0.8002410459743905,0.25276161920369794,0.32126879947850334,0,7.5,2.5,0.2,295.0,0.05,digital,BR-SE,promotion,targeted_discount,1
287.51901678339107,3,7,0.8931476295389833,0.6884158242915677,0.5317560475700375,3,15.5,1.5,0.25,385.0,0.0,digital,BR-SE,bundle,premium_bundle,0
354.07453106568585,1,24,0.9866713334783513,0.4154450449748055,0.1860361464688421,2,9.0,0.0,0.25,310.0,0.0,digital,CO-ANDES,product_recommendation,promote_core_pack,0
365.46407862566,6,9,0.6820212345961978,0.15486974417925567,0.12723859386086347,3,9.0,0.0,0.25,310.0,0.0,traditional_trade,BR-SE,product_recommendation,promote_core_pack,0
183.3905347835316,3,29,0.5707379681117035,0.5057445746247982,0.6787802696773896,0,9.0,0.0,0.25,310.0,0.0,modern_trade,MX-CENTRAL,product_recommendation,promote_core_pack,0
326.2254858954195,5,26,0.9259432595787214,0.3153437000764524,0.27688373920297105,2,15.5,1.5,0.25,385.0,0.0,traditional_trade,CO-ANDES,bundle,premium_bundle,1
304.50398369644637,6,18,0.818863052101495,0.4736963937271385,0.2233478400696857,2,7.5,2.5,0.2,295.0,0.05,digital,BR-SE,promotion,targeted_discount,1
348.71416063553386,8,0,0.7129244050693774,0.4413554453408288,0.2839986772583913,1,15.5,1.5,0.25,385.0,0.0,digital,BR-SE,bundle,premium_bundle,1
298.34476285963854,6,29,0.5523839793931226,0.15510779835328856,0.21565130923347028,2,15.5,1.5,0.25,385.0,0.0,traditional_trade,CO-ANDES,bundle,premium_bundle,0
294.8800584331251,4,27,0.8447805001432005,0.2978950212602469,0.13843395328140506,0,9.0,0.0,0.25,310.0,0.0,digital,CO-ANDES,product_recommendation,promote_core_pack,1
502.26461761514355,3,5,0.8763221419343198,0.22109790610341548,0.4756142182885042,2,15.5,1.5,0.25,385.0,0.0,traditional_trade,MX-CENTRAL,bundle,premium_bundle,0
211.94469247668445,10,12,0.7823319751238108,0.47289454077664206,0.16800161851989384,0,18.0,0.0,4.5,0.0,0.0,digital,BR-SE,human_followup,sales_visit,1
376.8646299193212,4,23,0.3435843834565085,0.32691985242188126,0.4135235150674646,2,7.5,2.5,0.2,295.0,0.05,modern_trade,MX-CENTRAL,promotion,targeted_discount,0
385.4671497051504,3,28,0.6209503645314975,0.3391102206165162,0.6154770814097766,0,7.5,2.5,0.2,295.0,0.05,traditional_trade,MX-NORTH,promotion,targeted_discount,0
256.41127364792953,3,16,0.7929078956214373,0.10151713264671665,0.501773668222333,2,7.5,2.5,0.2,295.0,0.05,modern_trade,CO-ANDES,promotion,targeted_discount,0
287.08311214909776,3,26,0.7942670206762174,0.602829543939233,0.42860462864754134,2,18.0,0.0,4.5,0.0,0.0,traditional_trade,MX-NORTH,human_followup,sales_visit,0
397.7487567363316,3,19,0.809685565349203,0.675707214254676,0.31226793068691844,2,18.0,0.0,4.5,0.0,0.0,traditional_trade,BR-SE,human_followup,sales_visit,0
309.3389631453736,7,12,0.5025181553131781,0.5421576720127873,0.6576918729764779,0,18.0,0.0,4.5,0.0,0.0,traditional_trade,CO-ANDES,human_followup,sales_visit,0
350.40382211261544,2,4,0.4363700559564219,0.5521938417775083,0.10251321150014504,3,15.5,1.5,0.25,385.0,0.0,digital,CO-ANDES,bundle,premium_bundle,0
331.6902003383287,5,13,0.6692593018590307,0.2942080771854711,0.770413850932038,1,18.0,0.0,4.5,0.0,0.0,traditional_trade,MX-CENTRAL,human_followup,sales_visit,0
247.32379819595045,6,10,0.4397998921886948,0.5033098481309913,0.040636462837784916,3,9.0,0.0,0.25,310.0,0.0,modern_trade,CO-ANDES,product_recommendation,promote_core_pack,0
312.6158628092684,8,11,0.2804666344001799,0.6837828794950913,0.3811748116629627,3,15.5,1.5,0.25,385.0,0.0,digital,MX-NORTH,bundle,premium_bundle,0
236.91173320740938,7,28,0.6735312035910402,0.24618373881517838,0.09261815027786846,0,18.0,0.0,4.5,0.0,0.0,digital,CO-ANDES,human_followup,sales_visit,1
361.2511844285683,5,17,0.7287987558024767,0.3425610431740797,0.4566455297078954,2,15.5,1.5,0.25,385.0,0.0,modern_trade,MX-NORTH,bundle,premium_bundle,1
325.53517365853037,5,30,0.4804331940528487,0.2290366004444069,0.6302240561529554,3,7.5,2.5,0.2,295.0,0.05,modern_trade,MX-CENTRAL,promotion,targeted_discount,0
359.11843739485784,7,30,0.5214872697643163,0.37203430902564966,0.09412868169765437,1,15.5,1.5,0.25,385.0,0.0,traditional_trade,BR-SE,bundle,premium_bundle,1
368.61375357763404,7,6,0.4181454622179535,0.5558092453361518,0.24372027765735468,0,9.0,0.0,0.25,310.0,0.0,traditional_trade,BR-SE,product_recommendation,promote_core_pack,1
293.8507575632466,0,26,0.825680925081711,0.552002180389524,0.700679778243963,1,9.0,0.0,0.25,310.0,0.0,modern_trade,CO-ANDES,product_recommendation,promote_core_pack,0
456.39750871925895,5,26,0.6009596534162812,0.4684481687217767,0.17556898422132688,3,7.5,2.5,0.2,295.0,0.05,digital,MX-NORTH,promotion,targeted_discount,0
220.4072533452479,3,20,0.896725344676391,0.7335737775175873,0.3261460589107027,1,15.5,1.5,0.25,385.0,0.0,digital,MX-CENTRAL,bundle,premium_bundle,0
180.19823988951595,5,14,0.6372824863448041,0.5163024724089941,0.7766363613248811,2,7.5,2.5,0.2,295.0,0.05,digital,MX-CENTRAL,promotion,targeted_discount,0
202.84127748435992,6,9,0.41933617942891155,0.4209618246712995,0.3725676118902354,0,15.5,1.5,0.25,385.0,0.0,modern_trade,BR-SE,bundle,premium_bundle,1
129.98423044091717,5,13,0.38107996369399044,0.29581429554907535,0.5275485237244741,1,9.0,0.0,0.25,310.0,0.0,digital,MX-NORTH,product_recommendation,promote_core_pack,0
380.73198022016425,5,16,0.40478786691271235,0.20613336446028602,0.10839407093039101,0,9.0,0.0,0.25,310.0,0.0,traditional_trade,MX-CENTRAL,product_recommendation,promote_core_pack,0
369.5497295131735,4,7,0.9089100631421023,0.3435095656515418,0.7659838821772895,1,15.5,1.5,0.25,385.0,0.0,modern_trade,BR-SE,bundle,premium_bundle,1
323.236539003738,7,14,0.8748021320863932,0.07820286085635578,0.6357929164386915,0,9.0,0.0,0.25,310.0,0.0,digital,MX-CENTRAL,product_recommendation,promote_core_pack,1
506.16614349956814,7,30,0.7650410271252304,0.40504792756910124,0.1915109372804485,1,15.5,1.5,0.25,385.0,0.0,digital,MX-CENTRAL,bundle,premium_bundle,0
353.14100193834054,7,30,0.48255678961467885,0.4367152570785614,0.5424324943965936,0,18.0,0.0,4.5,0.0,0.0,traditional_trade,CO-ANDES,human_followup,sales_visit,0
307.52368786704926,4,16,0.6125352158178522,0.49091190459236606,0.6481523941487088,3,15.5,1.5,0.25,385.0,0.0,modern_trade,CO-ANDES,bundle,premium_bundle,1
210.1095167133191,4,18,0.5747928642297077,0.508325539893968,0.6292287345534002,1,18.0,0.0,4.5,0.0,0.0,digital,MX-CENTRAL,human_followup,sales_visit,0
207.56245581771657,4,18,0.6382005900600437,0.31268948629874593,0.12065505464063733,1,7.5,2.5,0.2,295.0,0.05,digital,BR-SE,promotion,targeted_discount,0
361.41228125002823,4,29,0.7195613374736564,0.7783345342065101,0.37654180573350743,1,9.0,0.0,0.25,310.0,0.0,traditional_trade,BR-SE,product_recommendation,promote_core_pack,1
282.03641573763775,5,3,0.933076276379362,0.638005040552264,0.5507407682615868,0,9.0,0.0,0.25,310.0,0.0,digital,MX-CENTRAL,product_recommendation,promote_core_pack,1
259.5861262173041,7,28,0.8513550293207652,0.553347893148936,0.40538181744601065,0,15.5,1.5,0.25,385.0,0.0,modern_trade,CO-ANDES,bundle,premium_bundle,0
424.55806837762515,5,7,0.7968176223448019,0.22845235240388775,0.675088087186741,0,7.5,2.5,0.2,295.0,0.05,digital,MX-NORTH,promotion,targeted_discount,0
297.13630257905834,2,3,0.7699538236832041,0.11241234282687448,0.33036493549487905,1,9.0,0.0,0.25,310.0,0.0,modern_trade,CO-ANDES,product_recommendation,promote_core_pack,1
270.12298425085856,6,19,0.843559457257438,0.2553721325984157,0.20217243390979903,1,7.5,2.5,0.2,295.0,0.05,traditional_trade,CO-ANDES,promotion,targeted_discount,1
386.5648800663354,6,4,0.3277414925514468,0.5538563279755517,0.4821425434214205,3,9.0,0.0,0.25,310.0,0.0,modern_trade,MX-CENTRAL,product_recommendation,promote_core_pack,0
398.16086420930526,4,17,0.6696374612117757,0.5000084395532246,0.4607977916336106,2,9.0,0.0,0.25,310.0,0.0,traditional_trade,MX-CENTRAL,product_recommendation,promote_core_pack,0
260.1110414956416,3,28,0.7126598943579865,0.6157602308268348,0.12291009780298731,1,18.0,0.0,4.5,0.0,0.0,traditional_trade,MX-NORTH,human_followup,sales_visit,1
416.1924520460603,9,14,0.4645307049228547,0.647816636882727,0.2699113218612067,0,7.5,2.5,0.2,295.0,0.05,traditional_trade,CO-ANDES,promotion,targeted_discount,0
470.46579686346956,5,29,0.7162911633324615,0.5995884669366293,0.6532081484973072,2,15.5,1.5,0.25,385.0,0.0,traditional_trade,BR-SE,bundle,premium_bundle,0
366.9893370617793,9,14,0.19638721741724038,0.4959943949760161,0.16720141818286088,1,9.0,0.0,0.25,310.0,0.0,traditional_trade,MX-CENTRAL,product_recommendation,promote_core_pack,1
424.73645172487545,8,30,0.6941974146417318,0.5748451269449953,0.6271861567119139,1,9.0,0.0,0.25,310.0,0.0,digital,CO-ANDES,product_recommendation,promote_core_pack,1
268.92940143632745,6,6,0.2816366211734079,0.489569534658401,0.7002278075070166,2,15.5,1.5,0.25,385.0,0.0,traditional_trade,BR-SE,bundle,premium_bundle,1
334.93961980137914,3,27,0.6731741968437663,0.32438249400034846,0.3366868344850655,0,7.5,2.5,0.2,295.0,0.05,modern_trade,MX-NORTH,promotion,targeted_discount,1
336.8183633735619,3,15,0.7460867922311957,0.3439707780607073,0.23696295931487846,0,18.0,0.0,4.5,0.0,0.0,digital,MX-NORTH,human_followup,sales_visit,0
354.41313314601143,3,15,0.85885629973165,0.7689432759020228,0.40152385573458144,2,7.5,2.5,0.2,295.0,0.05,modern_trade,BR-SE,promotion,targeted_discount,1
329.47974498104224,7,2,0.689135050301144,0.3459547379991258,0.22603947406977692,1,7.5,2.5,0.2,295.0,0.05,traditional_trade,MX-NORTH,promotion,targeted_discount,1
367.182622875206,4,4,0.7127998052973232,0.5563503038180838,0.6154912490031852,3,9.0,0.0,0.25,310.0,0.0,modern_trade,MX-CENTRAL,product_recommendation,promote_core_pack,1
476.62780007293827,7,19,0.44323514331510716,0.7804794185345193,0.15749717299569507,2,7.5,2.5,0.2,295.0,0.05,modern_trade,MX-CENTRAL,promotion,targeted_discount,1
270.2920327009444,4,28,0.7118216131493377,0.3466247684952345,0.19954944586436005,3,7.5,2.5,0.2,295.0,0.05,digital,MX-CENTRAL,promotion,targeted_discount,0
412.07773634193774,7,2,0.8043020084739878,0.40118292300870234,0.30471603855036483,3,9.0,0.0,0.25,310.0,0.0,digital,MX-NORTH,product_recommendation,promote_core_pack,0
535.1116926254389,3,12,0.6780932666722614,0.18774737031201866,0.23400898182480429,0,18.0,0.0,4.5,0.0,0.0,digital,MX-NORTH,human_followup,sales_visit,1
257.4945127153922,9,14,0.7343554832457595,0.3487162358299943,0.7413392234943692,0,18.0,0.0,4.5,0.0,0.0,traditional_trade,BR-SE,human_followup,sales_visit,1
419.3220285094416,3,27,0.46766402766631343,0.808126664522502,0.48765964170006015,2,15.5,1.5,0.25,385.0,0.0,digital,MX-CENTRAL,bundle,premium_bundle,1
523.5538070549891,2,7,0.5485466471409713,0.7456681658680065,0.6443646057896619,3,15.5,1.5,0.25,385.0,0.0,traditional_trade,MX-NORTH,bundle,premium_bundle,1
307.0672602185856,5,2,0.8470560375555888,0.7239323507755319,0.27260479841275953,1,18.0,0.0,4.5,0.0,0.0,modern_trade,CO-ANDES,human_followup,sales_visit,1
385.8760102277339,4,16,0.7250414900426837,0.2913353995650207,0.4783676391554037,0,9.0,0.0,0.25,310.0,0.0,traditional_trade,MX-CENTRAL,product_recommendation,promote_core_pack,1
377.54711616063884,7,26,0.7925071848298966,0.2561976933059769,0.32596544044986453,3,7.5,2.5,0.2,295.0,0.05,digital,BR-SE,promotion,targeted_discount,0
295.01288972049304,4,1,0.6595727922923389,0.7356800138978772,0.40730850132312824,1,7.5,2.5,0.2,295.0,0.05,modern_trade,MX-CENTRAL,promotion,targeted_discount,1
522.4264228879204,5,6,0.540067126901727,0.8033610044979019,0.7035030318738321,3,7.5,2.5,0.2,295.0,0.05,modern_trade,BR-SE,promotion,targeted_discount,1
276.52386066993057,5,7,0.6077144493743634,0.3115390595737343,0.34338182653205485,1,7.5,2.5,0.2,295.0,0.05,digital,CO-ANDES,promotion,targeted_discount,0
470.1213855210781,3,26,0.45799047971727375,0.7842452653296742,0.6378887193230827,3,15.5,1.5,0.25,385.0,0.0,digital,MX-NORTH,bundle,premium_bundle,0
270.04699311986286,6,7,0.4756257110946517,0.3713907873806133,0.6335491712191518,3,18.0,0.0,4.5,0.0,0.0,digital,MX-CENTRAL,human_followup,sales_visit,1
296.72109415605695,3,12,0.7328810061915861,0.48960477325927115,0.33575034105227347,2,9.0,0.0,0.25,310.0,0.0,digital,BR-SE,product_recommendation,promote_core_pack,1
291.46752253332784,2,5,0.5456154966103637,0.6286412626438858,0.7511539855616052,2,9.0,0.0,0.25,310.0,0.0,traditional_trade,MX-NORTH,product_recommendation,promote_core_pack,0
274.2138750123979,5,23,0.6704715213830793,0.17314697144823632,0.15591484847810244,2,7.5,2.5,0.2,295.0,0.05,traditional_trade,CO-ANDES,promotion,targeted_discount,1
458.9234751657558,4,12,0.2159080175556834,0.3434855138593913,0.2064631358928459,1,18.0,0.0,4.5,0.0,0.0,modern_trade,MX-NORTH,human_followup,sales_visit,0
383.8225439903204,7,22,0.943282840678403,0.33243611317153715,0.10178750702930649,0,15.5,1.5,0.25,385.0,0.0,traditional_trade,CO-ANDES,bundle,premium_bundle,1
239.4812321368865,2,4,0.354419037523608,0.16516636205074617,0.22081316396074108,3,7.5,2.5,0.2,295.0,0.05,digital,MX-CENTRAL,promotion,targeted_discount,0
227.9947545407075,6,18,0.9680395133811796,0.4760432378961636,0.09023777296942023,3,7.5,2.5,0.2,295.0,0.05,traditional_trade,BR-SE,promotion,targeted_discount,0
232.4068400579973,2,11,0.4405409075647449,0.6292522896041551,0.22537537032497187,2,7.5,2.5,0.2,295.0,0.05,digital,MX-CENTRAL,promotion,targeted_discount,0
371.46997167048835,4,4,0.5849992323724924,0.49323450888813364,0.6061113201003774,0,7.5,2.5,0.2,295.0,0.05,modern_trade,MX-NORTH,promotion,targeted_discount,1
507.2953088926723,5,25,0.3239287301401099,0.6278603999447673,0.3231360874801988,0,7.5,2.5,0.2,295.0,0.05,digital,MX-NORTH,promotion,targeted_discount,1
343.4487413343775,6,3,0.8386802149472287,0.3461286823311629,0.20893432279316532,0,18.0,0.0,4.5,0.0,0.0,modern_trade,MX-NORTH,human_followup,sales_visit,1
358.96969899338046,3,6,0.9404508131272091,0.7552842268415787,0.1711785875434845,0,7.5,2.5,0.2,295.0,0.05,modern_trade,BR-SE,promotion,targeted_discount,1
320.07915246646866,6,28,0.8418801955481086,0.39847285504685637,0.2676044779055382,1,18.0,0.0,4.5,0.0,0.0,traditional_trade,BR-SE,human_followup,sales_visit,1
345.2569356346576,2,2,0.768610780929256,0.35596932457945174,0.09457250043922344,3,18.0,0.0,4.5,0.0,0.0,traditional_trade,BR-SE,human_followup,sales_visit,1
370.5587807437735,9,19,0.40380110672000613,0.20795548812350645,0.40452774797159846,2,7.5,2.5,0.2,295.0,0.05,traditional_trade,MX-CENTRAL,promotion,targeted_discount,1
330.53753913441994,8,0,0.7330484164503539,0.31516324088133135,0.4893008447839277,2,18.0,0.0,4.5,0.0,0.0,digital,CO-ANDES,human_followup,sales_visit,1
429.5402294262573,1,21,0.6328214541006085,0.5809598542963176,0.29732334064582167,3,9.0,0.0,0.25,310.0,0.0,modern_trade,CO-ANDES,product_recommendation,promote_core_pack,1
363.024735945924,5,4,0.7436300873793741,0.2946516310926935,0.3488205284396698,0,7.5,2.5,0.2,295.0,0.05,modern_trade,MX-CENTRAL,promotion,targeted_discount,1
394.5543720942538,7,10,0.9517380742748222,0.7358091121036201,0.2368887853992036,2,15.5,1.5,0.25,385.0,0.0,modern_trade,BR-SE,bundle,premium_bundle,1
356.5479301801646,4,1,0.8607929391242432,0.6776950667384432,0.07837258128115816,2,18.0,0.0,4.5,0.0,0.0,traditional_trade,CO-ANDES,human_followup,sales_visit,0
201.96445195708918,8,24,0.7006392125938332,0.29144290829419023,0.48435311457518776,0,7.5,2.5,0.2,295.0,0.05,modern_trade,MX-CENTRAL,promotion,targeted_discount,1
350.2063763600253,3,16,0.8056292578211522,0.35870037592322546,0.4952771569213764,3,7.5,2.5,0.2,295.0,0.05,digital,CO-ANDES,promotion,targeted_discount,0
437.35825627576,8,0,0.9325959362448174,0.33001714409546407,0.3112884134243261,2,18.0,0.0,4.5,0.0,0.0,modern_trade,MX-CENTRAL,human_followup,sales_visit,1
287.2114508043757,7,13,0.42664756926546327,0.2575309493634461,0.27954514698054345,1,7.5,2.5,0.2,295.0,0.05,traditional_trade,CO-ANDES,promotion,targeted_discount,1
213.91693928007976,4,27,0.7280394801537414,0.14790204950907201,0.5437335009676816,0,9.0,0.0,0.25,310.0,0.0,digital,MX-NORTH,product_recommendation,promote_core_pack,1
281.1147432014139,6,28,0.3084775468836706,0.4815180215381995,0.1352012802023888,2,18.0,0.0,4.5,0.0,0.0,traditional_trade,MX-NORTH,human_followup,sales_visit,1
431.1846199190828,7,8,0.5509347796836415,0.1481906475550289,0.09292154892150074,2,18.0,0.0,4.5,0.0,0.0,traditional_trade,MX-CENTRAL,human_followup,sales_visit,1
371.06193192698584,5,1,0.6434271399361012,0.329732649415716,0.4114044653063056,3,9.0,0.0,0.25,310.0,0.0,digital,MX-CENTRAL,product_recommendation,promote_core_pack,1
385.72980883160176,5,18,0.7240303070072839,0.28639725572923386,0.13761768958347312,1,18.0,0.0,4.5,0.0,0.0,digital,MX-CENTRAL,human_followup,sales_visit,0
404.34899425276933,5,19,0.6464177293438368,0.8771890963682661,0.10892915510642097,2,18.0,0.0,4.5,0.0,0.0,modern_trade,MX-CENTRAL,human_followup,sales_visit,1
390.1123565129232,6,0,0.7355929697986896,0.6600891668796817,0.5604542059726627,1,15.5,1.5,0.25,385.0,0.0,digital,MX-NORTH,bundle,premium_bundle,0
140.01001463367692,3,24,0.5846048758488088,0.3277921029618849,0.7830179534958851,1,9.0,0.0,0.25,310.0,0.0,traditional_trade,CO-ANDES,product_recommendation,promote_core_pack,0
142.18210332380124,8,4,0.42887333125383204,0.47121179392797213,0.501341117275254,0,15.5,1.5,0.25,385.0,0.0,traditional_trade,BR-SE,bundle,premium_bundle,1
398.04932477315,4,17,0.8332073232825146,0.4234375158754483,0.290407045519812,2,18.0,0.0,4.5,0.0,0.0,modern_trade,MX-CENTRAL,human_followup,sales_visit,1
254.64215653317012,3,23,0.7025178574546106,0.4054651057262228,0.6740458449338852,1,9.0,0.0,0.25,310.0,0.0,modern_trade,MX-NORTH,product_recommendation,promote_core_pack,1
444.78371332061283,5,18,0.3376007628890224,0.2501560282282775,0.3900376093073928,3,7.5,2.5,0.2,295.0,0.05,digital,MX-NORTH,promotion,targeted_discount,0
239.04276683983323,5,23,0.6122585353480648,0.3445656843154776,0.09302348383393881,2,7.5,2.5,0.2,295.0,0.05,modern_trade,CO-ANDES,promotion,targeted_discount,1
406.1907211689776,6,26,0.6553593377988236,0.531079450489144,0.4824145528172045,2,9.0,0.0,0.25,310.0,0.0,digital,MX-CENTRAL,product_recommendation,promote_core_pack,0
394.7669515331147,7,21,0.46739577446649977,0.7619260667218836,0.29218280581531964,1,9.0,0.0,0.25,310.0,0.0,digital,CO-ANDES,product_recommendation,promote_core_pack,1
185.11249032508667,3,16,0.43005872324607647,0.9062357790286444,0.30235516909237464,1,9.0,0.0,0.25,310.0,0.0,digital,MX-CENTRAL,product_recommendation,promote_core_pack,1
274.2554587913644,2,1,0.6691714423070085,0.5500367663159483,0.2337029568717195,3,9.0,0.0,0.25,310.0,0.0,traditional_trade,MX-NORTH,product_recommendation,promote_core_pack,1
270.3667646445929,6,25,0.3323131461904746,0.4346696370889335,0.30400889701228173,2,7.5,2.5,0.2,295.0,0.05,modern_trade,CO-ANDES,promotion,targeted_discount,1
427.4057076184477,6,24,0.6471325042574837,0.43742103541782607,0.18728991552692578,0,9.0,0.0,0.25,310.0,0.0,digital,MX-CENTRAL,product_recommendation,promote_core_pack,0
443.77128478471377,10,26,0.6295765916668336,0.19619974532176387,0.6704978736936448,1,15.5,1.5,0.25,385.0,0.0,modern_trade,CO-ANDES,bundle,premium_bundle,1
382.84561038241765,11,4,0.5552877928401706,0.5277014051033374,0.2129184279323165,3,7.5,2.5,0.2,295.0,0.05,modern_trade,MX-CENTRAL,promotion,targeted_discount,1
288.59284699206887,8,17,0.967411364416078,0.36153998824879763,0.3413870372666175,0,7.5,2.5,0.2,295.0,0.05,digital,BR-SE,promotion,targeted_discount,1
436.6018889619207,6,13,0.6356142584823684,0.48129610335436657,0.7047259391525462,2,15.5,1.5,0.25,385.0,0.0,traditional_trade,MX-NORTH,bundle,premium_bundle,1
143.66142159922677,4,25,0.7324078341393019,0.6676013666543955,0.65492619928085,3,7.5,2.5,0.2,295.0,0.05,traditional_trade,MX-CENTRAL,promotion,targeted_discount,1
401.20831684392226,6,8,0.6732981182690244,0.15761651709909655,0.5582171341675004,3,18.0,0.0,4.5,0.0,0.0,modern_trade,CO-ANDES,human_followup,sales_visit,0
197.22905519701686,10,6,0.8064785236454052,0.6420813454087284,0.1681821213595295,1,9.0,0.0,0.25,310.0,0.0,modern_trade,BR-SE,product_recommendation,promote_core_pack,1
578.864290829815,5,24,0.6332117933339865,0.4398012847942839,0.3250575284995925,0,15.5,1.5,0.25,385.0,0.0,traditional_trade,MX-NORTH,bundle,premium_bundle,0
383.95164108023374,5,21,0.806254042562555,0.11931733424263223,0.3537016874715995,1,18.0,0.0,4.5,0.0,0.0,traditional_trade,MX-NORTH,human_followup,sales_visit,1
443.9472491159004,7,4,0.27382426492067613,0.33940670220949976,0.4907888114499085,0,15.5,1.5,0.25,385.0,0.0,modern_trade,MX-NORTH,bundle,premium_bundle,0
351.01010696784647,5,24,0.8934752366441094,0.14760305290000766,0.5362443287950596,3,15.5,1.5,0.25,385.0,0.0,modern_trade,BR-SE,bundle,premium_bundle,0
321.41680908140245,3,6,0.6404788468807328,0.6048417563743556,0.6137897614660153,1,9.0,0.0,0.25,310.0,0.0,modern_trade,BR-SE,product_recommendation,promote_core_pack,0
452.4516263743691,3,9,0.9610820739444662,0.8925524341646657,0.4377325363120406,3,18.0,0.0,4.5,0.0,0.0,traditional_trade,BR-SE,human_followup,sales_visit,1
245.61623941271995,4,14,0.9286459302826509,0.2306540643833611,0.2629009399875066,2,18.0,0.0,4.5,0.0,0.0,traditional_trade,BR-SE,human_followup,sales_visit,0
292.64034968554535,1,20,0.4583587215943998,0.7410392017225744,0.40761784242621807,0,18.0,0.0,4.5,0.0,0.0,digital,MX-NORTH,human_followup,sales_visit,1
301.24910837848483,5,29,0.5247790383443866,0.7108631303909995,0.508222231564557,1,7.5,2.5,0.2,295.0,0.05,digital,MX-CENTRAL,promotion,targeted_discount,1
284.0778366447081,3,8,0.8726340181404169,0.11452602650990984,0.1563663976187647,0,7.5,2.5,0.2,295.0,0.05,modern_trade,MX-CENTRAL,promotion,targeted_discount,1
200.85209751510007,3,3,0.7325848237583256,0.25003064240534456,0.424983620783347,2,9.0,0.0,0.25,310.0,0.0,traditional_trade,MX-CENTRAL,product_recommendation,promote_core_pack,1
449.59122411145376,5,15,0.2782116876128063,0.6977639110274315,0.40888840987225133,3,9.0,0.0,0.25,310.0,0.0,modern_trade,MX-NORTH,product_recommendation,promote_core_pack,0
433.1942789542373,8,8,0.45362658089418384,0.36021814762728865,0.6415113746353867,0,15.5,1.5,0.25,385.0,0.0,modern_trade,CO-ANDES,bundle,premium_bundle,1
338.0373373512166,6,2,0.6037918078646212,0.39989264976601774,0.46594457883879065,1,7.5,2.5,0.2,295.0,0.05,digital,MX-NORTH,promotion,targeted_discount,1
278.38962132759514,6,6,0.8137770220544879,0.7768426255874473,0.3131774991281109,3,15.5,1.5,0.25,385.0,0.0,traditional_trade,MX-CENTRAL,bundle,premium_bundle,1
387.82516646678346,3,25,0.7188619247498064,0.620558292636232,0.12089859891137601,1,15.5,1.5,0.25,385.0,0.0,digital,MX-NORTH,bundle,premium_bundle,0
198.83765856204553,5,10,0.456597368167166,0.41696105600939437,0.547463666543868,2,9.0,0.0,0.25,310.0,0.0,modern_trade,MX-CENTRAL,product_recommendation,promote_core_pack,0
508.8023212154658,5,30,0.8442869572180857,0.22003734203189065,0.4951869099875299,2,9.0,0.0,0.25,310.0,0.0,traditional_trade,CO-ANDES,product_recommendation,promote_core_pack,1
412.03792028394724,2,19,0.14394523247691174,0.3496249116220984,0.8551236699360542,2,9.0,0.0,0.25,310.0,0.0,modern_trade,MX-NORTH,product_recommendation,promote_core_pack,1
348.26837502385774,6,2,0.647432030468731,0.491785419785971,0.24423298806816873,3,7.5,2.5,0.2,295.0,0.05,traditional_trade,BR-SE,promotion,targeted_discount,1
333.26468717132406,5,18,0.9745086719153099,0.1733815306263291,0.33380749268340193,1,15.5,1.5,0.25,385.0,0.0,digital,CO-ANDES,bundle,premium_bundle,0
218.96337512696698,7,23,0.41857082547366126,0.19181414826424267,0.5056629929853371,3,18.0,0.0,4.5,0.0,0.0,traditional_trade,BR-SE,human_followup,sales_visit,0
473.5849746021323,4,11,0.4765140071409765,0.4470102676538019,0.34550543011891083,2,18.0,0.0,4.5,0.0,0.0,digital,CO-ANDES,human_followup,sales_visit,0
226.3793137163179,2,5,0.28829839503064775,0.3591942554680113,0.4549502805306576,1,15.5,1.5,0.25,385.0,0.0,digital,MX-NORTH,bundle,premium_bundle,0
485.2817672723348,6,8,0.6996960508185563,0.6551510939306939,0.5670865633369666,1,18.0,0.0,4.5,0.0,0.0,modern_trade,MX-CENTRAL,human_followup,sales_visit,1
433.8534256069669,7,12,0.853167734593398,0.7628453210038298,0.6610076729113004,2,9.0,0.0,0.25,310.0,0.0,traditional_trade,MX-NORTH,product_recommendation,promote_core_pack,1
384.3492405828093,6,10,0.8242349047318981,0.2735907369746152,0.21150493156790584,2,9.0,0.0,0.25,310.0,0.0,digital,BR-SE,product_recommendation,promote_core_pack,1
349.72362140317546,5,30,0.7112451491222808,0.31350818879568215,0.21839213707834573,0,7.5,2.5,0.2,295.0,0.05,digital,BR-SE,promotion,targeted_discount,1
181.38592075761747,5,19,0.7033348252855537,0.41349065673289476,0.6089178400127047,3,7.5,2.5,0.2,295.0,0.05,modern_trade,BR-SE,promotion,targeted_discount,0
236.82578504993896,2,8,0.5576684464102561,0.6485627127344591,0.37544604363701156,3,15.5,1.5,0.25,385.0,0.0,traditional_trade,MX-NORTH,bundle,premium_bundle,1
380.649582030155,3,21,0.6497617211655227,0.7195454971139859,0.12320918987115406,2,18.0,0.0,4.5,0.0,0.0,digital,CO-ANDES,human_followup,sales_visit,1
447.5303714762373,1,27,0.7496397407510832,0.16729053132263524,0.20077443996789826,0,9.0,0.0,0.25,310.0,0.0,modern_trade,BR-SE,product_recommendation,promote_core_pack,1
438.4926025213403,6,20,0.4351780707308203,0.7974549728481074,0.2786298458798195,0,7.5,2.5,0.2,295.0,0.05,digital,MX-NORTH,promotion,targeted_discount,1
196.86368093703862,4,27,0.5476809663159748,0.31471950157109735,0.42289715225273616,3,7.5,2.5,0.2,295.0,0.05,modern_trade,MX-NORTH,promotion,targeted_discount,0
459.3520627250353,2,21,0.7984219269594196,0.37516733097399235,0.3509742092193004,3,15.5,1.5,0.25,385.0,0.0,digital,BR-SE,bundle,premium_bundle,1
539.2885933286093,4,7,0.38172055040523784,0.6481737157433374,0.5411163051674523,1,18.0,0.0,4.5,0.0,0.0,digital,CO-ANDES,human_followup,sales_visit,0
426.5648642327515,10,25,0.6815679829898097,0.19269252059919395,0.34389855852533185,1,9.0,0.0,0.25,310.0,0.0,traditional_trade,CO-ANDES,product_recommendation,promote_core_pack,0
295.5699259513651,5,5,0.5517545744951419,0.42969687888199365,0.788312238215681,0,7.5,2.5,0.2,295.0,0.05,traditional_trade,CO-ANDES,promotion,targeted_discount,1
307.0741709166341,7,24,0.519465267263916,0.6056735678677683,0.5426559041862444,1,18.0,0.0,4.5,0.0,0.0,digital,MX-CENTRAL,human_followup,sales_visit,1
270.2381510450935,3,27,0.8619223135651222,0.1084231745086262,0.6560185950142389,0,15.5,1.5,0.25,385.0,0.0,digital,MX-NORTH,bundle,premium_bundle,0
430.3371771212743,3,9,0.4642301101403982,0.4748297931848783,0.11584587423013312,1,9.0,0.0,0.25,310.0,0.0,digital,BR-SE,product_recommendation,promote_core_pack,1
327.33994116204195,8,21,0.5529494539554365,0.4790772121365654,0.2299356951749196,0,7.5,2.5,0.2,295.0,0.05,modern_trade,MX-NORTH,promotion,targeted_discount,0
366.5832576390016,7,30,0.5213937373286729,0.6436934851165343,0.8831659954858926,3,15.5,1.5,0.25,385.0,0.0,traditional_trade,BR-SE,bundle,premium_bundle,0
251.76546379705235,4,18,0.8012927168882841,0.4315557474211316,0.10186454215748443,1,18.0,0.0,4.5,0.0,0.0,digital,CO-ANDES,human_followup,sales_visit,1
443.5058192226626,3,26,0.8407330708233346,0.17295712990382495,0.7033534459784142,2,15.5,1.5,0.25,385.0,0.0,digital,CO-ANDES,bundle,premium_bundle,1
404.9045118962113,7,23,0.5742686550762123,0.5182221841584913,0.5644414010076684,3,9.0,0.0,0.25,310.0,0.0,digital,MX-CENTRAL,product_recommendation,promote_core_pack,1
465.5066908345843,4,16,0.5679600953621299,0.26442193984784207,0.2810969752044489,2,15.5,1.5,0.25,385.0,0.0,modern_trade,MX-CENTRAL,bundle,premium_bundle,1
333.29433785816116,3,26,0.7053386619562053,0.36783614864247205,0.5586730316104935,3,18.0,0.0,4.5,0.0,0.0,traditional_trade,CO-ANDES,human_followup,sales_visit,0
361.0958298764667,5,15,0.4747488385321416,0.320009717240174,0.6403715865462433,0,9.0,0.0,0.25,310.0,0.0,digital,CO-ANDES,product_recommendation,promote_core_pack,0
325.8171956503231,11,23,0.5570986598715852,0.17057335303091054,0.4577270839011891,0,18.0,0.0,4.5,0.0,0.0,modern_trade,CO-ANDES,human_followup,sales_visit,0
221.39189381937652,3,30,0.7562976177727562,0.4996815663414864,0.1749722736810633,2,7.5,2.5,0.2,295.0,0.05,digital,BR-SE,promotion,targeted_discount,1
493.31872428524224,5,28,0.9085700221397558,0.3793609109306998,0.4183422690562858,3,7.5,2.5,0.2,295.0,0.05,traditional_trade,MX-CENTRAL,promotion,targeted_discount,1
315.69491524125965,8,30,0.5603706033943554,0.6211519325875445,0.25456042788140204,3,9.0,0.0,0.25,310.0,0.0,modern_trade,MX-CENTRAL,product_recommendation,promote_core_pack,1
380.7943871616468,5,23,0.41542751565988245,0.8235912829550994,0.6496264121099731,3,7.5,2.5,0.2,295.0,0.05,modern_trade,MX-CENTRAL,promotion,targeted_discount,1
312.70584806135315,9,21,0.779123739551844,0.33039232237050514,0.3784569383395181,1,15.5,1.5,0.25,385.0,0.0,digital,CO-ANDES,bundle,premium_bundle,0
191.3829455984239,9,30,0.756537520463936,0.6213756252154796,0.6611834205287729,0,9.0,0.0,0.25,310.0,0.0,digital,BR-SE,product_recommendation,promote_core_pack,0
80.0,4,10,0.77532592864831,0.2963808518485472,0.6372671811582542,2,7.5,2.5,0.2,295.0,0.05,digital,CO-ANDES,promotion,targeted_discount,0
324.3103636709867,4,18,0.7669679424696989,0.7556049080922045,0.4795815637689125,3,7.5,2.5,0.2,295.0,0.05,modern_trade,BR-SE,promotion,targeted_discount,0
310.14737687912475,5,28,0.7791261180947535,0.25710513216794917,0.4990109069055103,3,15.5,1.5,0.25,385.0,0.0,digital,BR-SE,bundle,premium_bundle,0
188.81157806680218,6,17,0.9598207317642649,0.46991729160989976,0.3821826335827344,1,7.5,2.5,0.2,295.0,0.05,traditional_trade,MX-CENTRAL,promotion,targeted_discount,1
289.66031974273614,4,16,0.9050028104406702,0.6530038363948816,0.26875671287421665,1,15.5,1.5,0.25,385.0,0.0,digital,MX-CENTRAL,bundle,premium_bundle,1
417.7889973625249,4,7,0.7036853347955165,0.29133600367528556,0.7591517439731217,3,9.0,0.0,0.25,310.0,0.0,traditional_trade,MX-CENTRAL,product_recommendation,promote_core_pack,1
266.20137067464134,7,24,0.3983669681600402,0.6569888181101113,0.31481138973381423,0,18.0,0.0,4.5,0.0,0.0,modern_trade,MX-CENTRAL,human_followup,sales_visit,0
287.4570188826635,2,29,0.8291436338241865,0.5922247936401768,0.26332090059332686,3,18.0,0.0,4.5,0.0,0.0,digital,MX-NORTH,human_followup,sales_visit,0
444.954004367449,4,30,0.3604682082148172,0.34202686509650654,0.6592578475482943,2,7.5,2.5,0.2,295.0,0.05,traditional_trade,BR-SE,promotion,targeted_discount,0
356.9457447397999,7,11,0.8458176435852844,0.4667481230036698,0.343088085753166,0,7.5,2.5,0.2,295.0,0.05,modern_trade,MX-CENTRAL,promotion,targeted_discount,1
337.44180488366806,7,24,0.6829619039221287,0.6027909066919656,0.12316669879736553,0,15.5,1.5,0.25,385.0,0.0,modern_trade,MX-NORTH,bundle,premium_bundle,1
265.6693068864891,2,26,0.4202312540640314,0.5351446572046613,0.8026082949821328,0,15.5,1.5,0.25,385.0,0.0,modern_trade,MX-CENTRAL,bundle,premium_bundle,1
418.87153471647247,2,24,0.45301727835263683,0.25300624788265214,0.2826685546036724,2,9.0,0.0,0.25,310.0,0.0,modern_trade,MX-CENTRAL,product_recommendation,promote_core_pack,0
207.3160623681153,10,11,0.8770974134397619,0.4788611800810341,0.31099346361538127,0,7.5,2.5,0.2,295.0,0.05,traditional_trade,CO-ANDES,promotion,targeted_discount,0
376.2909616413402,3,1,0.7689969307982382,0.6094850711111,0.27750898480951713,0,9.0,0.0,0.25,310.0,0.0,modern_trade,CO-ANDES,product_recommendation,promote_core_pack,1
311.82907735369014,4,26,0.9580471396306193,0.5217296761094995,0.04329713602931866,3,15.5,1.5,0.25,385.0,0.0,traditional_trade,CO-ANDES,bundle,premium_bundle,1
113.3029745159464,8,20,0.7082997863114907,0.14439937694395066,0.5668437308783697,3,9.0,0.0,0.25,310.0,0.0,traditional_trade,MX-CENTRAL,product_recommendation,promote_core_pack,0
303.4916841285392,7,8,0.2878816588607382,0.6604470506998272,0.22069771359860818,3,15.5,1.5,0.25,385.0,0.0,modern_trade,MX-NORTH,bundle,premium_bundle,0
311.04968891627516,5,4,0.3474220016019611,0.6250020306205912,0.4861378872113057,3,7.5,2.5,0.2,295.0,0.05,traditional_trade,CO-ANDES,promotion,targeted_discount,0
419.15240212658773,9,24,0.6329825826860269,0.5639070568212772,0.42703992176245664,2,7.5,2.5,0.2,295.0,0.05,traditional_trade,MX-CENTRAL,promotion,targeted_discount,0
269.80140550657734,6,14,0.7911418948705444,0.5071831633678773,0.323620013458471,3,15.5,1.5,0.25,385.0,0.0,digital,MX-CENTRAL,bundle,premium_bundle,1
419.6476096380368,4,12,0.7527855910471978,0.5578895766207785,0.3747592823731813,3,9.0,0.0,0.25,310.0,0.0,digital,CO-ANDES,product_recommendation,promote_core_pack,0
400.73067713393175,5,12,0.9355237320295908,0.5682190104280073,0.569100944506584,2,7.5,2.5,0.2,295.0,0.05,traditional_trade,CO-ANDES,promotion,targeted_discount,1
265.3311592335964,3,12,0.7607872588196781,0.22420957816374038,0.33512277811056584,3,9.0,0.0,0.25,310.0,0.0,traditional_trade,BR-SE,product_recommendation,promote_core_pack,1
320.00417495462386,2,23,0.5117045063509369,0.7289316865487439,0.8399291588000579,3,15.5,1.5,0.25,385.0,0.0,modern_trade,MX-NORTH,bundle,premium_bundle,0
396.21527615500173,3,14,0.872727981642292,0.35712163277673326,0.7471369443920678,0,18.0,0.0,4.5,0.0,0.0,traditional_trade,CO-ANDES,human_followup,sales_visit,1
380.2381976079038,4,15,0.46586501489690213,0.7140518031745171,0.864945698357187,3,15.5,1.5,0.25,385.0,0.0,digital,MX-NORTH,bundle,premium_bundle,0
297.5021231216894,3,28,0.4603266107777349,0.13460933950794965,0.6118969131087905,1,18.0,0.0,4.5,0.0,0.0,digital,CO-ANDES,human_followup,sales_visit,1
289.7347369917241,4,29,0.6779492114358608,0.43648073286550293,0.41074573594453306,2,15.5,1.5,0.25,385.0,0.0,modern_trade,MX-NORTH,bundle,premium_bundle,0
323.0926385925616,7,25,0.70512258556216,0.5312449581930642,0.07562892631951186,3,15.5,1.5,0.25,385.0,0.0,digital,CO-ANDES,bundle,premium_bundle,1
263.67189524302006,9,26,0.9597908551426717,0.21948201429615982,0.1688868115690114,2,15.5,1.5,0.25,385.0,0.0,digital,MX-NORTH,bundle,premium_bundle,0
411.97441610564493,2,12,0.6479656110542802,0.5189801897716003,0.04125902305767141,3,15.5,1.5,0.25,385.0,0.0,modern_trade,MX-CENTRAL,bundle,premium_bundle,1
290.4294141323244,5,5,0.7846319523412298,0.42972037780894545,0.3853056575282885,3,9.0,0.0,0.25,310.0,0.0,digital,BR-SE,product_recommendation,promote_core_pack,1
179.6611115562234,2,15,0.7455094637390146,0.5340345357496652,0.3813903339079496,3,7.5,2.5,0.2,295.0,0.05,modern_trade,BR-SE,promotion,targeted_discount,0
468.0552959472361,9,16,0.7632353841107904,0.4546671733526963,0.42242917380401596,3,18.0,0.0,4.5,0.0,0.0,traditional_trade,MX-CENTRAL,human_followup,sales_visit,0
310.06043661782576,5,3,0.9586343288384973,0.27731243555598534,0.7190134928389723,2,18.0,0.0,4.5,0.0,0.0,modern_trade,BR-SE,human_followup,sales_visit,1
333.0566782280292,5,3,0.8990432467148814,0.27918753766825993,0.8865813830453447,0,15.5,1.5,0.25,385.0,0.0,modern_trade,MX-NORTH,bundle,premium_bundle,1
176.0078886716576,6,27,0.9326255149641047,0.5232647833408781,0.18332566412841866,0,18.0,0.0,4.5,0.0,0.0,digital,MX-NORTH,human_followup,sales_visit,0
170.74130140092882,10,16,0.7689552420124928,0.06943948072894213,0.5594739967551805,3,7.5,2.5,0.2,295.0,0.05,digital,CO-ANDES,promotion,targeted_discount,1
240.2926765327146,1,22,0.9443467750590331,0.1881829992355888,0.4481636897854586,0,7.5,2.5,0.2,295.0,0.05,digital,MX-CENTRAL,promotion,targeted_discount,0
477.98146794238266,3,17,0.945032989084565,0.5994176722649958,0.33078514690800276,3,7.5,2.5,0.2,295.0,0.05,modern_trade,MX-CENTRAL,promotion,targeted_discount,0
241.67472935857873,5,13,0.8459591468283123,0.5405714254955645,0.5615171147424387,1,7.5,2.5,0.2,295.0,0.05,modern_trade,CO-ANDES,promotion,targeted_discount,1
380.50258394450447,7,12,0.6799963847193254,0.6218058438219212,0.3802553202988498,1,15.5,1.5,0.25,385.0,0.0,modern_trade,BR-SE,bundle,premium_bundle,1
352.30000757738514,3,16,0.5113498408259807,0.2949865267623107,0.08975765660789865,0,9.0,0.0,0.25,310.0,0.0,traditional_trade,BR-SE,product_recommendation,promote_core_pack,1
360.2704941621528,6,5,0.7584936105163531,0.6411940499608172,0.49972632783528204,3,9.0,0.0,0.25,310.0,0.0,traditional_trade,MX-CENTRAL,product_recommendation,promote_core_pack,0
390.2277347111733,3,0,0.31599132157799115,0.10885286865979031,0.7067599802238036,3,15.5,1.5,0.25,385.0,0.0,digital,MX-CENTRAL,bundle,premium_bundle,1
373.3665074504322,5,15,0.884972070263351,0.2960675802500031,0.33048336775330933,0,15.5,1.5,0.25,385.0,0.0,digital,BR-SE,bundle,premium_bundle,1
184.44661540930932,6,20,0.9179823167991736,0.4344752305726489,0.46888725081911964,3,7.5,2.5,0.2,295.0,0.05,traditional_trade,MX-CENTRAL,promotion,targeted_discount,0
369.3623793737928,2,29,0.8546656375622875,0.22684696561132978,0.39200388861745356,0,15.5,1.5,0.25,385.0,0.0,modern_trade,MX-CENTRAL,bundle,premium_bundle,0
362.97877467304926,4,14,0.7157326202502858,0.23167602183248628,0.11721625864556649,3,18.0,0.0,4.5,0.0,0.0,modern_trade,MX-NORTH,human_followup,sales_visit,1
159.56840092199405,9,30,0.894082080179106,0.396646134548222,0.6853809567854773,3,15.5,1.5,0.25,385.0,0.0,digital,BR-SE,bundle,premium_bundle,0
355.73389478024035,4,16,0.8642782270802396,0.12535584110295292,0.16799200732332215,3,18.0,0.0,4.5,0.0,0.0,modern_trade,BR-SE,human_followup,sales_visit,0
234.70142462161192,4,6,0.9736978822842954,0.2998540878837332,0.5432191299765212,0,9.0,0.0,0.25,310.0,0.0,modern_trade,BR-SE,product_recommendation,promote_core_pack,0
385.1968630480112,5,1,0.7123691348257116,0.10767006561099564,0.05484603225184091,1,7.5,2.5,0.2,295.0,0.05,digital,BR-SE,promotion,targeted_discount,0
196.51769673405295,9,11,0.7662327885401475,0.24360924637764297,0.1822448988583361,2,7.5,2.5,0.2,295.0,0.05,digital,CO-ANDES,promotion,targeted_discount,1
312.821169419736,5,5,0.49942826116353223,0.3140670932042588,0.44086655890008053,1,7.5,2.5,0.2,295.0,0.05,digital,MX-CENTRAL,promotion,targeted_discount,0
256.7578778123633,2,19,0.8265901789860326,0.13416748009592694,0.4761484626120831,3,9.0,0.0,0.25,310.0,0.0,modern_trade,MX-CENTRAL,product_recommendation,promote_core_pack,0
411.9228982175541,7,24,0.4394520748464964,0.5156145379516344,0.25392224288668735,1,7.5,2.5,0.2,295.0,0.05,digital,MX-CENTRAL,promotion,targeted_discount,1
255.06376199209222,3,16,0.7408349797355294,0.11482565076744265,0.157621363908807,1,18.0,0.0,4.5,0.0,0.0,traditional_trade,CO-ANDES,human_followup,sales_visit,0
266.47239391076124,2,18,0.640677879080692,0.8043603769158062,0.285010212842842,0,18.0,0.0,4.5,0.0,0.0,modern_trade,MX-CENTRAL,human_followup,sales_visit,0
345.4497994364175,6,11,0.8330194597587497,0.16117102062870683,0.7087248555740336,1,7.5,2.5,0.2,295.0,0.05,traditional_trade,BR-SE,promotion,targeted_discount,0
306.86465517979,7,20,0.7724839333610287,0.5200981949410988,0.6694413698303692,3,9.0,0.0,0.25,310.0,0.0,traditional_trade,MX-NORTH,product_recommendation,promote_core_pack,1
491.9544613797193,5,0,0.28139232588070184,0.10681167558932174,0.3282267258521878,0,15.5,1.5,0.25,385.0,0.0,modern_trade,MX-NORTH,bundle,premium_bundle,0
179.23833685438862,5,24,0.5897163509480182,0.7861730270656818,0.39394492680617504,1,18.0,0.0,4.5,0.0,0.0,digital,MX-CENTRAL,human_followup,sales_visit,0
287.52711851891087,6,20,0.4940713509317721,0.6875535282743186,0.11014616827408179,3,9.0,0.0,0.25,310.0,0.0,traditional_trade,MX-CENTRAL,product_recommendation,promote_core_pack,1
202.7917671799002,6,17,0.9511708727632219,0.38938861111901113,0.36159510843977677,0,7.5,2.5,0.2,295.0,0.05,modern_trade,MX-CENTRAL,promotion,targeted_discount,0
200.17154721869338,4,9,0.5956396226501377,0.4426209078410073,0.28136866526398235,3,9.0,0.0,0.25,310.0,0.0,traditional_trade,MX-CENTRAL,product_recommendation,promote_core_pack,1
244.03025841565193,1,11,0.40534427289457114,0.42407156915320465,0.7253303514885736,0,7.5,2.5,0.2,295.0,0.05,traditional_trade,MX-CENTRAL,promotion,targeted_discount,1
330.52576061316853,1,18,0.9307841582953361,0.3411947462519854,0.16171195100259858,0,9.0,0.0,0.25,310.0,0.0,digital,MX-CENTRAL,product_recommendation,promote_core_pack,1
386.16377995658496,4,5,0.6162697719099137,0.47000911778885396,0.6115240951524451,2,7.5,2.5,0.2,295.0,0.05,traditional_trade,MX-NORTH,promotion,targeted_discount,1
271.7797097423755,6,10,0.8232671493465445,0.43940439032840045,0.30868817458101777,2,7.5,2.5,0.2,295.0,0.05,modern_trade,MX-CENTRAL,promotion,targeted_discount,1
322.93704602419035,3,3,0.5877507451949865,0.09388378065198175,0.776481547832615,0,7.5,2.5,0.2,295.0,0.05,digital,CO-ANDES,promotion,targeted_discount,0
408.5596790574732,6,24,0.8387639647567361,0.5052400115702306,0.1730252650059212,0,15.5,1.5,0.25,385.0,0.0,digital,BR-SE,bundle,premium_bundle,1
483.43966074703496,7,20,0.5235276936720463,0.5477810166519459,0.2906056857759934,3,9.0,0.0,0.25,310.0,0.0,modern_trade,MX-CENTRAL,product_recommendation,promote_core_pack,0
199.16069014575316,4,21,0.8433251033659379,0.6156100588355861,0.681278351705336,2,9.0,0.0,0.25,310.0,0.0,traditional_trade,MX-CENTRAL,product_recommendation,promote_core_pack,1
261.7573373595362,7,25,0.9258118392022403,0.7418029753333506,0.4484043682047914,3,18.0,0.0,4.5,0.0,0.0,traditional_trade,MX-NORTH,human_followup,sales_visit,1
296.77161796831905,5,2,0.9027645390738869,0.3735159654221082,0.3741042171477489,3,15.5,1.5,0.25,385.0,0.0,modern_trade,CO-ANDES,bundle,premium_bundle,0
430.09581556350787,8,0,0.8078794994331744,0.3889329192012865,0.0859652036315231,3,9.0,0.0,0.25,310.0,0.0,traditional_trade,CO-ANDES,product_recommendation,promote_core_pack,1
337.780955928327,8,23,0.41118140090636485,0.6456523699145472,0.2882520854291103,0,18.0,0.0,4.5,0.0,0.0,traditional_trade,CO-ANDES,human_followup,sales_visit,1
318.8951527756557,3,27,0.8093105922705224,0.3907132488031745,0.44234401867942874,1,15.5,1.5,0.25,385.0,0.0,modern_trade,CO-ANDES,bundle,premium_bundle,0
303.52902424607817,8,19,0.6675147585847016,0.6336531420197716,0.48464049245014196,2,7.5,2.5,0.2,295.0,0.05,modern_trade,CO-ANDES,promotion,targeted_discount,1
370.8397032452758,3,17,0.7639197191290114,0.38903735562971203,0.7783063208636846,3,9.0,0.0,0.25,310.0,0.0,traditional_trade,CO-ANDES,product_recommendation,promote_core_pack,0
416.8062275493062,6,23,0.7929733248138978,0.5348355683370735,0.3048055182333504,1,18.0,0.0,4.5,0.0,0.0,digital,MX-CENTRAL,human_followup,sales_visit,0
476.93880086732463,4,6,0.7744218199089363,0.801938120321578,0.3347428879712498,3,18.0,0.0,4.5,0.0,0.0,traditional_trade,BR-SE,human_followup,sales_visit,0
267.1517603163598,5,0,0.9547524586048973,0.3724585259051937,0.47062128283814003,3,9.0,0.0,0.25,310.0,0.0,digital,MX-CENTRAL,product_recommendation,promote_core_pack,1
315.62938861341627,3,8,0.9021858737356292,0.14776332483101592,0.283219310467503,2,7.5,2.5,0.2,295.0,0.05,modern_trade,MX-CENTRAL,promotion,targeted_discount,1
413.5756449698355,6,28,0.5421483596268816,0.43262146154028663,0.5513497921402539,2,9.0,0.0,0.25,310.0,0.0,traditional_trade,MX-CENTRAL,product_recommendation,promote_core_pack,0
240.54414817511872,4,4,0.7145923628529116,0.24063713176648474,0.40469694077567653,1,7.5,2.5,0.2,295.0,0.05,traditional_trade,CO-ANDES,promotion,targeted_discount,1
369.02845429318006,5,13,0.8253250396431344,0.5108364195329554,0.15616648877726538,1,15.5,1.5,0.25,385.0,0.0,digital,CO-ANDES,bundle,premium_bundle,1
328.1247856547608,6,26,0.23980589198197044,0.27940197172385756,0.5529316683066318,2,15.5,1.5,0.25,385.0,0.0,modern_trade,MX-NORTH,bundle,premium_bundle,0
345.2749514612956,5,4,0.689892250904966,0.40694444438864213,0.38420240800293953,0,15.5,1.5,0.25,385.0,0.0,modern_trade,MX-CENTRAL,bundle,premium_bundle,1
395.44567769657004,5,11,0.8791231043657466,0.5184035751854371,0.7591279127898767,3,18.0,0.0,4.5,0.0,0.0,modern_trade,MX-NORTH,human_followup,sales_visit,0
206.04755675088143,5,17,0.7236391348518315,0.47238583648495386,0.2881147891872946,1,18.0,0.0,4.5,0.0,0.0,modern_trade,MX-CENTRAL,human_followup,sales_visit,0
468.40510789090274,1,27,0.6016551237931898,0.06968363079466804,0.4885751507125707,2,15.5,1.5,0.25,385.0,0.0,traditional_trade,BR-SE,bundle,premium_bundle,0
423.4252881068246,4,5,0.5935440147392873,0.33349919058140925,0.5477475813598816,1,9.0,0.0,0.25,310.0,0.0,digital,MX-CENTRAL,product_recommendation,promote_core_pack,1
358.1958669582119,7,5,0.2675342134401587,0.8237014904997266,0.29887687046268285,1,9.0,0.0,0.25,310.0,0.0,traditional_trade,MX-NORTH,product_recommendation,promote_core_pack,0
193.80990533375268,10,10,0.22260452214916066,0.754664421152461,0.40161943784888304,2,18.0,0.0,4.5,0.0,0.0,modern_trade,MX-CENTRAL,human_followup,sales_visit,1
194.09920578077617,10,19,0.6235309995710431,0.3296786519858633,0.20492219223611596,0,15.5,1.5,0.25,385.0,0.0,modern_trade,MX-NORTH,bundle,premium_bundle,1
429.0862219111065,3,29,0.9077348407074329,0.650225499461301,0.6410787659557897,1,18.0,0.0,4.5,0.0,0.0,modern_trade,MX-CENTRAL,human_followup,sales_visit,1
352.38890132308154,4,27,0.8888588616303538,0.5221801233206798,0.29915272803898013,0,9.0,0.0,0.25,310.0,0.0,traditional_trade,MX-CENTRAL,product_recommendation,promote_core_pack,0
327.5405876547637,3,19,0.7889332403373553,0.2811352127494596,0.5948924801061686,1,15.5,1.5,0.25,385.0,0.0,traditional_trade,BR-SE,bundle,premium_bundle,0
382.99846301838784,5,11,0.8124847694486508,0.223510348502998,0.8235216509853868,1,9.0,0.0,0.25,310.0,0.0,digital,MX-NORTH,product_recommendation,promote_core_pack,1
362.43461463283626,4,15,0.7521018754256545,0.37553867286305664,0.3387305210906204,0,7.5,2.5,0.2,295.0,0.05,digital,MX-CENTRAL,promotion,targeted_discount,1
285.43655023078793,2,17,0.6897549739736923,0.31463217147518413,0.3359092008593154,0,9.0,0.0,0.25,310.0,0.0,modern_trade,CO-ANDES,product_recommendation,promote_core_pack,1
266.53764155992053,5,21,0.6338175737246219,0.08906431084829039,0.14765096817278683,3,7.5,2.5,0.2,295.0,0.05,modern_trade,MX-NORTH,promotion,targeted_discount,0
336.2070591772761,7,29,0.7143759640018655,0.33361873273291676,0.34404691875343013,3,15.5,1.5,0.25,385.0,0.0,digital,CO-ANDES,bundle,premium_bundle,0
306.5970729055523,4,18,0.5999017764516011,0.317833485843612,0.2562107242575146,2,15.5,1.5,0.25,385.0,0.0,traditional_trade,MX-NORTH,bundle,premium_bundle,0
340.00191809979066,3,15,0.8925274180374384,0.5177843008082706,0.22628612999539993,1,18.0,0.0,4.5,0.0,0.0,digital,CO-ANDES,human_followup,sales_visit,0
371.7488622428034,4,8,0.5768822652625124,0.36174943235331114,0.44912676916532746,2,7.5,2.5,0.2,295.0,0.05,digital,CO-ANDES,promotion,targeted_discount,1
331.3679255123036,6,9,0.606134362559183,0.8478546835967236,0.5578407355987547,0,9.0,0.0,0.25,310.0,0.0,modern_trade,BR-SE,product_recommendation,promote_core_pack,1
378.29378121316046,4,13,0.6695865223905145,0.36684587288721404,0.2196476073183976,0,15.5,1.5,0.25,385.0,0.0,modern_trade,MX-CENTRAL,bundle,premium_bundle,1
369.64141519413397,7,9,0.4653623945557247,0.6155554927883997,0.39435264614807886,0,15.5,1.5,0.25,385.0,0.0,modern_trade,BR-SE,bundle,premium_bundle,0
392.97620209600444,10,12,0.5120598908476366,0.44999465369268477,0.04483771082001415,1,18.0,0.0,4.5,0.0,0.0,digital,MX-CENTRAL,human_followup,sales_visit,0
352.1115735254696,5,24,0.8587430252803205,0.49173598151176295,0.32003079046250416,3,15.5,1.5,0.25,385.0,0.0,traditional_trade,CO-ANDES,bundle,premium_bundle,1
274.68404800782287,8,22,0.6944462843625148,0.23742980069133188,0.7544409644743726,3,15.5,1.5,0.25,385.0,0.0,traditional_trade,MX-NORTH,bundle,premium_bundle,0
305.68620315576686,5,1,0.7861714323150749,0.5815956779875932,0.842368082542006,0,7.5,2.5,0.2,295.0,0.05,modern_trade,MX-CENTRAL,promotion,targeted_discount,1
269.88327355496824,4,11,0.7520845663477639,0.42555940562409816,0.08962997336660211,0,18.0,0.0,4.5,0.0,0.0,modern_trade,CO-ANDES,human_followup,sales_visit,0
331.02391212972003,4,25,0.7690524263692351,0.31930216322979127,0.3130571861609257,3,9.0,0.0,0.25,310.0,0.0,digital,CO-ANDES,product_recommendation,promote_core_pack,0
247.39216598060784,3,16,0.9705591767577143,0.28205662886343397,0.5268283188162521,1,7.5,2.5,0.2,295.0,0.05,traditional_trade,MX-CENTRAL,promotion,targeted_discount,1
237.78535018575457,4,7,0.8201752358672424,0.38013456685880503,0.14138533368671655,1,9.0,0.0,0.25,310.0,0.0,modern_trade,MX-NORTH,product_recommendation,promote_core_pack,1
357.4410120117702,5,16,0.49443126781908536,0.48198792318163647,0.14981653223720884,3,15.5,1.5,0.25,385.0,0.0,modern_trade,BR-SE,bundle,premium_bundle,0
249.7026666558183,6,29,0.3723000025648342,0.31618333370721674,0.30654632189717507,2,15.5,1.5,0.25,385.0,0.0,modern_trade,BR-SE,bundle,premium_bundle,1
307.9064558558536,2,0,0.9004925559019015,0.8553673640920617,0.2479316361975527,2,7.5,2.5,0.2,295.0,0.05,modern_trade,CO-ANDES,promotion,targeted_discount,1
229.14641736182065,4,29,0.45977567829637317,0.2415059663188358,0.12463020483439537,3,15.5,1.5,0.25,385.0,0.0,digital,CO-ANDES,bundle,premium_bundle,0
398.43549931987957,5,22,0.47734333212833424,0.5477018999536195,0.25189952683502914,2,18.0,0.0,4.5,0.0,0.0,modern_trade,CO-ANDES,human_followup,sales_visit,0
428.6558728724578,2,24,0.8227878928266921,0.6874348726372058,0.4183435096401965,1,9.0,0.0,0.25,310.0,0.0,traditional_trade,CO-ANDES,product_recommendation,promote_core_pack,0
550.3134219214576,7,9,0.8563769646013205,0.48490231502300535,0.7726764223610669,2,9.0,0.0,0.25,310.0,0.0,modern_trade,MX-NORTH,product_recommendation,promote_core_pack,0
369.74816056594716,6,16,0.7518553847667788,0.5359374288548253,0.6594207818781246,3,7.5,2.5,0.2,295.0,0.05,digital,MX-NORTH,promotion,targeted_discount,1
291.5330920506756,5,30,0.883849058763102,0.4790638486544285,0.4783825476688572,2,15.5,1.5,0.25,385.0,0.0,digital,MX-CENTRAL,bundle,premium_bundle,1
423.0775233450383,3,9,0.7556060084691214,0.6522781790198685,0.7887296622893304,3,15.5,1.5,0.25,385.0,0.0,digital,BR-SE,bundle,premium_bundle,1
344.2526330153729,9,26,0.7234246316744043,0.37184900277110555,0.26404291302835037,1,9.0,0.0,0.25,310.0,0.0,traditional_trade,MX-NORTH,product_recommendation,promote_core_pack,1
353.001253295943,6,4,0.4864125157947122,0.6793926011943917,0.46000362252573107,1,7.5,2.5,0.2,295.0,0.05,traditional_trade,MX-NORTH,promotion,targeted_discount,0
226.59608468199156,6,5,0.544386491177085,0.40813887009151956,0.5814454105068378,0,18.0,0.0,4.5,0.0,0.0,digital,MX-CENTRAL,human_followup,sales_visit,0
255.33462754644341,7,17,0.858156651540484,0.6567200803396138,0.7352248802916275,2,7.5,2.5,0.2,295.0,0.05,traditional_trade,BR-SE,promotion,targeted_discount,1
342.9006463710824,3,9,0.7853004102350455,0.4483782545781505,0.18415351378689748,3,18.0,0.0,4.5,0.0,0.0,traditional_trade,BR-SE,human_followup,sales_visit,0
445.4179565094313,5,3,0.7160025744242914,0.5768627930187672,0.3262566773615164,0,15.5,1.5,0.25,385.0,0.0,modern_trade,CO-ANDES,bundle,premium_bundle,1
384.3776961967491,4,4,0.8062641472582377,0.6337857970199307,0.32396004411584894,3,18.0,0.0,4.5,0.0,0.0,modern_trade,BR-SE,human_followup,sales_visit,1
437.451212032836,4,10,0.8242289191531401,0.6357035221013932,0.3315327540947247,0,15.5,1.5,0.25,385.0,0.0,traditional_trade,BR-SE,bundle,premium_bundle,1
420.7806355645605,2,15,0.8206885560133907,0.43057517549255453,0.25262463553339803,3,7.5,2.5,0.2,295.0,0.05,modern_trade,MX-NORTH,promotion,targeted_discount,1
365.4662401257529,5,13,0.6396538606329013,0.4106266081176438,0.6519810032340669,3,15.5,1.5,0.25,385.0,0.0,traditional_trade,BR-SE,bundle,premium_bundle,0
361.9534855021903,5,11,0.6574421840000172,0.800349573608408,0.3381734665701832,2,18.0,0.0,4.5,0.0,0.0,modern_trade,BR-SE,human_followup,sales_visit,1
302.24914274610313,5,27,0.5596105979913424,0.284291377060644,0.1346642159403983,2,15.5,1.5,0.25,385.0,0.0,digital,CO-ANDES,bundle,premium_bundle,0
367.8588304283741,4,6,0.4365392609411139,0.08819428059278747,0.835258904798759,3,18.0,0.0,4.5,0.0,0.0,modern_trade,MX-NORTH,human_followup,sales_visit,0
493.08751932210276,8,28,0.8241624847378466,0.3212607948776263,0.11732620106328188,1,7.5,2.5,0.2,295.0,0.05,digital,MX-CENTRAL,promotion,targeted_discount,0
426.0833316492779,7,15,0.9406046590557506,0.4195839432692203,0.2738807252614775,0,15.5,1.5,0.25,385.0,0.0,modern_trade,MX-NORTH,bundle,premium_bundle,1
252.09396280282596,6,13,0.6282699404604638,0.6227110893418845,0.6282059683148533,1,9.0,0.0,0.25,310.0,0.0,traditional_trade,BR-SE,product_recommendation,promote_core_pack,1
388.6830525110944,10,28,0.28179267499984334,0.6287656869563458,0.418792104042435,1,15.5,1.5,0.25,385.0,0.0,traditional_trade,BR-SE,bundle,premium_bundle,0
257.75525803033753,8,3,0.8003401104594685,0.24956615067752247,0.3947667440976448,1,15.5,1.5,0.25,385.0,0.0,modern_trade,MX-CENTRAL,bundle,premium_bundle,1
500.0036593873622,3,10,0.7848821966082217,0.5374595243871154,0.3614654456424224,1,7.5,2.5,0.2,295.0,0.05,modern_trade,MX-NORTH,promotion,targeted_discount,1
397.7047400388027,1,16,0.5478032950607468,0.5939558659207006,0.7699643048810679,1,7.5,2.5,0.2,295.0,0.05,traditional_trade,MX-CENTRAL,promotion,targeted_discount,0
237.78957639504495,8,8,0.8977192190999667,0.30122786454592415,0.4803507325118026,1,7.5,2.5,0.2,295.0,0.05,modern_trade,MX-CENTRAL,promotion,targeted_discount,0
281.7249057590784,6,7,0.6165588485007838,0.6090707747191602,0.4206814850362084,1,15.5,1.5,0.25,385.0,0.0,digital,MX-CENTRAL,bundle,premium_bundle,1
394.0088664002128,4,0,0.4326397773518296,0.6623898624435719,0.21928819804520752,3,18.0,0.0,4.5,0.0,0.0,digital,CO-ANDES,human_followup,sales_visit,0
159.29248875147346,5,3,0.5382737982605059,0.3480108013815441,0.39381510749821946,0,9.0,0.0,0.25,310.0,0.0,traditional_trade,CO-ANDES,product_recommendation,promote_core_pack,1
309.3812625676653,5,4,0.8102177445554124,0.344283548078704,0.2676421910445904,1,7.5,2.5,0.2,295.0,0.05,traditional_trade,CO-ANDES,promotion,targeted_discount,1
403.4493289975928,8,23,0.22984291515200364,0.4304802256955078,0.21582743449159067,0,9.0,0.0,0.25,310.0,0.0,traditional_trade,BR-SE,product_recommendation,promote_core_pack,0
340.4611607356667,2,2,0.5417838626536013,0.8595347934810904,0.4144078658364898,2,9.0,0.0,0.25,310.0,0.0,traditional_trade,BR-SE,product_recommendation,promote_core_pack,0
448.4569081393562,6,29,0.28204326939725544,0.4656991729031861,0.5593276548634136,1,7.5,2.5,0.2,295.0,0.05,digital,MX-NORTH,promotion,targeted_discount,0
493.2452257141123,4,16,0.5388861536882675,0.7597761008856933,0.8592792602949503,3,9.0,0.0,0.25,310.0,0.0,modern_trade,MX-NORTH,product_recommendation,promote_core_pack,0
411.24727000386116,4,13,0.6713184576983854,0.407175230921703,0.8967490986203797,1,15.5,1.5,0.25,385.0,0.0,modern_trade,BR-SE,bundle,premium_bundle,0
359.0946120856347,2,4,0.2565463226992608,0.5167709725304044,0.368802264628731,1,15.5,1.5,0.25,385.0,0.0,traditional_trade,MX-NORTH,bundle,premium_bundle,0
443.20003947867605,4,1,0.24211334196152176,0.3117866005586233,0.19124908553342382,3,18.0,0.0,4.5,0.0,0.0,modern_trade,BR-SE,human_followup,sales_visit,1
407.7633001463687,4,29,0.6387071091852272,0.8303938474923718,0.4662770701793861,3,15.5,1.5,0.25,385.0,0.0,digital,MX-CENTRAL,bundle,premium_bundle,0
326.5562507122791,5,10,0.6946436297313459,0.7897388510543955,0.45560894405452423,0,15.5,1.5,0.25,385.0,0.0,modern_trade,MX-CENTRAL,bundle,premium_bundle,0
350.96488746041257,1,6,0.6790007669207843,0.5444881306470759,0.7145560438480882,2,18.0,0.0,4.5,0.0,0.0,traditional_trade,MX-CENTRAL,human_followup,sales_visit,0
323.45145862618,5,29,0.8192243200406224,0.595750697635507,0.23476627504263636,3,9.0,0.0,0.25,310.0,0.0,modern_trade,CO-ANDES,product_recommendation,promote_core_pack,0
426.169078707908,4,29,0.7324868898100972,0.3570076240507717,0.5159462867827694,1,9.0,0.0,0.25,310.0,0.0,digital,BR-SE,product_recommendation,promote_core_pack,1
240.36738037218205,10,6,0.7834471134500658,0.6977855421915755,0.16394328405872055,0,15.5,1.5,0.25,385.0,0.0,digital,MX-CENTRAL,bundle,premium_bundle,1
463.5512874211354,6,16,0.48673444321234144,0.3124471392560122,0.6088625452855789,2,9.0,0.0,0.25,310.0,0.0,digital,CO-ANDES,product_recommendation,promote_core_pack,0
306.5274150046894,9,10,0.9025481330675431,0.27837966373352324,0.044024087446282896,2,7.5,2.5,0.2,295.0,0.05,traditional_trade,CO-ANDES,promotion,targeted_discount,0
329.8873978032302,7,9,0.8003105048384453,0.18084221405082507,0.364945679894622,0,15.5,1.5,0.25,385.0,0.0,modern_trade,MX-CENTRAL,bundle,premium_bundle,0
325.49283474765946,5,7,0.46220738689376967,0.6416408398167942,0.3987437658465764,3,15.5,1.5,0.25,385.0,0.0,modern_trade,BR-SE,bundle,premium_bundle,1
282.88599193399716,3,18,0.46917554023778923,0.39193458886049903,0.6149673473222849,2,15.5,1.5,0.25,385.0,0.0,modern_trade,BR-SE,bundle,premium_bundle,0
168.01727261920777,3,27,0.49470645931371265,0.4224200184521963,0.15686778165057316,2,9.0,0.0,0.25,310.0,0.0,digital,MX-CENTRAL,product_recommendation,promote_core_pack,1
507.84492022370915,4,24,0.7492973879707272,0.37186913189482657,0.6683499899701445,0,7.5,2.5,0.2,295.0,0.05,traditional_trade,BR-SE,promotion,targeted_discount,1
269.52276342455053,6,17,0.8307954382194233,0.31513421299868627,0.5247616511319035,2,7.5,2.5,0.2,295.0,0.05,traditional_trade,CO-ANDES,promotion,targeted_discount,0
328.43474872857354,3,24,0.8372890605062232,0.3709216449715105,0.07416757960820781,0,9.0,0.0,0.25,310.0,0.0,traditional_trade,CO-ANDES,product_recommendation,promote_core_pack,0
346.6332380582824,7,29,0.791481670846444,0.43110447905946137,0.53058500578591,0,7.5,2.5,0.2,295.0,0.05,modern_trade,BR-SE,promotion,targeted_discount,1
306.0740525526765,8,30,0.343366913428783,0.5060583012443133,0.2378389583603714,1,18.0,0.0,4.5,0.0,0.0,traditional_trade,BR-SE,human_followup,sales_visit,1
345.03777341125675,3,6,0.7937729903798826,0.453978781862974,0.6946155452425458,2,7.5,2.5,0.2,295.0,0.05,digital,BR-SE,promotion,targeted_discount,1
292.6035136076891,3,25,0.7348149336848279,0.15956650471877742,0.7845139276633261,0,7.5,2.5,0.2,295.0,0.05,traditional_trade,CO-ANDES,promotion,targeted_discount,1
241.3823889817476,4,11,0.2712589721048864,0.19747171942721034,0.4316889525899255,2,18.0,0.0,4.5,0.0,0.0,modern_trade,MX-NORTH,human_followup,sales_visit,0
423.41438100014216,3,19,0.6331559925175939,0.33466480284661776,0.2690033654532912,1,15.5,1.5,0.25,385.0,0.0,digital,CO-ANDES,bundle,premium_bundle,1
282.8938884997412,7,3,0.9846247953249662,0.2182794269664157,0.20739457002564032,1,15.5,1.5,0.25,385.0,0.0,traditional_trade,CO-ANDES,bundle,premium_bundle,1
428.5493809655835,5,4,0.6463706189748016,0.356944082316239,0.15902583884393925,2,7.5,2.5,0.2,295.0,0.05,modern_trade,CO-ANDES,promotion,targeted_discount,1
257.831096574288,3,15,0.32572658451718584,0.5646970764969743,0.5454365415207563,0,9.0,0.0,0.25,310.0,0.0,digital,BR-SE,product_recommendation,promote_core_pack,0
464.2001163113385,3,30,0.9371441202165933,0.7593572729995333,0.26355848229291823,0,15.5,1.5,0.25,385.0,0.0,digital,MX-CENTRAL,bundle,premium_bundle,1
290.3331715876468,3,11,0.699342771523692,0.41312788809595413,0.1958814747904965,1,18.0,0.0,4.5,0.0,0.0,traditional_trade,BR-SE,human_followup,sales_visit,1
163.981530265137,1,17,0.8581656161504726,0.2990857296215062,0.6965906117020241,0,18.0,0.0,4.5,0.0,0.0,modern_trade,MX-NORTH,human_followup,sales_visit,0
242.66890263624566,3,8,0.6080866731452503,0.1627647122762754,0.6069910769978617,1,9.0,0.0,0.25,310.0,0.0,modern_trade,MX-NORTH,product_recommendation,promote_core_pack,0
261.40909061139763,7,16,0.47268367004425216,0.46504207811920883,0.2575620365927645,1,9.0,0.0,0.25,310.0,0.0,modern_trade,CO-ANDES,product_recommendation,promote_core_pack,0
340.3573973921235,2,21,0.6260806285102634,0.4529137432409623,0.44763982522672635,0,9.0,0.0,0.25,310.0,0.0,digital,MX-NORTH,product_recommendation,promote_core_pack,0
501.9341590942901,3,4,0.8034770371872527,0.5956542339362833,0.28869704744859953,2,18.0,0.0,4.5,0.0,0.0,traditional_trade,MX-CENTRAL,human_followup,sales_visit,0
334.7503000304681,5,25,0.5767940986327618,0.2606893987158069,0.34129088332059354,0,18.0,0.0,4.5,0.0,0.0,modern_trade,MX-NORTH,human_followup,sales_visit,0
558.5684512481448,3,11,0.9607858305052084,0.3774340369479952,0.37107811006353875,0,15.5,1.5,0.25,385.0,0.0,digital,BR-SE,bundle,premium_bundle,1
416.9706118247916,4,25,0.7784348583205853,0.29820244632866166,0.26202210909697315,0,9.0,0.0,0.25,310.0,0.0,traditional_trade,CO-ANDES,product_recommendation,promote_core_pack,0
360.68338589108316,5,24,0.9302824880034571,0.5443971363855168,0.33561522995059684,1,7.5,2.5,0.2,295.0,0.05,digital,MX-NORTH,promotion,targeted_discount,0
362.39629893169524,6,10,0.6986176539490166,0.5296117435940506,0.6128532720374338,1,18.0,0.0,4.5,0.0,0.0,modern_trade,BR-SE,human_followup,sales_visit,1
306.3079263031471,5,28,0.29596009787197136,0.5823503558825283,0.5840018016907301,1,15.5,1.5,0.25,385.0,0.0,traditional_trade,BR-SE,bundle,premium_bundle,0
454.8967231352002,4,16,0.9312796483243172,0.3117802373918186,0.18956853234366672,1,15.5,1.5,0.25,385.0,0.0,digital,CO-ANDES,bundle,premium_bundle,1
354.8779812144337,3,18,0.34944715095840206,0.4847965781346357,0.11141295463577176,1,15.5,1.5,0.25,385.0,0.0,digital,MX-NORTH,bundle,premium_bundle,0
283.41341565592984,6,4,0.7483977074392474,0.49248425797960727,0.6284168002527156,0,18.0,0.0,4.5,0.0,0.0,traditional_trade,BR-SE,human_followup,sales_visit,1
330.56509712900026,6,5,0.8250968304567503,0.39667176996944437,0.35802571476447065,1,9.0,0.0,0.25,310.0,0.0,traditional_trade,CO-ANDES,product_recommendation,promote_core_pack,1
387.34386486817186,3,6,0.8208304704474219,0.4756327483335048,0.13204045838226156,0,15.5,1.5,0.25,385.0,0.0,traditional_trade,CO-ANDES,bundle,premium_bundle,1
416.5362765328577,5,24,0.840388998059332,0.688031468351433,0.561271549181327,2,18.0,0.0,4.5,0.0,0.0,modern_trade,MX-CENTRAL,human_followup,sales_visit,0
284.51562396139906,2,18,0.6252045170147352,0.3760487933049373,0.6239260571768548,3,7.5,2.5,0.2,295.0,0.05,modern_trade,BR-SE,promotion,targeted_discount,0
324.5640517903424,4,29,0.3381418090185513,0.5182979754558013,0.5042316731908105,3,9.0,0.0,0.25,310.0,0.0,traditional_trade,MX-CENTRAL,product_recommendation,promote_core_pack,0
379.3518081590005,2,19,0.5651087499380614,0.3288561374217154,0.9120611664108851,0,7.5,2.5,0.2,295.0,0.05,digital,MX-NORTH,promotion,targeted_discount,0
270.6157155676228,8,6,0.60084003491054,0.9042781668444334,0.43063203618358137,0,7.5,2.5,0.2,295.0,0.05,traditional_trade,MX-CENTRAL,promotion,targeted_discount,1
551.6087387977975,7,14,0.4995093230078997,0.6903295915089384,0.6039779954284586,1,9.0,0.0,0.25,310.0,0.0,digital,MX-NORTH,product_recommendation,promote_core_pack,1
356.32143206200107,9,12,0.83624270516884,0.5167714153360768,0.12125429043353969,2,18.0,0.0,4.5,0.0,0.0,traditional_trade,MX-NORTH,human_followup,sales_visit,1
84.4935335527588,2,13,0.7286967437032537,0.17242191806794413,0.02355820852526772,2,15.5,1.5,0.25,385.0,0.0,modern_trade,BR-SE,bundle,premium_bundle,0
356.27365669509334,5,26,0.5515313922606885,0.40259509987393316,0.4552017006455977,1,18.0,0.0,4.5,0.0,0.0,digital,CO-ANDES,human_followup,sales_visit,1
302.48315606167296,1,23,0.9132238023584612,0.45628858044929843,0.343433851138623,0,7.5,2.5,0.2,295.0,0.05,traditional_trade,MX-CENTRAL,promotion,targeted_discount,0
317.406643553231,8,0,0.9457174567416916,0.7253239619620664,0.6430628427777101,3,15.5,1.5,0.25,385.0,0.0,digital,BR-SE,bundle,premium_bundle,0
235.5840890518968,4,0,0.6501839487777286,0.4964610265133345,0.5058741577941532,0,15.5,1.5,0.25,385.0,0.0,traditional_trade,MX-CENTRAL,bundle,premium_bundle,0
446.64858303114806,3,8,0.5921004200209318,0.0973843860399895,0.6250108917595478,3,9.0,0.0,0.25,310.0,0.0,modern_trade,MX-NORTH,product_recommendation,promote_core_pack,1
416.7363034607357,4,5,0.8194309111275399,0.38271434541450805,0.15723000213019286,0,9.0,0.0,0.25,310.0,0.0,modern_trade,MX-NORTH,product_recommendation,promote_core_pack,1
233.96861337810418,5,23,0.6670075591580642,0.36761637783701023,0.33752279094304677,3,7.5,2.5,0.2,295.0,0.05,modern_trade,BR-SE,promotion,targeted_discount,0
172.34624098006245,9,12,0.6710038666171294,0.41373302271416745,0.6794157612585989,2,18.0,0.0,4.5,0.0,0.0,modern_trade,MX-CENTRAL,human_followup,sales_visit,1
324.3998697363429,3,0,0.6832804109331746,0.3967907788963068,0.5409740529614531,0,15.5,1.5,0.25,385.0,0.0,modern_trade,MX-CENTRAL,bundle,premium_bundle,0
204.909924451395,8,3,0.6160285029044551,0.5223685860139291,0.19534982846661406,2,15.5,1.5,0.25,385.0,0.0,traditional_trade,BR-SE,bundle,premium_bundle,1
342.8976800130481,7,30,0.5232118144770027,0.2488023414737782,0.7283792184520489,0,9.0,0.0,0.25,310.0,0.0,digital,MX-CENTRAL,product_recommendation,promote_core_pack,1
217.7880107030154,6,18,0.4033262271894674,0.5704684961433799,0.3969486615139632,0,15.5,1.5,0.25,385.0,0.0,traditional_trade,BR-SE,bundle,premium_bundle,1
287.441625891513,2,23,0.7939605317600745,0.39065648298067046,0.4435694504918599,1,7.5,2.5,0.2,295.0,0.05,modern_trade,CO-ANDES,promotion,targeted_discount,0
381.4412966199757,5,19,0.5043989803150315,0.37507461898990885,0.4796192240153061,3,15.5,1.5,0.25,385.0,0.0,digital,CO-ANDES,bundle,premium_bundle,0
375.1015108317932,7,1,0.5151633109153968,0.5849802218489205,0.07494547758491296,2,18.0,0.0,4.5,0.0,0.0,digital,MX-CENTRAL,human_followup,sales_visit,0
369.2250574837406,9,7,0.7395069292066355,0.8718774074383161,0.1784671263100942,2,7.5,2.5,0.2,295.0,0.05,digital,MX-CENTRAL,promotion,targeted_discount,1
297.95065231719326,2,19,0.8009426506512529,0.5957416105200554,0.2685231114583873,1,7.5,2.5,0.2,295.0,0.05,digital,MX-CENTRAL,promotion,targeted_discount,0
318.5903594313628,6,10,0.6950191297052388,0.6128921089081811,0.3047092071459601,1,18.0,0.0,4.5,0.0,0.0,digital,CO-ANDES,human_followup,sales_visit,1
291.5054081421911,6,0,0.7700262103154547,0.7598208236244778,0.17898193643432803,0,9.0,0.0,0.25,310.0,0.0,digital,BR-SE,product_recommendation,promote_core_pack,1
288.65945804001956,7,19,0.43229249398466313,0.9603675738277133,0.35208627923709596,1,9.0,0.0,0.25,310.0,0.0,digital,MX-CENTRAL,product_recommendation,promote_core_pack,0
269.4279030600753,6,14,0.48831503787912334,0.33703394945909193,0.4022597852616625,0,15.5,1.5,0.25,385.0,0.0,modern_trade,MX-CENTRAL,bundle,premium_bundle,0
341.6112614406947,4,9,0.6538849808152736,0.5285732916715611,0.6120464863937749,2,9.0,0.0,0.25,310.0,0.0,modern_trade,MX-NORTH,product_recommendation,promote_core_pack,0
332.6534626924862,9,4,0.8080815966265615,0.46009561652248726,0.18876065674160875,2,9.0,0.0,0.25,310.0,0.0,traditional_trade,MX-NORTH,product_recommendation,promote_core_pack,1
414.66002211670775,8,3,0.4459764894970069,0.6392232604803152,0.45593454022786645,2,7.5,2.5,0.2,295.0,0.05,digital,MX-NORTH,promotion,targeted_discount,1
403.30705855061046,6,7,0.4031534779945046,0.8014414144988262,0.43885271703443063,0,9.0,0.0,0.25,310.0,0.0,traditional_trade,BR-SE,product_recommendation,promote_core_pack,1
448.43261318497696,4,16,0.6599508275942331,0.025643222509784423,0.3242098321158708,1,9.0,0.0,0.25,310.0,0.0,digital,CO-ANDES,product_recommendation,promote_core_pack,1
191.03397453222686,6,16,0.941394945952481,0.6554435161707695,0.41266674280057086,3,7.5,2.5,0.2,295.0,0.05,modern_trade,MX-NORTH,promotion,targeted_discount,1
235.64479271702902,5,11,0.7049440652636366,0.5101291452100306,0.7357850101139585,0,18.0,0.0,4.5,0.0,0.0,modern_trade,BR-SE,human_followup,sales_visit,1
333.1803749255813,5,26,0.669743305131701,0.4833331245859411,0.29446480625909094,1,15.5,1.5,0.25,385.0,0.0,digital,BR-SE,bundle,premium_bundle,0
411.71525567922004,2,30,0.3321691169514058,0.25855490925773944,0.10869491907778212,1,18.0,0.0,4.5,0.0,0.0,modern_trade,CO-ANDES,human_followup,sales_visit,0
234.64005154164246,4,22,0.3435197546785223,0.6688874803248669,0.45845396422134604,1,7.5,2.5,0.2,295.0,0.05,traditional_trade,CO-ANDES,promotion,targeted_discount,0
224.78994941515052,10,11,0.6578808798805246,0.7380914522999957,0.4689482400970537,2,18.0,0.0,4.5,0.0,0.0,traditional_trade,BR-SE,human_followup,sales_visit,1
343.0373507370145,6,21,0.7906657251923218,0.6723437020203322,0.33867893236761804,3,9.0,0.0,0.25,310.0,0.0,traditional_trade,CO-ANDES,product_recommendation,promote_core_pack,1
384.1367683838848,5,0,0.6767124403645352,0.3601926758985264,0.15881051554120024,2,18.0,0.0,4.5,0.0,0.0,digital,CO-ANDES,human_followup,sales_visit,1
336.08130342348653,7,1,0.4537647164464941,0.7195196350706834,0.4957411502671332,2,15.5,1.5,0.25,385.0,0.0,modern_trade,CO-ANDES,bundle,premium_bundle,1
205.27501406168773,7,14,0.7883235537647637,0.3869090114577422,0.33287967349038045,3,9.0,0.0,0.25,310.0,0.0,traditional_trade,CO-ANDES,product_recommendation,promote_core_pack,0
439.2907848114612,3,11,0.8823037950944862,0.3755859564307693,0.3684218794212198,3,7.5,2.5,0.2,295.0,0.05,digital,MX-CENTRAL,promotion,targeted_discount,1
498.19942685600455,3,10,0.9679422810242237,0.5403596582984435,0.12427540932748707,1,18.0,0.0,4.5,0.0,0.0,modern_trade,CO-ANDES,human_followup,sales_visit,1
343.28499581124237,11,3,0.7420205159951392,0.261869019068163,0.8472332805495106,1,7.5,2.5,0.2,295.0,0.05,modern_trade,MX-NORTH,promotion,targeted_discount,1
166.77131519541302,6,26,0.81283067840093,0.4804900689197367,0.0871951157085366,1,18.0,0.0,4.5,0.0,0.0,modern_trade,MX-CENTRAL,human_followup,sales_visit,1
284.6371354770952,15,16,0.6172057564015431,0.5724774173910953,0.08724561141377024,3,18.0,0.0,4.5,0.0,0.0,digital,BR-SE,human_followup,sales_visit,1
175.1833041340611,3,29,0.9858196253575712,0.4020416588901387,0.40764113671917035,0,7.5,2.5,0.2,295.0,0.05,traditional_trade,BR-SE,promotion,targeted_discount,1
219.82399487625764,3,14,0.41442448238598506,0.3578573137289132,0.4640374193584502,1,9.0,0.0,0.25,310.0,0.0,modern_trade,MX-NORTH,product_recommendation,promote_core_pack,0
193.11567148297613,9,30,0.8919813649330723,0.6018380239604317,0.6528476037447667,2,9.0,0.0,0.25,310.0,0.0,digital,CO-ANDES,product_recommendation,promote_core_pack,1
180.71859887763816,4,11,0.7104504661906647,0.6319428414733952,0.9330569256919545,2,9.0,0.0,0.25,310.0,0.0,traditional_trade,MX-NORTH,product_recommendation,promote_core_pack,0
461.95359397828383,8,21,0.7684618071236549,0.4599289444241802,0.453447121027449,3,18.0,0.0,4.5,0.0,0.0,modern_trade,CO-ANDES,human_followup,sales_visit,1
308.1913913152011,2,22,0.8570534733509575,0.422484290057722,0.5732670766332626,3,15.5,1.5,0.25,385.0,0.0,digital,MX-CENTRAL,bundle,premium_bundle,1
369.89867319454737,9,29,0.6259111023171554,0.3132119350437492,0.06997120017803692,0,7.5,2.5,0.2,295.0,0.05,traditional_trade,BR-SE,promotion,targeted_discount,1
355.9704289803905,4,2,0.6868357370412799,0.39419044633608546,0.45107454058648105,2,18.0,0.0,4.5,0.0,0.0,digital,CO-ANDES,human_followup,sales_visit,1
205.0281151743284,2,14,0.729847893723696,0.6226779371559705,0.42244001934088626,3,7.5,2.5,0.2,295.0,0.05,traditional_trade,BR-SE,promotion,targeted_discount,0
342.2516281594284,4,9,0.4314464049878513,0.3272844794359952,0.6118607136378595,2,7.5,2.5,0.2,295.0,0.05,traditional_trade,CO-ANDES,promotion,targeted_discount,1
419.9625666099528,6,7,0.7608909435628524,0.6907371109194328,0.6712322952095715,1,18.0,0.0,4.5,0.0,0.0,modern_trade,CO-ANDES,human_followup,sales_visit,1
274.68480177696847,6,25,0.40135372422986343,0.6189314237036392,0.5282548537402378,3,7.5,2.5,0.2,295.0,0.05,traditional_trade,MX-CENTRAL,promotion,targeted_discount,0
284.6842053844516,6,9,0.44712005336212274,0.33408112399744705,0.30145842817537544,2,9.0,0.0,0.25,310.0,0.0,digital,CO-ANDES,product_recommendation,promote_core_pack,1
347.62457292732654,3,5,0.5937080162906258,0.38595483641082773,0.08756741685502034,2,7.5,2.5,0.2,295.0,0.05,digital,MX-CENTRAL,promotion,targeted_discount,1
376.1043211050388,7,20,0.9158920211340079,0.06689834386080983,0.5141605962713707,0,18.0,0.0,4.5,0.0,0.0,digital,BR-SE,human_followup,sales_visit,1
252.47572806754584,5,12,0.600534495011769,0.6302230598970523,0.39542932834268235,1,15.5,1.5,0.25,385.0,0.0,modern_trade,BR-SE,bundle,premium_bundle,1
253.0907476423537,5,8,0.6518925094221877,0.1939370897136683,0.3936326570915067,1,7.5,2.5,0.2,295.0,0.05,traditional_trade,MX-NORTH,promotion,targeted_discount,0
385.22237780432545,1,24,0.7938877448211934,0.6083707879806916,0.2975597961924869,2,9.0,0.0,0.25,310.0,0.0,modern_trade,BR-SE,product_recommendation,promote_core_pack,0
332.6042575837893,6,23,0.7359401784264213,0.41939692225674524,0.4024910495636024,2,15.5,1.5,0.25,385.0,0.0,traditional_trade,BR-SE,bundle,premium_bundle,1
442.88270141541886,5,0,0.38384644980888505,0.6146904942997934,0.3407839013096663,1,18.0,0.0,4.5,0.0,0.0,digital,MX-NORTH,human_followup,sales_visit,1
317.3812237708731,7,25,0.865672375078003,0.5647226717829658,0.7205714633549805,1,9.0,0.0,0.25,310.0,0.0,traditional_trade,MX-CENTRAL,product_recommendation,promote_core_pack,1
220.27998250600348,3,23,0.8483947221756242,0.19314308072896413,0.3582828079556343,1,15.5,1.5,0.25,385.0,0.0,modern_trade,MX-NORTH,bundle,premium_bundle,1
266.93327253980647,5,16,0.4040176192916469,0.1380315898635585,0.13203784693893408,2,15.5,1.5,0.25,385.0,0.0,digital,CO-ANDES,bundle,premium_bundle,1
361.1570284231646,4,18,0.7806318655418404,0.43417353719640617,0.6509627510707502,2,18.0,0.0,4.5,0.0,0.0,digital,BR-SE,human_followup,sales_visit,1
330.2975360706236,7,11,0.6148673311967551,0.38901452477561305,0.13493296436704516,0,18.0,0.0,4.5,0.0,0.0,modern_trade,MX-NORTH,human_followup,sales_visit,0
306.9975775256013,5,23,0.2915391848014914,0.6348105275947081,0.33941832028820523,0,7.5,2.5,0.2,295.0,0.05,digital,MX-CENTRAL,promotion,targeted_discount,0
289.45425127712383,7,28,0.5341330898810369,0.4653821369205812,0.24736096482889544,3,9.0,0.0,0.25,310.0,0.0,digital,CO-ANDES,product_recommendation,promote_core_pack,0
323.50035764048386,5,12,0.9067639432202538,0.24329311028853617,0.8709062484657691,1,7.5,2.5,0.2,295.0,0.05,digital,BR-SE,promotion,targeted_discount,1
278.32220943342816,1,13,0.8583164491287638,0.7336191848346109,0.13125592574736428,3,15.5,1.5,0.25,385.0,0.0,modern_trade,CO-ANDES,bundle,premium_bundle,0
216.46744262065482,6,11,0.6196781474312848,0.12436403238115434,0.48981087889557107,2,18.0,0.0,4.5,0.0,0.0,traditional_trade,MX-NORTH,human_followup,sales_visit,0
149.92223114987115,3,2,0.6985581201605199,0.6948130678842745,0.12814405378893073,3,15.5,1.5,0.25,385.0,0.0,modern_trade,MX-CENTRAL,bundle,premium_bundle,0
530.9062896239386,6,18,0.7114291205960115,0.3484532721137808,0.4030169723100465,3,9.0,0.0,0.25,310.0,0.0,traditional_trade,MX-CENTRAL,product_recommendation,promote_core_pack,1
417.0949729605418,9,19,0.8316715538423716,0.44075706016646504,0.38300019584185657,1,18.0,0.0,4.5,0.0,0.0,digital,BR-SE,human_followup,sales_visit,1
545.682157084188,3,25,0.6631873749867703,0.14529270511916123,0.3398601654320521,2,9.0,0.0,0.25,310.0,0.0,traditional_trade,MX-CENTRAL,product_recommendation,promote_core_pack,0
235.03284284297746,6,14,0.6710658464611585,0.8025141009015201,0.3923535876622685,3,9.0,0.0,0.25,310.0,0.0,traditional_trade,BR-SE,product_recommendation,promote_core_pack,0
279.3932338945578,5,9,0.6271968446921364,0.6103489098156293,0.3466921212954851,1,9.0,0.0,0.25,310.0,0.0,modern_trade,MX-NORTH,product_recommendation,promote_core_pack,1
248.85642250766557,5,19,0.5988052165311646,0.21407647167247637,0.03549826790611596,1,7.5,2.5,0.2,295.0,0.05,traditional_trade,MX-CENTRAL,promotion,targeted_discount,1
356.7069908659206,5,2,0.7239219463141944,0.8377109368587651,0.5148056581846419,0,7.5,2.5,0.2,295.0,0.05,digital,CO-ANDES,promotion,targeted_discount,1
389.8236501906154,4,24,0.583464482177753,0.5389328819585052,0.21638011704384905,3,9.0,0.0,0.25,310.0,0.0,modern_trade,MX-NORTH,product_recommendation,promote_core_pack,0
403.134174308201,2,7,0.8537185987796869,0.3533168138737767,0.1742509151794056,3,9.0,0.0,0.25,310.0,0.0,traditional_trade,MX-NORTH,product_recommendation,promote_core_pack,1
282.8385266995186,7,9,0.3608797673312513,0.7978194884267858,0.4110805725462285,2,7.5,2.5,0.2,295.0,0.05,modern_trade,CO-ANDES,promotion,targeted_discount,1
231.7107687627206,4,17,0.34307731153329013,0.6814345335685918,0.7344716311651485,1,15.5,1.5,0.25,385.0,0.0,modern_trade,CO-ANDES,bundle,premium_bundle,0
508.4060047779624,5,15,0.2471091688109017,0.6986289443374302,0.04723443355111823,1,18.0,0.0,4.5,0.0,0.0,modern_trade,CO-ANDES,human_followup,sales_visit,0
417.54302015815836,6,7,0.7477683414657385,0.5576744183371096,0.1907641905739782,1,7.5,2.5,0.2,295.0,0.05,digital,MX-NORTH,promotion,targeted_discount,1
80.0,2,20,0.46581045853108843,0.4415096056801233,0.49883164084338044,1,9.0,0.0,0.25,310.0,0.0,traditional_trade,MX-NORTH,product_recommendation,promote_core_pack,0
539.6646216610777,3,3,0.8803883623394128,0.5950433326856043,0.19410930360646922,1,9.0,0.0,0.25,310.0,0.0,traditional_trade,MX-CENTRAL,product_recommendation,promote_core_pack,1
413.9566787320152,3,6,0.6429398390868812,0.36737281490984025,0.40271102974257184,2,18.0,0.0,4.5,0.0,0.0,traditional_trade,BR-SE,human_followup,sales_visit,1
293.08333737820925,3,2,0.32532806977399087,0.6800813830471021,0.6003732186497628,0,7.5,2.5,0.2,295.0,0.05,digital,MX-CENTRAL,promotion,targeted_discount,0
406.6656500996601,4,26,0.8019085626878795,0.37279417985599295,0.7601858488775973,3,7.5,2.5,0.2,295.0,0.05,modern_trade,CO-ANDES,promotion,targeted_discount,1
452.9999182431145,4,5,0.7214301228081523,0.480115402220713,0.3492214181557925,0,15.5,1.5,0.25,385.0,0.0,traditional_trade,MX-CENTRAL,bundle,premium_bundle,0
258.0129065711398,4,11,0.34025142975921685,0.5802620010355706,0.5828593691738333,1,18.0,0.0,4.5,0.0,0.0,traditional_trade,MX-CENTRAL,human_followup,sales_visit,1
257.49956549947,2,16,0.498190552197206,0.4036956345684569,0.65019342006817,3,7.5,2.5,0.2,295.0,0.05,traditional_trade,MX-NORTH,promotion,targeted_discount,0
295.5731001020902,5,19,0.8223774215539775,0.7963001868327052,0.5029671332644108,2,18.0,0.0,4.5,0.0,0.0,digital,MX-CENTRAL,human_followup,sales_visit,0
385.53924937133485,2,29,0.7379280942670405,0.8463440620983828,0.5017736061927375,0,15.5,1.5,0.25,385.0,0.0,traditional_trade,MX-CENTRAL,bundle,premium_bundle,1
159.5519546581818,5,6,0.44848015574632916,0.5211987265367912,0.5551589856320338,2,9.0,0.0,0.25,310.0,0.0,digital,MX-NORTH,product_recommendation,promote_core_pack,0
394.6877005260713,7,6,0.20309676127970708,0.6964161249934455,0.26524935704638747,2,7.5,2.5,0.2,295.0,0.05,digital,MX-CENTRAL,promotion,targeted_discount,0
331.1360740583305,6,11,0.4311822737881605,0.6699469873148616,0.8404984040451341,0,7.5,2.5,0.2,295.0,0.05,traditional_trade,CO-ANDES,promotion,targeted_discount,1
306.8934031087195,7,9,0.9438099592352389,0.15786666949135086,0.7029401859467672,1,7.5,2.5,0.2,295.0,0.05,digital,BR-SE,promotion,targeted_discount,1
247.4691511942467,2,29,0.6299959445102521,0.6861877720277147,0.03890348155861043,3,7.5,2.5,0.2,295.0,0.05,traditional_trade,CO-ANDES,promotion,targeted_discount,1
327.3011508844322,5,25,0.36861850862454665,0.5440316684274027,0.29436061338757025,1,9.0,0.0,0.25,310.0,0.0,traditional_trade,MX-NORTH,product_recommendation,promote_core_pack,0
311.1825343154578,5,15,0.6992750710902472,0.715614628979508,0.46472480101616803,0,18.0,0.0,4.5,0.0,0.0,traditional_trade,MX-CENTRAL,human_followup,sales_visit,1
425.01671706328045,6,4,0.35880599586594464,0.7801514815140859,0.5566399414564277,1,9.0,0.0,0.25,310.0,0.0,traditional_trade,MX-NORTH,product_recommendation,promote_core_pack,0
322.6658464678236,5,29,0.6303195931096381,0.6022682556510219,0.20468839166453393,0,18.0,0.0,4.5,0.0,0.0,digital,MX-CENTRAL,human_followup,sales_visit,1
277.7401871641098,5,11,0.5603112684106736,0.39644948271369634,0.38285853831508604,0,9.0,0.0,0.25,310.0,0.0,digital,CO-ANDES,product_recommendation,promote_core_pack,0
230.9091110994333,3,12,0.6490939605112046,0.42318461801731067,0.5845175897212205,3,7.5,2.5,0.2,295.0,0.05,modern_trade,BR-SE,promotion,targeted_discount,0
302.3408560263852,5,6,0.7613512337828052,0.2462562819888058,0.6092369470108709,2,7.5,2.5,0.2,295.0,0.05,digital,BR-SE,promotion,targeted_discount,1
278.3309598392608,6,2,0.8497583918223028,0.35338131387475463,0.8177875682656767,3,7.5,2.5,0.2,295.0,0.05,traditional_trade,MX-NORTH,promotion,targeted_discount,1
504.0315841484425,3,13,0.5683844752418944,0.5688290221797877,0.440818420910151,1,9.0,0.0,0.25,310.0,0.0,modern_trade,MX-NORTH,product_recommendation,promote_core_pack,0
246.9241578096153,3,4,0.6307891308583319,0.6366043544743458,0.5292659380554106,1,7.5,2.5,0.2,295.0,0.05,digital,MX-NORTH,promotion,targeted_discount,1
461.8399108538591,1,9,0.6768691320682129,0.9223665027346424,0.7081595404515671,3,15.5,1.5,0.25,385.0,0.0,traditional_trade,BR-SE,bundle,premium_bundle,1
248.4926015241877,10,3,0.603608014524873,0.7599617783943245,0.2792087689903202,3,15.5,1.5,0.25,385.0,0.0,traditional_trade,BR-SE,bundle,premium_bundle,1
317.16813249130473,7,9,0.5215049813620205,0.3524382819372788,0.21781682712679717,3,15.5,1.5,0.25,385.0,0.0,modern_trade,MX-NORTH,bundle,premium_bundle,0
400.6049156121519,3,29,0.885906685411325,0.6301278297189087,0.5247314833656228,3,18.0,0.0,4.5,0.0,0.0,traditional_trade,MX-CENTRAL,human_followup,sales_visit,0
408.64612029573755,4,19,0.6853933524243723,0.6306122813886043,0.21795740303350683,2,18.0,0.0,4.5,0.0,0.0,modern_trade,MX-CENTRAL,human_followup,sales_visit,1
382.5799471802648,5,16,0.5440152032950716,0.6260205423620332,0.23864989253927354,3,9.0,0.0,0.25,310.0,0.0,modern_trade,CO-ANDES,product_recommendation,promote_core_pack,0
226.89268053238055,6,8,0.8162268260441963,0.7544339271335984,0.05658457694857222,1,18.0,0.0,4.5,0.0,0.0,traditional_trade,BR-SE,human_followup,sales_visit,1
351.66608143227614,2,2,0.46754083252938067,0.6881684040667497,0.07525136514879181,3,7.5,2.5,0.2,295.0,0.05,digital,MX-NORTH,promotion,targeted_discount,1
311.19523894503885,2,21,0.36713515293313526,0.38733069415137056,0.3832408576094557,0,7.5,2.5,0.2,295.0,0.05,modern_trade,MX-CENTRAL,promotion,targeted_discount,1
356.3381983050503,6,13,0.8386791117922648,0.48498885946781783,0.48008622044336774,0,7.5,2.5,0.2,295.0,0.05,modern_trade,MX-NORTH,promotion,targeted_discount,1
371.94095782178374,7,21,0.757655578406417,0.7836569801832696,0.5449785962572071,1,18.0,0.0,4.5,0.0,0.0,digital,BR-SE,human_followup,sales_visit,1
353.4067132317979,3,0,0.6260599968090692,0.6572879622553277,0.19501062267745833,1,9.0,0.0,0.25,310.0,0.0,modern_trade,MX-NORTH,product_recommendation,promote_core_pack,0
167.10742699082653,8,11,0.8594377911025336,0.6336863029119041,0.2965343643456377,3,15.5,1.5,0.25,385.0,0.0,traditional_trade,MX-CENTRAL,bundle,premium_bundle,1
300.47442038752115,3,0,0.4273169799460823,0.23436799993786786,0.28007058796505907,3,7.5,2.5,0.2,295.0,0.05,modern_trade,BR-SE,promotion,targeted_discount,1
375.32541183549546,4,16,0.7275866984476865,0.4640302218507349,0.19074017200363166,3,9.0,0.0,0.25,310.0,0.0,traditional_trade,CO-ANDES,product_recommendation,promote_core_pack,0
240.305275749079,3,3,0.8456887767622143,0.3904937704527355,0.1903587484751645,0,15.5,1.5,0.25,385.0,0.0,modern_trade,BR-SE,bundle,premium_bundle,0
350.2082320930861,2,19,0.5920766437051684,0.33325040583382337,0.5119666314293293,1,7.5,2.5,0.2,295.0,0.05,modern_trade,MX-NORTH,promotion,targeted_discount,0
408.61026680172705,6,6,0.7297516310394737,0.5523081061278251,0.2498372576191502,0,15.5,1.5,0.25,385.0,0.0,modern_trade,MX-NORTH,bundle,premium_bundle,1
274.8151645715484,6,14,0.642533523910765,0.5751270539277308,0.3192572660573129,2,18.0,0.0,4.5,0.0,0.0,digital,MX-NORTH,human_followup,sales_visit,0
286.3379092114472,3,9,0.8704351302586423,0.2048174891421729,0.6278070137225455,3,15.5,1.5,0.25,385.0,0.0,digital,BR-SE,bundle,premium_bundle,0
229.1618210073309,8,22,0.7818099522969201,0.3018487708907735,0.37879223959273,2,9.0,0.0,0.25,310.0,0.0,traditional_trade,MX-CENTRAL,product_recommendation,promote_core_pack,1
289.22843383911055,3,23,0.829108227372762,0.7829563074052951,0.26668057382837257,3,7.5,2.5,0.2,295.0,0.05,traditional_trade,BR-SE,promotion,targeted_discount,1
359.4105653631696,6,26,0.37287894448320585,0.7177022974162955,0.5639070867681317,1,7.5,2.5,0.2,295.0,0.05,modern_trade,BR-SE,promotion,targeted_discount,1
389.450846370831,6,4,0.6961356787621541,0.785142497349913,0.17087117695928147,1,15.5,1.5,0.25,385.0,0.0,traditional_trade,BR-SE,bundle,premium_bundle,0
467.51343694058414,4,25,0.5654606571262203,0.38090186643867713,0.15011255271447987,1,7.5,2.5,0.2,295.0,0.05,digital,BR-SE,promotion,targeted_discount,0
341.5568683192522,4,30,0.6751765094755845,0.3637912064501155,0.3885548557327213,3,9.0,0.0,0.25,310.0,0.0,digital,MX-NORTH,product_recommendation,promote_core_pack,0
214.00730876367646,5,26,0.3297735560868061,0.2795585893321618,0.16034553686056308,1,7.5,2.5,0.2,295.0,0.05,traditional_trade,MX-CENTRAL,promotion,targeted_discount,0
412.3053829890024,3,23,0.9206632163737393,0.43239128730881593,0.3167602528384493,3,15.5,1.5,0.25,385.0,0.0,modern_trade,BR-SE,bundle,premium_bundle,0
447.499751361884,7,18,0.6855046859190885,0.6180003678435837,0.3927512579406257,0,18.0,0.0,4.5,0.0,0.0,modern_trade,MX-CENTRAL,human_followup,sales_visit,0
364.8918988394657,5,5,0.8190025026618286,0.7509727122412364,0.15747340716853928,3,9.0,0.0,0.25,310.0,0.0,traditional_trade,MX-NORTH,product_recommendation,promote_core_pack,1
466.3963037924691,2,16,0.6574025552139147,0.321753919664348,0.6157176619956346,0,15.5,1.5,0.25,385.0,0.0,traditional_trade,MX-NORTH,bundle,premium_bundle,0
457.3833540529091,10,19,0.7952541983186159,0.35801571664977444,0.437321576159323,2,18.0,0.0,4.5,0.0,0.0,traditional_trade,MX-NORTH,human_followup,sales_visit,1
398.1593480349116,4,12,0.6193664783652708,0.8010481461667228,0.14928050897198045,2,18.0,0.0,4.5,0.0,0.0,digital,MX-NORTH,human_followup,sales_visit,1
343.8361897004643,6,2,0.5763643588077302,0.2504476181040354,0.3125510260168823,2,15.5,1.5,0.25,385.0,0.0,traditional_trade,CO-ANDES,bundle,premium_bundle,1
432.32206836598505,3,6,0.6457321799593865,0.06209769772954169,0.3398113296800632,0,7.5,2.5,0.2,295.0,0.05,digital,MX-NORTH,promotion,targeted_discount,1
264.23222218936615,6,14,0.8844708362209819,0.1948416710239313,0.41772383865970053,3,15.5,1.5,0.25,385.0,0.0,digital,BR-SE,bundle,premium_bundle,0
318.075945819501,5,18,0.707339108923628,0.6581382930586872,0.3896813498409575,3,9.0,0.0,0.25,310.0,0.0,modern_trade,CO-ANDES,product_recommendation,promote_core_pack,0
334.042659363796,5,16,0.7983435931707529,0.5850554445467249,0.4029849840462678,0,9.0,0.0,0.25,310.0,0.0,modern_trade,CO-ANDES,product_recommendation,promote_core_pack,1
409.9204946787254,11,28,0.8459513267501486,0.6064222436892963,0.20604850737594654,1,7.5,2.5,0.2,295.0,0.05,digital,MX-CENTRAL,promotion,targeted_discount,1
339.0905820584978,4,24,0.4546268659717334,0.6180452938486006,0.5869976214343755,3,9.0,0.0,0.25,310.0,0.0,traditional_trade,CO-ANDES,product_recommendation,promote_core_pack,0
268.2280509394606,1,9,0.5759940042264772,0.3804484903986672,0.5807388087799864,1,15.5,1.5,0.25,385.0,0.0,modern_trade,BR-SE,bundle,premium_bundle,0
363.86122970760863,4,22,0.5607766381264416,0.6636735130803657,0.27555189247417133,2,18.0,0.0,4.5,0.0,0.0,modern_trade,MX-CENTRAL,human_followup,sales_visit,0
273.5384731351941,2,14,0.8812426360795916,0.5301820306141481,0.7556862148201613,2,15.5,1.5,0.25,385.0,0.0,traditional_trade,CO-ANDES,bundle,premium_bundle,1
252.2652378993458,1,18,0.8780580818784662,0.46104627785225544,0.3829626359496848,3,9.0,0.0,0.25,310.0,0.0,traditional_trade,BR-SE,product_recommendation,promote_core_pack,0
346.97882992455214,6,16,0.8297881658958906,0.5725555761110266,0.18233598218765254,1,9.0,0.0,0.25,310.0,0.0,digital,MX-NORTH,product_recommendation,promote_core_pack,1
256.5299887975057,4,12,0.6046487419198349,0.14219039839428063,0.44381676766776307,1,15.5,1.5,0.25,385.0,0.0,digital,MX-NORTH,bundle,premium_bundle,0
344.23935189644294,7,15,0.5698569703818914,0.3181740442652911,0.4245463154083171,2,18.0,0.0,4.5,0.0,0.0,digital,MX-CENTRAL,human_followup,sales_visit,0
340.7608968603379,5,19,0.45048872121744593,0.08271472663408473,0.42472924958937647,1,18.0,0.0,4.5,0.0,0.0,traditional_trade,MX-NORTH,human_followup,sales_visit,1
320.3110234975316,8,11,0.8486714488381547,0.4023256198096479,0.26751312640721514,2,7.5,2.5,0.2,295.0,0.05,traditional_trade,CO-ANDES,promotion,targeted_discount,0
326.4059488616794,8,11,0.7170153538948217,0.4893036739364643,0.25497078774429605,0,18.0,0.0,4.5,0.0,0.0,traditional_trade,MX-CENTRAL,human_followup,sales_visit,0
352.2538320696682,3,19,0.7800946836513865,0.32566788053903317,0.6323252656305528,1,9.0,0.0,0.25,310.0,0.0,digital,MX-NORTH,product_recommendation,promote_core_pack,0
199.6355672127791,8,15,0.4654543001341986,0.5670513124994719,0.5298195793916254,1,15.5,1.5,0.25,385.0,0.0,traditional_trade,MX-NORTH,bundle,premium_bundle,0
462.0785719911737,6,27,0.6330315252222206,0.3951274119759234,0.25844664269234496,3,9.0,0.0,0.25,310.0,0.0,modern_trade,CO-ANDES,product_recommendation,promote_core_pack,0
274.6592373167135,2,27,0.7996900535847327,0.5341016046768859,0.5897974054217191,3,18.0,0.0,4.5,0.0,0.0,digital,MX-CENTRAL,human_followup,sales_visit,0
296.07317178436375,1,3,0.8538007619902447,0.6539232189141586,0.48110444262220453,3,9.0,0.0,0.25,310.0,0.0,modern_trade,MX-CENTRAL,product_recommendation,promote_core_pack,1
390.313383965318,6,18,0.36554482296650925,0.46314229271438695,0.31124997700124324,1,15.5,1.5,0.25,385.0,0.0,traditional_trade,CO-ANDES,bundle,premium_bundle,0
259.6822161388547,2,4,0.7525737505701294,0.526225894234296,0.2615432113661705,1,9.0,0.0,0.25,310.0,0.0,traditional_trade,CO-ANDES,product_recommendation,promote_core_pack,1
175.17145145582228,5,1,0.5183532008951652,0.16430915045488576,0.0954310427555478,3,18.0,0.0,4.5,0.0,0.0,traditional_trade,MX-CENTRAL,human_followup,sales_visit,1
450.99005657352853,4,24,0.44850199546837494,0.31837917997651655,0.12150127781432236,3,9.0,0.0,0.25,310.0,0.0,modern_trade,CO-ANDES,product_recommendation,promote_core_pack,0
283.63014468677324,3,12,0.665622820156929,0.7405023746019848,0.5419444773212676,0,7.5,2.5,0.2,295.0,0.05,modern_trade,MX-CENTRAL,promotion,targeted_discount,1
393.5361650572189,7,30,0.8476483062303543,0.4686814851280702,0.5116640517530148,1,15.5,1.5,0.25,385.0,0.0,digital,MX-CENTRAL,bundle,premium_bundle,1
483.67587908384553,6,23,0.9364507542625264,0.38912178915630846,0.38613702418302653,0,15.5,1.5,0.25,385.0,0.0,modern_trade,MX-CENTRAL,bundle,premium_bundle,1
330.43611205818127,3,27,0.7558383368714233,0.6483485414282056,0.23754738265988865,1,18.0,0.0,4.5,0.0,0.0,modern_trade,CO-ANDES,human_followup,sales_visit,0
424.9726091700719,4,24,0.3825840560586922,0.7115848257123479,0.2006505458763981,3,7.5,2.5,0.2,295.0,0.05,digital,BR-SE,promotion,targeted_discount,0
378.7562378335127,2,25,0.6697739360375478,0.5039237246355639,0.15690476652253207,2,7.5,2.5,0.2,295.0,0.05,modern_trade,MX-CENTRAL,promotion,targeted_discount,0
449.791755292002,6,0,0.5945475336586711,0.2676628033864526,0.4710239817962059,2,9.0,0.0,0.25,310.0,0.0,digital,MX-NORTH,product_recommendation,promote_core_pack,0
444.7017242978774,1,30,0.8946443156292131,0.4459139214974877,0.3404060166351018,1,18.0,0.0,4.5,0.0,0.0,traditional_trade,BR-SE,human_followup,sales_visit,0
353.56472147123776,5,16,0.7120944925827936,0.37853026477859053,0.7720447826228003,0,7.5,2.5,0.2,295.0,0.05,modern_trade,MX-CENTRAL,promotion,targeted_discount,0
387.7284388303859,3,24,0.8542986236871754,0.690882299066548,0.8691047597975432,0,7.5,2.5,0.2,295.0,0.05,digital,MX-CENTRAL,promotion,targeted_discount,1
268.0378036647189,2,18,0.5731291560594298,0.37835686740825736,0.3136421326614231,0,7.5,2.5,0.2,295.0,0.05,traditional_trade,BR-SE,promotion,targeted_discount,0
263.4484376216616,3,27,0.8418645451710092,0.41457314733677436,0.43391752241369813,0,15.5,1.5,0.25,385.0,0.0,digital,CO-ANDES,bundle,premium_bundle,0
172.42371737835418,8,29,0.8877753542576353,0.22683675003652495,0.6171473099034136,0,15.5,1.5,0.25,385.0,0.0,digital,BR-SE,bundle,premium_bundle,0
378.648366598553,6,26,0.6603559571483119,0.24204078614234942,0.3325908408362204,1,18.0,0.0,4.5,0.0,0.0,modern_trade,MX-NORTH,human_followup,sales_visit,0
380.9801814685939,1,3,0.5585974466731284,0.5538090891433236,0.58489368010546,3,7.5,2.5,0.2,295.0,0.05,digital,MX-NORTH,promotion,targeted_discount,1
398.8281144238515,5,10,0.5258920016975689,0.7877728009682254,0.3841696781443576,1,18.0,0.0,4.5,0.0,0.0,digital,MX-NORTH,human_followup,sales_visit,1
254.5147876303916,7,2,0.7891064231763718,0.319241325075681,0.23033712576527893,2,15.5,1.5,0.25,385.0,0.0,digital,MX-NORTH,bundle,premium_bundle,0
454.36486190134747,8,0,0.7347291026189895,0.23826490586448681,0.3129071048483235,2,15.5,1.5,0.25,385.0,0.0,traditional_trade,MX-NORTH,bundle,premium_bundle,1
474.5539083902987,7,26,0.6569290047942874,0.44037608888981283,0.6308289248551688,3,15.5,1.5,0.25,385.0,0.0,traditional_trade,MX-NORTH,bundle,premium_bundle,0
355.75243687572424,4,19,0.7702515875613926,0.49469525756241245,0.431976380219236,2,18.0,0.0,4.5,0.0,0.0,traditional_trade,CO-ANDES,human_followup,sales_visit,1
430.79231592074484,6,0,0.4321847287133692,0.28371994847068155,0.3829711863153658,2,7.5,2.5,0.2,295.0,0.05,modern_trade,MX-NORTH,promotion,targeted_discount,0
382.0768791866243,3,7,0.41757193003159054,0.7876776142702425,0.6340114310785813,3,7.5,2.5,0.2,295.0,0.05,traditional_trade,MX-CENTRAL,promotion,targeted_discount,0
404.0631506409307,5,30,0.7450293317277826,0.35338277380967725,0.389293368933218,3,15.5,1.5,0.25,385.0,0.0,traditional_trade,MX-NORTH,bundle,premium_bundle,0
374.44068566131347,6,18,0.8302548959031018,0.8825872583541156,0.5757536635587459,1,18.0,0.0,4.5,0.0,0.0,traditional_trade,CO-ANDES,human_followup,sales_visit,0
205.92014347535502,5,2,0.7571757287105648,0.6842733887227209,0.5507547230275968,2,15.5,1.5,0.25,385.0,0.0,traditional_trade,CO-ANDES,bundle,premium_bundle,1
215.50102017628433,2,22,0.7346910777419998,0.627811507153156,0.15975587525670384,0,15.5,1.5,0.25,385.0,0.0,modern_trade,MX-NORTH,bundle,premium_bundle,0
346.020058070513,4,5,0.6950130821970232,0.7603138456896292,0.6672324607888523,0,15.5,1.5,0.25,385.0,0.0,modern_trade,MX-NORTH,bundle,premium_bundle,0
369.4567031873173,6,2,0.9848132566437013,0.4365566439188417,0.5257550220840317,2,18.0,0.0,4.5,0.0,0.0,traditional_trade,MX-NORTH,human_followup,sales_visit,1
247.75361356140627,6,29,0.4023910974141124,0.4146907548081065,0.48133004647153477,3,9.0,0.0,0.25,310.0,0.0,traditional_trade,MX-CENTRAL,product_recommendation,promote_core_pack,0
167.70682440506314,2,24,0.794694868545608,0.44772829603339886,0.42506643053007187,0,9.0,0.0,0.25,310.0,0.0,modern_trade,MX-NORTH,product_recommendation,promote_core_pack,1
259.44091596053147,6,21,0.7845780232654288,0.42171845577262035,0.397148122257034,0,9.0,0.0,0.25,310.0,0.0,traditional_trade,MX-CENTRAL,product_recommendation,promote_core_pack,1
168.6694195421846,9,7,0.6787085625322608,0.23566635907659012,0.18175849640250497,2,9.0,0.0,0.25,310.0,0.0,modern_trade,MX-CENTRAL,product_recommendation,promote_core_pack,1
201.91117789323,4,21,0.8634514099018922,0.441762478010177,0.8331649885786546,0,18.0,0.0,4.5,0.0,0.0,traditional_trade,MX-CENTRAL,human_followup,sales_visit,0
432.8446638305412,3,22,0.9122984200822702,0.9119523226012961,0.6195115690163796,1,18.0,0.0,4.5,0.0,0.0,traditional_trade,CO-ANDES,human_followup,sales_visit,1
397.23300361892865,4,8,0.24393514380308903,0.38480021436164025,0.32810881061260366,1,18.0,0.0,4.5,0.0,0.0,traditional_trade,MX-CENTRAL,human_followup,sales_visit,0
335.0014160291833,3,0,0.9652669245239132,0.7621782255226615,0.43374348945365593,3,7.5,2.5,0.2,295.0,0.05,traditional_trade,BR-SE,promotion,targeted_discount,1
161.53570149344455,9,17,0.5176114200013712,0.3209449265478971,0.28653246568712776,2,7.5,2.5,0.2,295.0,0.05,traditional_trade,MX-CENTRAL,promotion,targeted_discount,1
366.5822167430958,6,4,0.7863148385029486,0.12100596100443911,0.6306468432530634,3,15.5,1.5,0.25,385.0,0.0,modern_trade,CO-ANDES,bundle,premium_bundle,0
385.31429043127537,4,7,0.5752917681400541,0.35348559362019305,0.20797489680931047,2,7.5,2.5,0.2,295.0,0.05,digital,CO-ANDES,promotion,targeted_discount,1
375.57884953882757,4,14,0.6307521956851384,0.8237223466858768,0.24543038393411423,1,15.5,1.5,0.25,385.0,0.0,modern_trade,BR-SE,bundle,premium_bundle,1
251.6073143994164,6,6,0.6042791817401465,0.46033694912345746,0.08757824176623072,1,18.0,0.0,4.5,0.0,0.0,digital,BR-SE,human_followup,sales_visit,1
412.69690043527856,10,21,0.6693468020859578,0.3027725155178375,0.28011367225470335,3,7.5,2.5,0.2,295.0,0.05,modern_trade,BR-SE,promotion,targeted_discount,1
211.72602762335023,4,14,0.6337328849085117,0.37426600490243034,0.6113518657605967,3,18.0,0.0,4.5,0.0,0.0,digital,MX-CENTRAL,human_followup,sales_visit,0
322.469740093453,5,24,0.7500607101840109,0.43794617989410056,0.8319354668454146,2,15.5,1.5,0.25,385.0,0.0,modern_trade,CO-ANDES,bundle,premium_bundle,0
211.46798253990485,5,22,0.6502571042287174,0.039440191440435424,0.21452518311156768,3,7.5,2.5,0.2,295.0,0.05,digital,BR-SE,promotion,targeted_discount,0
373.2960027039707,5,11,0.6521533358067177,0.21040355365513094,0.4003394215848605,0,18.0,0.0,4.5,0.0,0.0,traditional_trade,CO-ANDES,human_followup,sales_visit,0
271.09327596853996,7,20,0.5903103700145084,0.6007957721775231,0.6300492891078735,3,15.5,1.5,0.25,385.0,0.0,digital,MX-NORTH,bundle,premium_bundle,1
347.534267158286,7,14,0.4669289779020501,0.17685154353551438,0.3439997254590661,2,18.0,0.0,4.5,0.0,0.0,digital,MX-CENTRAL,human_followup,sales_visit,1
501.82320594802536,4,22,0.5949309032590938,0.6026597200313356,0.597862318297237,3,9.0,0.0,0.25,310.0,0.0,traditional_trade,MX-CENTRAL,product_recommendation,promote_core_pack,1
325.67333859396365,3,1,0.7164553863284144,0.24645548743468565,0.1496149209955305,0,15.5,1.5,0.25,385.0,0.0,modern_trade,BR-SE,bundle,premium_bundle,1
449.0869498900682,7,25,0.312279527594933,0.5619637450290488,0.4664789505718847,2,7.5,2.5,0.2,295.0,0.05,traditional_trade,BR-SE,promotion,targeted_discount,0
367.70972504580453,5,3,0.404296592149391,0.7864315150579146,0.16200302428880045,1,7.5,2.5,0.2,295.0,0.05,modern_trade,MX-NORTH,promotion,targeted_discount,1
332.7260327053566,5,23,0.4921162445918492,0.2726962765688654,0.18107793608635203,1,7.5,2.5,0.2,295.0,0.05,digital,CO-ANDES,promotion,targeted_discount,1
484.5539353126064,3,11,0.5352050916551648,0.7894094537451721,0.26120471766895,1,15.5,1.5,0.25,385.0,0.0,traditional_trade,MX-CENTRAL,bundle,premium_bundle,0
268.2309368193406,7,22,0.6488903373437085,0.48313782216686874,0.5689944308974287,3,7.5,2.5,0.2,295.0,0.05,modern_trade,CO-ANDES,promotion,targeted_discount,0
458.69420824366847,9,25,0.626736538624929,0.3821547091193614,0.23847732966871055,2,7.5,2.5,0.2,295.0,0.05,traditional_trade,CO-ANDES,promotion,targeted_discount,1
281.1504188115338,5,27,0.5514732948578047,0.3454304153359514,0.34556777159128776,1,9.0,0.0,0.25,310.0,0.0,modern_trade,BR-SE,product_recommendation,promote_core_pack,1
361.7111111796442,4,19,0.4616816114560942,0.2598846737535451,0.05182750682260865,2,18.0,0.0,4.5,0.0,0.0,digital,BR-SE,human_followup,sales_visit,0
205.39055391319235,3,24,0.16166481598431176,0.6821928985014983,0.42270596180622233,0,9.0,0.0,0.25,310.0,0.0,digital,MX-NORTH,product_recommendation,promote_core_pack,0
314.27797795503585,6,16,0.2990155703270067,0.6937094133362648,0.6130864308630826,2,18.0,0.0,4.5,0.0,0.0,digital,BR-SE,human_followup,sales_visit,0
434.3948564859469,6,29,0.9693439062559224,0.15482740014076843,0.29052899918994274,0,7.5,2.5,0.2,295.0,0.05,traditional_trade,CO-ANDES,promotion,targeted_discount,1
400.44376031784014,5,23,0.6466851334094048,0.4940056777273622,0.2534237665908727,2,9.0,0.0,0.25,310.0,0.0,traditional_trade,CO-ANDES,product_recommendation,promote_core_pack,1
125.39548697266551,4,6,0.36671444433544265,0.5364760440065559,0.7135938767696002,2,9.0,0.0,0.25,310.0,0.0,traditional_trade,MX-CENTRAL,product_recommendation,promote_core_pack,0
331.992944209917,3,22,0.5414252318717491,0.5687415399960046,0.4727364639490152,2,9.0,0.0,0.25,310.0,0.0,modern_trade,BR-SE,product_recommendation,promote_core_pack,0
339.08483633100815,4,30,0.6465912049899392,0.39855334635309636,0.27606194478670726,0,15.5,1.5,0.25,385.0,0.0,traditional_trade,MX-NORTH,bundle,premium_bundle,0
372.9875303602481,4,27,0.6574097998305941,0.4554096274184789,0.07951105587232597,1,7.5,2.5,0.2,295.0,0.05,digital,BR-SE,promotion,targeted_discount,1
328.6895953053248,1,20,0.7210478644766618,0.636496389282957,0.3307790007643416,2,9.0,0.0,0.25,310.0,0.0,traditional_trade,CO-ANDES,product_recommendation,promote_core_pack,0
332.1623460035064,12,26,0.6000821967208654,0.272060208212672,0.2753600179039469,0,18.0,0.0,4.5,0.0,0.0,modern_trade,BR-SE,human_followup,sales_visit,1
326.9193605811505,3,15,0.7244248551133305,0.5366327022937001,0.5145177586156306,0,18.0,0.0,4.5,0.0,0.0,traditional_trade,BR-SE,human_followup,sales_visit,0
408.31188892800856,4,10,0.7197642094070741,0.5586514117125575,0.4704878301483358,0,9.0,0.0,0.25,310.0,0.0,traditional_trade,BR-SE,product_recommendation,promote_core_pack,1
348.4426265610127,6,7,0.7365022441932699,0.3532644924331515,0.12159199795527874,1,15.5,1.5,0.25,385.0,0.0,traditional_trade,CO-ANDES,bundle,premium_bundle,1
450.06159703716725,4,7,0.7561891971490637,0.7772238899498823,0.3868791572815585,1,9.0,0.0,0.25,310.0,0.0,digital,MX-CENTRAL,product_recommendation,promote_core_pack,1
261.34655725037703,7,29,0.3599866391557235,0.12098363710199467,0.3828682022798079,2,15.5,1.5,0.25,385.0,0.0,digital,BR-SE,bundle,premium_bundle,0
318.35514678950454,5,10,0.7063392912169165,0.46179520491199305,0.7051333236970896,2,7.5,2.5,0.2,295.0,0.05,modern_trade,BR-SE,promotion,targeted_discount,0
350.2032110959507,2,30,0.6612085522372957,0.27228909149502156,0.20501634956294953,2,18.0,0.0,4.5,0.0,0.0,digital,MX-CENTRAL,human_followup,sales_visit,0
369.5868234682233,14,2,0.5164664384779513,0.5731745908009014,0.5147144704871447,1,18.0,0.0,4.5,0.0,0.0,modern_trade,BR-SE,human_followup,sales_visit,1
288.9448051769394,6,4,0.818080042943396,0.4520416347538049,0.21109888041635333,0,9.0,0.0,0.25,310.0,0.0,digital,MX-CENTRAL,product_recommendation,promote_core_pack,1
177.99240835843494,7,24,0.554004988357533,0.2766742078742552,0.516026033035807,3,7.5,2.5,0.2,295.0,0.05,traditional_trade,CO-ANDES,promotion,targeted_discount,1
363.7437536959188,6,17,0.7406713216370588,0.8281665119388395,0.28311025440277676,1,9.0,0.0,0.25,310.0,0.0,modern_trade,BR-SE,product_recommendation,promote_core_pack,1
379.00850658117076,5,11,0.675059146961413,0.24756534671931976,0.5146646399103563,1,7.5,2.5,0.2,295.0,0.05,traditional_trade,MX-CENTRAL,promotion,targeted_discount,1
365.58523260728487,4,11,0.6560176449652114,0.2934394350443462,0.23405253734647502,0,18.0,0.0,4.5,0.0,0.0,digital,CO-ANDES,human_followup,sales_visit,1
338.9828929881262,3,9,0.7777906203536658,0.37340374035191465,0.5816366675405995,2,7.5,2.5,0.2,295.0,0.05,traditional_trade,CO-ANDES,promotion,targeted_discount,1
333.1879845920148,3,29,0.6175534241822734,0.7869862721491306,0.4650792060951134,1,15.5,1.5,0.25,385.0,0.0,digital,CO-ANDES,bundle,premium_bundle,0
312.33186016893393,8,17,0.7997479371212627,0.2045257639708465,0.6096332318620535,2,7.5,2.5,0.2,295.0,0.05,modern_trade,CO-ANDES,promotion,targeted_discount,1
372.5078098331653,9,20,0.8696692299520742,0.3365523421144588,0.5358564985924575,1,18.0,0.0,4.5,0.0,0.0,modern_trade,MX-NORTH,human_followup,sales_visit,1
387.6596446112859,2,3,0.6970444811299797,0.4660319248875375,0.34656981083404964,2,7.5,2.5,0.2,295.0,0.05,digital,BR-SE,promotion,targeted_discount,1
393.5779085163525,5,27,0.3650749941922183,0.4703619954077644,0.913467096190923,1,7.5,2.5,0.2,295.0,0.05,traditional_trade,MX-CENTRAL,promotion,targeted_discount,0
334.115764373966,7,18,0.866550606544883,0.16688338666396707,0.23031137960674236,3,15.5,1.5,0.25,385.0,0.0,modern_trade,BR-SE,bundle,premium_bundle,0
330.3231159829945,5,10,0.9786436452600807,0.945767827178433,0.5074075365410912,2,15.5,1.5,0.25,385.0,0.0,digital,CO-ANDES,bundle,premium_bundle,1
386.492258797429,6,14,0.7773245925079799,0.04847345520601827,0.7327824654972463,1,15.5,1.5,0.25,385.0,0.0,digital,CO-ANDES,bundle,premium_bundle,1
429.0856309638974,5,10,0.31305121284342147,0.40785167421075963,0.37651738404500285,0,7.5,2.5,0.2,295.0,0.05,modern_trade,MX-CENTRAL,promotion,targeted_discount,0
380.05720159917524,7,26,0.331856437399294,0.38948123602756973,0.511142098018572,0,18.0,0.0,4.5,0.0,0.0,modern_trade,MX-CENTRAL,human_followup,sales_visit,0
376.2759080603046,2,2,0.7702492198955007,0.47707915207198986,0.227071349131735,3,7.5,2.5,0.2,295.0,0.05,digital,BR-SE,promotion,targeted_discount,1
280.9510680369456,8,10,0.5201720400896672,0.45953126385624515,0.616551271903628,2,15.5,1.5,0.25,385.0,0.0,modern_trade,BR-SE,bundle,premium_bundle,1
184.00957198455023,9,16,0.3810763757908918,0.36703491279666123,0.3184141481273598,1,15.5,1.5,0.25,385.0,0.0,modern_trade,BR-SE,bundle,premium_bundle,1
279.8291608828722,10,18,0.8836675942136781,0.45953708756563344,0.5540298993827436,1,7.5,2.5,0.2,295.0,0.05,digital,BR-SE,promotion,targeted_discount,0
240.6914976772245,6,12,0.7257623819579747,0.5996273612980829,0.3618266359334154,1,7.5,2.5,0.2,295.0,0.05,modern_trade,MX-NORTH,promotion,targeted_discount,1
273.2358536093524,4,7,0.6797333236437292,0.1807033977528897,0.43720446976874805,0,18.0,0.0,4.5,0.0,0.0,traditional_trade,MX-NORTH,human_followup,sales_visit,0
194.9813681932967,8,1,0.5670715492600479,0.6801812990857442,0.5713540232556548,2,15.5,1.5,0.25,385.0,0.0,traditional_trade,MX-NORTH,bundle,premium_bundle,0
463.05431626401275,2,18,0.803131743464368,0.6970538731447841,0.3935050248562044,2,15.5,1.5,0.25,385.0,0.0,traditional_trade,CO-ANDES,bundle,premium_bundle,1
352.36133821190384,4,2,0.602647538359302,0.18677816767337715,0.7305002565084671,3,9.0,0.0,0.25,310.0,0.0,traditional_trade,MX-CENTRAL,product_recommendation,promote_core_pack,0
292.68644185656075,2,5,0.8735246679449404,0.5096750077657775,0.47897254751731455,2,15.5,1.5,0.25,385.0,0.0,traditional_trade,MX-CENTRAL,bundle,premium_bundle,1
208.68469059847214,5,27,0.5568736518773514,0.32781932685226295,0.3829963325379608,2,9.0,0.0,0.25,310.0,0.0,traditional_trade,MX-CENTRAL,product_recommendation,promote_core_pack,0
321.4993698808836,1,7,0.7633973662278132,0.5790875549728515,0.6179016443910752,1,15.5,1.5,0.25,385.0,0.0,digital,MX-NORTH,bundle,premium_bundle,1
217.27006019584428,3,13,0.6472742873634818,0.6231025649734102,0.18526606411216603,3,9.0,0.0,0.25,310.0,0.0,traditional_trade,MX-CENTRAL,product_recommendation,promote_core_pack,1
261.8850710123758,4,10,0.5476552763111363,0.5810769619015302,0.547961527013325,0,9.0,0.0,0.25,310.0,0.0,traditional_trade,CO-ANDES,product_recommendation,promote_core_pack,1
291.56300493701144,5,23,0.83527125447437,0.3144968627198107,0.3463684171766347,2,15.5,1.5,0.25,385.0,0.0,modern_trade,MX-NORTH,bundle,premium_bundle,0
337.82078993771677,9,0,0.6878882918277602,0.6251224629162547,0.7036127734651939,3,9.0,0.0,0.25,310.0,0.0,traditional_trade,MX-CENTRAL,product_recommendation,promote_core_pack,1
322.3718719626454,2,14,0.5610775151516812,0.6135218289257616,0.41656797900772385,2,18.0,0.0,4.5,0.0,0.0,traditional_trade,MX-CENTRAL,human_followup,sales_visit,0
388.870092152964,4,6,0.9155613746219048,0.31831060440082154,0.592957417078579,0,9.0,0.0,0.25,310.0,0.0,digital,BR-SE,product_recommendation,promote_core_pack,1
492.0625955115959,5,11,0.724446655354886,0.5050224597707029,0.7083471001475057,0,9.0,0.0,0.25,310.0,0.0,digital,MX-NORTH,product_recommendation,promote_core_pack,1
454.81294670608025,5,0,0.32896534917771036,0.6176041502740149,0.45557391319732027,3,9.0,0.0,0.25,310.0,0.0,traditional_trade,MX-NORTH,product_recommendation,promote_core_pack,0
197.01668557882374,4,0,0.6866963558191795,0.18731283748465086,0.0381941769280278,2,7.5,2.5,0.2,295.0,0.05,traditional_trade,MX-NORTH,promotion,targeted_discount,1
315.75110136041,8,8,0.6625418033495343,0.3647652128392279,0.3270616835812567,0,9.0,0.0,0.25,310.0,0.0,digital,MX-CENTRAL,product_recommendation,promote_core_pack,1
346.2152856385246,3,19,0.7775626965913731,0.6992045766474545,0.4459518145644794,3,18.0,0.0,4.5,0.0,0.0,digital,MX-NORTH,human_followup,sales_visit,1
282.1309024728969,6,15,0.9520180629510535,0.2920880647064558,0.8914384297899111,2,7.5,2.5,0.2,295.0,0.05,traditional_trade,BR-SE,promotion,targeted_discount,1
128.9155686132962,5,25,0.5987910423830849,0.07021084441547806,0.25488352778341533,0,7.5,2.5,0.2,295.0,0.05,modern_trade,MX-CENTRAL,promotion,targeted_discount,1
252.77771849759193,7,13,0.6421035642207762,0.4530676713917143,0.14858504216824076,2,7.5,2.5,0.2,295.0,0.05,digital,BR-SE,promotion,targeted_discount,1
323.67352798505647,5,22,0.6636237688479105,0.4085996920141077,0.6029962332842985,3,7.5,2.5,0.2,295.0,0.05,traditional_trade,MX-CENTRAL,promotion,targeted_discount,0
249.4758672068995,5,21,0.7545946885134642,0.40987773916165426,0.10299596869886098,2,15.5,1.5,0.25,385.0,0.0,traditional_trade,MX-CENTRAL,bundle,premium_bundle,1
272.343905599284,4,14,0.6327972075037774,0.18426125922141798,0.09828122979214553,0,15.5,1.5,0.25,385.0,0.0,traditional_trade,CO-ANDES,bundle,premium_bundle,1
235.37095423852878,3,16,0.8745515817043638,0.1377037377810448,0.63311178371514,1,15.5,1.5,0.25,385.0,0.0,modern_trade,MX-CENTRAL,bundle,premium_bundle,0
326.51894170437083,7,14,0.9898830689279849,0.5128616181442472,0.31027662205577583,0,18.0,0.0,4.5,0.0,0.0,traditional_trade,MX-CENTRAL,human_followup,sales_visit,1
403.6170887547221,7,4,0.5664799717506184,0.5022086269604162,0.568129858734438,3,18.0,0.0,4.5,0.0,0.0,digital,BR-SE,human_followup,sales_visit,0
330.1844038223526,3,8,0.43406424316740033,0.14656925067096285,0.27766773866996786,2,18.0,0.0,4.5,0.0,0.0,traditional_trade,MX-NORTH,human_followup,sales_visit,0
321.9777215295584,6,8,0.8181700998564742,0.5765118236083011,0.38339799402482855,1,15.5,1.5,0.25,385.0,0.0,modern_trade,MX-CENTRAL,bundle,premium_bundle,1
358.9183957925473,8,16,0.7233162911675911,0.4806385315302729,0.47298026988036,3,15.5,1.5,0.25,385.0,0.0,digital,BR-SE,bundle,premium_bundle,0
268.9840038778386,6,13,0.7170399459168226,0.6196944197341648,0.11929446310032804,3,7.5,2.5,0.2,295.0,0.05,traditional_trade,MX-CENTRAL,promotion,targeted_discount,0
378.9545869290781,5,9,0.8625955741816731,0.6512089067990915,0.5452138139898481,0,18.0,0.0,4.5,0.0,0.0,traditional_trade,BR-SE,human_followup,sales_visit,1
267.6003330337724,8,21,0.7399706376046972,0.25236256820793035,0.2275539079372547,3,18.0,0.0,4.5,0.0,0.0,traditional_trade,MX-NORTH,human_followup,sales_visit,1
396.86554719727616,3,14,0.6370183847123201,0.5312781035605867,0.3521925201955635,0,9.0,0.0,0.25,310.0,0.0,digital,MX-CENTRAL,product_recommendation,promote_core_pack,0
373.033981388839,9,2,0.8489048807682266,0.5256634128079031,0.3277889187186976,1,7.5,2.5,0.2,295.0,0.05,modern_trade,BR-SE,promotion,targeted_discount,1
244.5064610707696,4,22,0.5665824708198071,0.4754853338268533,0.2605805054952072,3,7.5,2.5,0.2,295.0,0.05,traditional_trade,BR-SE,promotion,targeted_discount,0
338.9432998357571,6,25,0.7090447209226014,0.512775047900592,0.20942642657369703,0,7.5,2.5,0.2,295.0,0.05,digital,MX-CENTRAL,promotion,targeted_discount,1
302.8480505538865,0,17,0.5260844227683132,0.5154445839080956,0.3573455102727578,3,18.0,0.0,4.5,0.0,0.0,traditional_trade,MX-CENTRAL,human_followup,sales_visit,1
312.5382552039426,4,8,0.32995156746913645,0.3516299879314881,0.49474156098603933,3,7.5,2.5,0.2,295.0,0.05,traditional_trade,BR-SE,promotion,targeted_discount,0
424.0418292602335,8,12,0.5381192933762902,0.48126854516767015,0.7994021225960343,0,15.5,1.5,0.25,385.0,0.0,traditional_trade,MX-CENTRAL,bundle,premium_bundle,1
340.44644312418706,2,29,0.9566976652351241,0.36320989439583035,0.2539921255080927,3,15.5,1.5,0.25,385.0,0.0,traditional_trade,BR-SE,bundle,premium_bundle,0
280.3117745668587,6,14,0.7985600656484318,0.5218422632607063,0.531421268711771,0,9.0,0.0,0.25,310.0,0.0,modern_trade,CO-ANDES,product_recommendation,promote_core_pack,1
363.86037641636005,6,29,0.933035193232801,0.3690785340277801,0.4578870267088067,0,18.0,0.0,4.5,0.0,0.0,traditional_trade,MX-NORTH,human_followup,sales_visit,1
293.84392329028884,6,29,0.8778644805675259,0.47823775763016363,0.23656801749649717,1,15.5,1.5,0.25,385.0,0.0,traditional_trade,CO-ANDES,bundle,premium_bundle,0
259.28684239888725,2,29,0.9671585583598912,0.31175555812084405,0.508963160449743,2,7.5,2.5,0.2,295.0,0.05,digital,MX-NORTH,promotion,targeted_discount,0
327.15605445646037,3,22,0.6450505988887182,0.39958144699904713,0.23972767343029106,3,7.5,2.5,0.2,295.0,0.05,modern_trade,MX-CENTRAL,promotion,targeted_discount,1
317.69966235449635,5,19,0.993130015725454,0.5818771388339207,0.2828723118326272,0,9.0,0.0,0.25,310.0,0.0,modern_trade,MX-CENTRAL,product_recommendation,promote_core_pack,1
446.3032844231856,7,24,0.6559073801558657,0.6676800895783676,0.529187746099728,2,7.5,2.5,0.2,295.0,0.05,modern_trade,CO-ANDES,promotion,targeted_discount,1
441.42452986847667,4,10,0.662668021003721,0.5357058666285541,0.07387855285044849,1,18.0,0.0,4.5,0.0,0.0,traditional_trade,MX-NORTH,human_followup,sales_visit,0
268.2887268001738,3,25,0.7615707566714743,0.474759687090278,0.4470469420220056,0,18.0,0.0,4.5,0.0,0.0,digital,MX-NORTH,human_followup,sales_visit,1
414.74918161890844,5,20,0.805527751604765,0.5052419959666099,0.3565805000601936,2,9.0,0.0,0.25,310.0,0.0,modern_trade,MX-NORTH,product_recommendation,promote_core_pack,1
306.9040750567208,5,23,0.6116033258508123,0.7613120971095032,0.20241532967015316,3,15.5,1.5,0.25,385.0,0.0,modern_trade,BR-SE,bundle,premium_bundle,0
148.86118469504714,4,19,0.7951293917458297,0.18472386067190086,0.1899192226116135,3,18.0,0.0,4.5,0.0,0.0,digital,MX-NORTH,human_followup,sales_visit,0
171.91682124060978,4,15,0.8662065209716425,0.44832181955323364,0.8676914988912106,1,15.5,1.5,0.25,385.0,0.0,traditional_trade,CO-ANDES,bundle,premium_bundle,1
259.9688458282213,7,28,0.8259396328425858,0.3857320117422933,0.33913581482763455,1,15.5,1.5,0.25,385.0,0.0,traditional_trade,CO-ANDES,bundle,premium_bundle,1
301.70999733437935,6,1,0.8275185112556964,0.8533833626188089,0.7788710019886017,3,15.5,1.5,0.25,385.0,0.0,modern_trade,BR-SE,bundle,premium_bundle,0
296.0930831476896,6,11,0.6819428927836022,0.47384346952657586,0.33698660799358265,2,18.0,0.0,4.5,0.0,0.0,digital,BR-SE,human_followup,sales_visit,0
403.5809863719456,6,14,0.4649470794357757,0.2290567487887804,0.697028682730985,2,9.0,0.0,0.25,310.0,0.0,digital,MX-NORTH,product_recommendation,promote_core_pack,0
281.2186428859763,3,13,0.8644184546954783,0.5910406044547322,0.4301662411588144,3,9.0,0.0,0.25,310.0,0.0,modern_trade,MX-CENTRAL,product_recommendation,promote_core_pack,1
472.62647942364504,3,23,0.518764493203683,0.2519296356270707,0.6365582546665945,1,9.0,0.0,0.25,310.0,0.0,digital,MX-CENTRAL,product_recommendation,promote_core_pack,1
276.22532182863574,2,8,0.595707829364316,0.3965459988375521,0.20388076292627702,2,7.5,2.5,0.2,295.0,0.05,traditional_trade,MX-NORTH,promotion,targeted_discount,0
248.70296970506917,10,12,0.9017361501638061,0.6395247041686399,0.42306517099006336,3,18.0,0.0,4.5,0.0,0.0,modern_trade,BR-SE,human_followup,sales_visit,0
438.4879240294638,8,21,0.8749994534845676,0.43457255054361543,0.5278742352204546,0,15.5,1.5,0.25,385.0,0.0,traditional_trade,MX-CENTRAL,bundle,premium_bundle,0
406.6092164823761,2,20,0.8674001256822905,0.8739209179233216,0.42538369804058046,3,18.0,0.0,4.5,0.0,0.0,modern_trade,MX-CENTRAL,human_followup,sales_visit,1
370.3658062940542,2,19,0.4023660374235605,0.5498633801434919,0.40862759893037853,1,18.0,0.0,4.5,0.0,0.0,traditional_trade,CO-ANDES,human_followup,sales_visit,0
295.2139074285669,4,8,0.9461582090343599,0.6190425059062199,0.022423280660899703,3,15.5,1.5,0.25,385.0,0.0,modern_trade,CO-ANDES,bundle,premium_bundle,1
298.87192897693643,4,6,0.6864572953318574,0.49049463501851365,0.8211155789638226,1,7.5,2.5,0.2,295.0,0.05,digital,MX-CENTRAL,promotion,targeted_discount,0
312.7800302218621,2,11,0.5309461271458301,0.10022763630869508,0.23683129416229592,3,18.0,0.0,4.5,0.0,0.0,digital,CO-ANDES,human_followup,sales_visit,0
308.3909113147687,4,20,0.3702601246338303,0.5531111588214928,0.39766966081997973,3,9.0,0.0,0.25,310.0,0.0,digital,CO-ANDES,product_recommendation,promote_core_pack,1
280.8632142593278,6,4,0.8271435447273436,0.9320308655767604,0.26497477460379865,2,9.0,0.0,0.25,310.0,0.0,digital,MX-NORTH,product_recommendation,promote_core_pack,0
473.9719349508955,2,0,0.4905470022182869,0.32553876917471203,0.4798847370582467,0,15.5,1.5,0.25,385.0,0.0,digital,MX-CENTRAL,bundle,premium_bundle,1
413.98159323749786,4,21,0.9093669461052788,0.2959513006215443,0.34152972622540856,3,7.5,2.5,0.2,295.0,0.05,digital,CO-ANDES,promotion,targeted_discount,0
353.6788628002697,5,5,0.6262389645245173,0.563352805018302,0.4194613115615791,3,15.5,1.5,0.25,385.0,0.0,traditional_trade,BR-SE,bundle,premium_bundle,1
419.6092321539075,1,23,0.36490212263894956,0.33390053388120233,0.21501587839927278,3,15.5,1.5,0.25,385.0,0.0,digital,MX-NORTH,bundle,premium_bundle,0
429.8583588767166,3,16,0.76093093952401,0.3902495101055842,0.2706372539490094,2,15.5,1.5,0.25,385.0,0.0,modern_trade,MX-NORTH,bundle,premium_bundle,0
138.38148673189752,4,17,0.6833716794345731,0.5889323514551315,0.8116816370464441,2,7.5,2.5,0.2,295.0,0.05,modern_trade,BR-SE,promotion,targeted_discount,0
292.1083451744935,4,24,0.702154243621423,0.42768623841124154,0.1640131337141673,1,7.5,2.5,0.2,295.0,0.05,digital,BR-SE,promotion,targeted_discount,0
451.55917527880007,4,12,0.8121667015983816,0.3038192203595199,0.6472356767875508,1,15.5,1.5,0.25,385.0,0.0,modern_trade,CO-ANDES,bundle,premium_bundle,0
229.4045477090348,4,6,0.666755809242982,0.5058723593817511,0.31159653002105675,2,15.5,1.5,0.25,385.0,0.0,traditional_trade,CO-ANDES,bundle,premium_bundle,0
514.6729027586108,6,29,0.4158685181961261,0.6499023897368434,0.3882975651724061,2,18.0,0.0,4.5,0.0,0.0,digital,BR-SE,human_followup,sales_visit,0
398.84666531864536,4,30,0.9152394535850467,0.13258715289536183,0.2961585946232654,1,7.5,2.5,0.2,295.0,0.05,digital,MX-NORTH,promotion,targeted_discount,1
285.6373294882844,6,24,0.7570040728206466,0.6860155631866265,0.11455787989410049,0,18.0,0.0,4.5,0.0,0.0,modern_trade,MX-CENTRAL,human_followup,sales_visit,0
357.01266062030123,4,19,0.725337700649194,0.5324388904992956,0.25003646554322767,1,15.5,1.5,0.25,385.0,0.0,modern_trade,MX-CENTRAL,bundle,premium_bundle,0
230.03467643481878,6,4,0.2264737775192182,0.6713822121876195,0.23112633672777505,0,15.5,1.5,0.25,385.0,0.0,modern_trade,CO-ANDES,bundle,premium_bundle,1
323.10321990543554,7,0,0.7683963265755909,0.4495247588932365,0.35540366301363413,1,15.5,1.5,0.25,385.0,0.0,modern_trade,MX-NORTH,bundle,premium_bundle,0
284.57578492297256,9,13,0.8408003117942316,0.6686358383828885,0.5019283986139923,2,15.5,1.5,0.25,385.0,0.0,digital,MX-CENTRAL,bundle,premium_bundle,1
418.88569183619825,2,23,0.5907365431492894,0.3644762033713952,0.36495960761283974,1,9.0,0.0,0.25,310.0,0.0,modern_trade,BR-SE,product_recommendation,promote_core_pack,0
409.7915996431104,4,11,0.7190566594363583,0.48084122127687956,0.29858389199331414,0,18.0,0.0,4.5,0.0,0.0,traditional_trade,BR-SE,human_followup,sales_visit,1
320.9129368400871,7,2,0.5975541897669295,0.272498424826647,0.07005732632827501,1,9.0,0.0,0.25,310.0,0.0,modern_trade,MX-NORTH,product_recommendation,promote_core_pack,1
491.3761188599836,3,3,0.6412620768586942,0.6940897961816712,0.6941176246307794,3,15.5,1.5,0.25,385.0,0.0,traditional_trade,MX-NORTH,bundle,premium_bundle,1
356.0697752800728,7,29,0.7723231914266495,0.6618862027417294,0.5871055549532883,2,15.5,1.5,0.25,385.0,0.0,digital,MX-CENTRAL,bundle,premium_bundle,0
325.8225357607755,4,27,0.5414820925978949,0.6631844747489822,0.7238950851329997,2,9.0,0.0,0.25,310.0,0.0,traditional_trade,MX-NORTH,product_recommendation,promote_core_pack,1
366.32684509907284,7,12,0.6828682115028375,0.14859510758982494,0.4321564032018181,2,18.0,0.0,4.5,0.0,0.0,digital,MX-CENTRAL,human_followup,sales_visit,0
321.6798327007577,3,11,0.48993205800209794,0.845492318232542,0.581045466186051,1,7.5,2.5,0.2,295.0,0.05,digital,CO-ANDES,promotion,targeted_discount,1
286.045415667553,5,2,0.4020681285594013,0.3520356386056249,0.42865910932454004,2,9.0,0.0,0.25,310.0,0.0,digital,MX-CENTRAL,product_recommendation,promote_core_pack,0
380.59184598471677,2,4,0.5607677285893053,0.5491736988090941,0.42238598730316795,2,7.5,2.5,0.2,295.0,0.05,traditional_trade,BR-SE,promotion,targeted_discount,0
270.93755221161797,4,27,0.667218561055797,0.14434356888533634,0.48632398893192985,1,7.5,2.5,0.2,295.0,0.05,modern_trade,MX-CENTRAL,promotion,targeted_discount,0
186.71577915170653,1,21,0.6741564625915191,0.5416621726737529,0.4228809132229054,1,15.5,1.5,0.25,385.0,0.0,traditional_trade,MX-NORTH,bundle,premium_bundle,1
334.22576372908475,6,25,0.7872661244681348,0.2703205417642538,0.3152149800250483,2,15.5,1.5,0.25,385.0,0.0,modern_trade,CO-ANDES,bundle,premium_bundle,1
335.5824871804999,7,0,0.1941288063933019,0.6498178246350576,0.09302210756504503,3,15.5,1.5,0.25,385.0,0.0,modern_trade,BR-SE,bundle,premium_bundle,1
432.21652034301906,8,28,0.8566220272214927,0.29734390453143056,0.15499780086000287,3,15.5,1.5,0.25,385.0,0.0,traditional_trade,BR-SE,bundle,premium_bundle,1
303.42684596315473,4,20,0.5018483629737974,0.6971626146743367,0.20631601596228266,2,18.0,0.0,4.5,0.0,0.0,traditional_trade,MX-CENTRAL,human_followup,sales_visit,1
239.14556173446076,10,8,0.9179588332612272,0.6055363871937274,0.6138407538425587,3,15.5,1.5,0.25,385.0,0.0,modern_trade,CO-ANDES,bundle,premium_bundle,1
380.30769715249517,5,21,0.8917462322042955,0.2689746819028615,0.2984538331218373,0,9.0,0.0,0.25,310.0,0.0,modern_trade,BR-SE,product_recommendation,promote_core_pack,1
459.84686817212025,4,10,0.888145217123475,0.7158575871995291,0.8435070284461699,2,15.5,1.5,0.25,385.0,0.0,digital,MX-NORTH,bundle,premium_bundle,1
361.2233488907657,1,1,0.7810731424461719,0.8184887143728795,0.6522035735078878,3,15.5,1.5,0.25,385.0,0.0,modern_trade,BR-SE,bundle,premium_bundle,0
375.45290075501674,7,0,0.7525050095891436,0.22905164382327597,0.22443036820639253,0,7.5,2.5,0.2,295.0,0.05,digital,BR-SE,promotion,targeted_discount,1
393.5638402512795,2,21,0.43899503209782686,0.4633924934478401,0.2525099166989462,2,7.5,2.5,0.2,295.0,0.05,digital,MX-NORTH,promotion,targeted_discount,0
440.6922083384033,7,10,0.5398263042868561,0.6376159265002147,0.10634786026989336,1,7.5,2.5,0.2,295.0,0.05,modern_trade,MX-NORTH,promotion,targeted_discount,1
270.80515946217946,1,1,0.7570154217556037,0.2727667310909354,0.34900721676246427,1,18.0,0.0,4.5,0.0,0.0,modern_trade,CO-ANDES,human_followup,sales_visit,0
297.50863357570455,6,9,0.9151574546472513,0.8411780186143224,0.622175012702725,3,18.0,0.0,4.5,0.0,0.0,traditional_trade,BR-SE,human_followup,sales_visit,1
445.465083263994,5,21,0.4600310363551488,0.29089682946682116,0.4889020434639986,1,15.5,1.5,0.25,385.0,0.0,modern_trade,MX-NORTH,bundle,premium_bundle,1
320.93913378795503,2,2,0.5808830770998293,0.27865799067788205,0.7913156736931453,0,15.5,1.5,0.25,385.0,0.0,digital,MX-CENTRAL,bundle,premium_bundle,1
205.15933465325242,5,26,0.6023934302927898,0.32370682184527017,0.7436843129096332,2,18.0,0.0,4.5,0.0,0.0,digital,BR-SE,human_followup,sales_visit,0
329.9836739337315,7,11,0.7567232233633037,0.2229950848321291,0.4497358319877788,0,7.5,2.5,0.2,295.0,0.05,digital,BR-SE,promotion,targeted_discount,1
361.7035893368551,3,18,0.6011191317027866,0.6990428206378133,0.6138532024291391,0,9.0,0.0,0.25,310.0,0.0,digital,MX-NORTH,product_recommendation,promote_core_pack,1
512.5328392024733,4,10,0.754880651770333,0.3009039246139072,0.5815949978153945,0,7.5,2.5,0.2,295.0,0.05,traditional_trade,BR-SE,promotion,targeted_discount,1
290.5238243805344,9,16,0.8149542328132986,0.18915890039745673,0.021172002979288018,3,7.5,2.5,0.2,295.0,0.05,modern_trade,MX-CENTRAL,promotion,targeted_discount,1
436.34463065461523,7,14,0.8872407495499597,0.48530887029358083,0.6166751525692676,1,15.5,1.5,0.25,385.0,0.0,modern_trade,MX-NORTH,bundle,premium_bundle,1
209.49428022616678,4,5,0.459410624622508,0.4077272691636289,0.17437626696832606,2,18.0,0.0,4.5,0.0,0.0,traditional_trade,MX-NORTH,human_followup,sales_visit,1
313.1333767364794,7,27,0.5727091855170222,0.4304189743882874,0.45453505430548646,0,7.5,2.5,0.2,295.0,0.05,modern_trade,CO-ANDES,promotion,targeted_discount,0
455.25527694605967,3,25,0.44210748067246264,0.6511817946491534,0.44681259214330393,0,9.0,0.0,0.25,310.0,0.0,modern_trade,BR-SE,product_recommendation,promote_core_pack,0
325.7730903117987,7,30,0.4478628454806034,0.37993285318198017,0.33989070529448767,1,9.0,0.0,0.25,310.0,0.0,digital,CO-ANDES,product_recommendation,promote_core_pack,0
147.95326264952348,1,21,0.5849637632339287,0.1368646997986754,0.7585471310383648,0,7.5,2.5,0.2,295.0,0.05,traditional_trade,CO-ANDES,promotion,targeted_discount,0
353.08280542169376,3,23,0.18140186479479833,0.868338053172101,0.6556392425272274,1,18.0,0.0,4.5,0.0,0.0,modern_trade,BR-SE,human_followup,sales_visit,0
262.71895508679825,3,3,0.985912538520295,0.6894748307360901,0.35307954042045914,1,7.5,2.5,0.2,295.0,0.05,digital,BR-SE,promotion,targeted_discount,1
424.4778841071573,9,19,0.9011940941679114,0.38422149767443203,0.17112744807703453,3,15.5,1.5,0.25,385.0,0.0,digital,CO-ANDES,bundle,premium_bundle,1
304.05753821349026,3,3,0.8982930520131984,0.2869925261526932,0.523494887652001,2,7.5,2.5,0.2,295.0,0.05,modern_trade,BR-SE,promotion,targeted_discount,1
415.30075718210634,8,26,0.39969059848075617,0.19059946616939277,0.24556176282535397,2,7.5,2.5,0.2,295.0,0.05,digital,MX-CENTRAL,promotion,targeted_discount,1
219.4982604521183,6,9,0.8051963360381822,0.8639980217752288,0.22849940572630856,1,9.0,0.0,0.25,310.0,0.0,digital,MX-NORTH,product_recommendation,promote_core_pack,1
315.795156715222,3,28,0.8731120534808104,0.7518008122212113,0.3138222834181634,2,18.0,0.0,4.5,0.0,0.0,digital,MX-CENTRAL,human_followup,sales_visit,0
429.210070631281,6,8,0.767432509921877,0.5800362993108826,0.19537636781867837,2,7.5,2.5,0.2,295.0,0.05,modern_trade,CO-ANDES,promotion,targeted_discount,1
363.1945735329604,1,2,0.6304456428708909,0.5838462178582122,0.048811954559974155,3,15.5,1.5,0.25,385.0,0.0,digital,CO-ANDES,bundle,premium_bundle,1
359.4991822060686,4,26,0.536780387192808,0.8783205993776529,0.2795170065183506,3,9.0,0.0,0.25,310.0,0.0,digital,CO-ANDES,product_recommendation,promote_core_pack,0
326.2034523860087,2,11,0.8167983248703705,0.5325804407826739,0.5644197677067596,1,15.5,1.5,0.25,385.0,0.0,digital,MX-CENTRAL,bundle,premium_bundle,1
276.9305734096919,1,6,0.7274204009362744,0.34228809140681876,0.37583174294982996,3,15.5,1.5,0.25,385.0,0.0,traditional_trade,CO-ANDES,bundle,premium_bundle,0
360.55325761214124,4,1,0.7505968681579962,0.3551444203544565,0.24556159843659484,2,7.5,2.5,0.2,295.0,0.05,traditional_trade,MX-NORTH,promotion,targeted_discount,1
188.50628454518758,2,10,0.49685263701412946,0.387678573865744,0.43785639116389624,0,18.0,0.0,4.5,0.0,0.0,digital,MX-CENTRAL,human_followup,sales_visit,1
290.639678624892,2,4,0.6937418561345863,0.4350766369891446,0.6188888534558775,3,7.5,2.5,0.2,295.0,0.05,modern_trade,MX-CENTRAL,promotion,targeted_discount,0
321.89102801549626,1,11,0.927820527468491,0.25557934400058985,0.30922388674630075,3,15.5,1.5,0.25,385.0,0.0,traditional_trade,MX-NORTH,bundle,premium_bundle,0
128.29773799812324,3,2,0.7200534250358452,0.740169176166393,0.8752014253009559,0,15.5,1.5,0.25,385.0,0.0,modern_trade,BR-SE,bundle,premium_bundle,0
302.7083778219198,3,1,0.6649885005274848,0.7754502748220877,0.4418017365298286,2,7.5,2.5,0.2,295.0,0.05,traditional_trade,MX-NORTH,promotion,targeted_discount,1
212.38259282579912,5,13,0.818198161755708,0.56136675155588,0.16070563870405902,2,15.5,1.5,0.25,385.0,0.0,digital,MX-NORTH,bundle,premium_bundle,1
444.9624260690714,3,21,0.7923758847335367,0.22988218869914484,0.2227396541478942,1,15.5,1.5,0.25,385.0,0.0,modern_trade,MX-CENTRAL,bundle,premium_bundle,1
356.3197236962074,9,7,0.6341362815977317,0.3040604341746914,0.3753506414840148,1,9.0,0.0,0.25,310.0,0.0,digital,MX-NORTH,product_recommendation,promote_core_pack,1
246.87048175413287,12,2,0.504176023402705,0.5794629431952623,0.2101910608259745,0,9.0,0.0,0.25,310.0,0.0,digital,CO-ANDES,product_recommendation,promote_core_pack,0
218.6106290256311,5,27,0.7502047274973329,0.5126647469594743,0.5943279405663476,0,9.0,0.0,0.25,310.0,0.0,digital,CO-ANDES,product_recommendation,promote_core_pack,0
270.16588193875447,5,11,0.6027704653641328,0.6152272419420336,0.5888375952495735,2,18.0,0.0,4.5,0.0,0.0,modern_trade,BR-SE,human_followup,sales_visit,1
328.51538664851125,8,2,0.35044697178498074,0.16891558705480603,0.2836175861008805,1,18.0,0.0,4.5,0.0,0.0,modern_trade,CO-ANDES,human_followup,sales_visit,0
185.06291746611382,7,13,0.9372170272072117,0.4632499943298138,0.5312432412022219,0,15.5,1.5,0.25,385.0,0.0,traditional_trade,BR-SE,bundle,premium_bundle,1
209.912168704186,2,21,0.6383988227741341,0.26665827788620067,0.7469543190242964,1,18.0,0.0,4.5,0.0,0.0,modern_trade,MX-CENTRAL,human_followup,sales_visit,1
340.9523596971591,4,1,0.9579758210511282,0.3646342275771879,0.6024683833599114,0,15.5,1.5,0.25,385.0,0.0,digital,BR-SE,bundle,premium_bundle,1
279.80777215929527,7,2,0.8876687317356244,0.3929004566005971,0.73496374265639,1,9.0,0.0,0.25,310.0,0.0,modern_trade,BR-SE,product_recommendation,promote_core_pack,0
227.64862834664137,3,18,0.7135609754702973,0.6043986536838793,0.5159478472073036,3,7.5,2.5,0.2,295.0,0.05,modern_trade,MX-CENTRAL,promotion,targeted_discount,0
335.72772858605856,8,14,0.7274651288251542,0.43708412059665874,0.34093146498008314,1,9.0,0.0,0.25,310.0,0.0,modern_trade,MX-NORTH,product_recommendation,promote_core_pack,1
308.049520868839,6,4,0.6026951774299105,0.6267274220137665,0.5272844299255024,0,18.0,0.0,4.5,0.0,0.0,digital,MX-CENTRAL,human_followup,sales_visit,0
360.81340427135007,3,22,0.8388893326773104,0.3215718595304136,0.5982947763122011,1,15.5,1.5,0.25,385.0,0.0,modern_trade,CO-ANDES,bundle,premium_bundle,0
103.04739419655814,2,23,0.8259568034915614,0.3271294910216772,0.8381094214207632,0,18.0,0.0,4.5,0.0,0.0,traditional_trade,MX-CENTRAL,human_followup,sales_visit,1
318.38775830490874,8,23,0.6190172146815555,0.8318804813289751,0.334994278138098,2,15.5,1.5,0.25,385.0,0.0,modern_trade,CO-ANDES,bundle,premium_bundle,1
256.4151064556318,4,7,0.5657581309903033,0.21494237981553094,0.2666028096657885,2,18.0,0.0,4.5,0.0,0.0,traditional_trade,MX-CENTRAL,human_followup,sales_visit,0
306.90085322696865,1,27,0.6901236639531273,0.21789156156272288,0.6732724449865384,0,15.5,1.5,0.25,385.0,0.0,traditional_trade,BR-SE,bundle,premium_bundle,0
358.4905939156305,6,7,0.7307980193905314,0.6081687186734143,0.8801335411077366,2,15.5,1.5,0.25,385.0,0.0,traditional_trade,MX-NORTH,bundle,premium_bundle,0
287.09135769883335,5,24,0.8693858909055602,0.086356421434971,0.472179976394051,2,7.5,2.5,0.2,295.0,0.05,modern_trade,MX-NORTH,promotion,targeted_discount,0
293.204787699767,6,7,0.4772754271003393,0.49556230638576176,0.7379003613211115,0,18.0,0.0,4.5,0.0,0.0,modern_trade,MX-NORTH,human_followup,sales_visit,0
296.2210045752836,1,18,0.68657292932066,0.3221609306519585,0.7851240826822071,2,15.5,1.5,0.25,385.0,0.0,traditional_trade,BR-SE,bundle,premium_bundle,0
319.6798008372419,4,12,0.8185145615421828,0.23574722024096423,0.09795524327943383,1,7.5,2.5,0.2,295.0,0.05,modern_trade,BR-SE,promotion,targeted_discount,1
131.1025964172141,4,29,0.8881126866432081,0.36373327731517135,0.18971505353244375,0,15.5,1.5,0.25,385.0,0.0,traditional_trade,CO-ANDES,bundle,premium_bundle,0
418.1909333936052,4,27,0.9611385904271209,0.2639038690063794,0.3059078296272838,0,7.5,2.5,0.2,295.0,0.05,digital,MX-NORTH,promotion,targeted_discount,1
422.0610698945508,7,17,0.7007988297648549,0.37037754090483604,0.2570756184757687,2,9.0,0.0,0.25,310.0,0.0,traditional_trade,MX-CENTRAL,product_recommendation,promote_core_pack,0
501.72518372934326,4,28,0.8959054064121732,0.7000090630894689,0.1312092395826576,1,18.0,0.0,4.5,0.0,0.0,digital,MX-CENTRAL,human_followup,sales_visit,1
197.06614398179553,5,28,0.49204305614668536,0.35660432419803095,0.5845986007407474,0,18.0,0.0,4.5,0.0,0.0,traditional_trade,CO-ANDES,human_followup,sales_visit,0
402.6424950863934,3,20,0.5635584946557092,0.3510740300914502,0.27304369573887594,2,7.5,2.5,0.2,295.0,0.05,digital,MX-NORTH,promotion,targeted_discount,0
279.82262115916694,2,17,0.919862044588937,0.25320278098421656,0.5150090090680856,0,15.5,1.5,0.25,385.0,0.0,traditional_trade,CO-ANDES,bundle,premium_bundle,0
358.1657842864866,4,10,0.28981387705619405,0.5057459981498025,0.38587097395036163,1,18.0,0.0,4.5,0.0,0.0,traditional_trade,MX-NORTH,human_followup,sales_visit,0
418.93363108100493,5,2,0.8498791034357102,0.2871318456647786,0.31758539778080286,3,7.5,2.5,0.2,295.0,0.05,digital,MX-CENTRAL,promotion,targeted_discount,1
236.94161749596265,5,9,0.5158678174836765,0.7925044816433343,0.7687312280448615,1,7.5,2.5,0.2,295.0,0.05,traditional_trade,MX-NORTH,promotion,targeted_discount,0
272.7892991898884,5,22,0.6677532748998029,0.32569747639982316,0.4700640016769915,1,18.0,0.0,4.5,0.0,0.0,modern_trade,MX-CENTRAL,human_followup,sales_visit,1
246.3098599140584,4,12,0.8160568976584875,0.320701299974947,0.6049646269114489,2,7.5,2.5,0.2,295.0,0.05,digital,BR-SE,promotion,targeted_discount,0
313.67300755196663,4,3,0.5813775840517587,0.17163215979564886,0.26911003459277905,2,9.0,0.0,0.25,310.0,0.0,digital,CO-ANDES,product_recommendation,promote_core_pack,1
423.0233949470601,8,21,0.6387109880252692,0.6489140745073634,0.28854403057926786,1,18.0,0.0,4.5,0.0,0.0,traditional_trade,BR-SE,human_followup,sales_visit,0
368.8082562561504,8,17,0.9872561509821032,0.4082583025003583,0.35568075413199624,3,7.5,2.5,0.2,295.0,0.05,modern_trade,MX-CENTRAL,promotion,targeted_discount,0
241.23110510635996,4,13,0.6193628702723349,0.5073481131249032,0.4981779883272906,2,7.5,2.5,0.2,295.0,0.05,traditional_trade,CO-ANDES,promotion,targeted_discount,0
190.63823724880135,4,9,0.566251876657223,0.6383641510306961,0.22195466667100583,0,18.0,0.0,4.5,0.0,0.0,traditional_trade,CO-ANDES,human_followup,sales_visit,1
202.9106346931394,7,6,0.9652343703668009,0.2364638656487677,0.16711980509110286,3,7.5,2.5,0.2,295.0,0.05,digital,BR-SE,promotion,targeted_discount,1
320.1932413195238,3,12,0.8631456697686914,0.6096119253081023,0.1949346284836306,3,7.5,2.5,0.2,295.0,0.05,traditional_trade,BR-SE,promotion,targeted_discount,0
250.74087243556642,5,1,0.6698640901623378,0.4138474465489091,0.23754012494160426,2,9.0,0.0,0.25,310.0,0.0,modern_trade,MX-NORTH,product_recommendation,promote_core_pack,1
248.13063140037855,5,6,0.8507024091723534,0.5781656339991479,0.371446904643014,2,9.0,0.0,0.25,310.0,0.0,digital,MX-CENTRAL,product_recommendation,promote_core_pack,1
383.8584563531633,4,10,0.7159751109739525,0.2069130524033952,0.20048334817127691,1,15.5,1.5,0.25,385.0,0.0,modern_trade,CO-ANDES,bundle,premium_bundle,1
264.7588130503823,6,12,0.7238558322466266,0.5328670433743155,0.17821046482417272,0,18.0,0.0,4.5,0.0,0.0,modern_trade,BR-SE,human_followup,sales_visit,0
443.41460391650423,4,11,0.3588825134511578,0.8061524572296473,0.29749069700559294,1,7.5,2.5,0.2,295.0,0.05,modern_trade,MX-CENTRAL,promotion,targeted_discount,1
325.77870327827156,9,18,0.9360094672187957,0.32205148891488383,0.26373413031690074,1,9.0,0.0,0.25,310.0,0.0,modern_trade,BR-SE,product_recommendation,promote_core_pack,1
459.37962804054655,0,20,0.512989077026854,0.34718124454118143,0.11309609232935847,0,9.0,0.0,0.25,310.0,0.0,digital,BR-SE,product_recommendation,promote_core_pack,1
268.65250832818606,8,21,0.7507478547337605,0.16315295061374724,0.2025960917594628,1,7.5,2.5,0.2,295.0,0.05,traditional_trade,MX-CENTRAL,promotion,targeted_discount,1
429.1097942237491,4,8,0.44721892116854645,0.6625195129847478,0.3707355148767287,3,7.5,2.5,0.2,295.0,0.05,modern_trade,MX-NORTH,promotion,targeted_discount,0
384.8056938706734,1,28,0.6202634661913969,0.5243603490223502,0.22964040152977871,1,7.5,2.5,0.2,295.0,0.05,digital,MX-CENTRAL,promotion,targeted_discount,1
418.24861138088846,4,25,0.5773220067320455,0.18298200349789223,0.23813161634603972,0,7.5,2.5,0.2,295.0,0.05,modern_trade,MX-CENTRAL,promotion,targeted_discount,0
325.45646837023247,2,21,0.9560339738819972,0.7727664452875985,0.26795274584250695,1,18.0,0.0,4.5,0.0,0.0,traditional_trade,MX-NORTH,human_followup,sales_visit,0
355.20393107466407,9,26,0.3732987829412998,0.5197285589348606,0.42425164045674807,0,7.5,2.5,0.2,295.0,0.05,traditional_trade,MX-CENTRAL,promotion,targeted_discount,1
284.18526333169535,2,8,0.7491848658875153,0.11873944947828238,0.8686015164125406,1,18.0,0.0,4.5,0.0,0.0,traditional_trade,MX-NORTH,human_followup,sales_visit,0
291.1719329964559,4,12,0.5081786174565703,0.7173473415234703,0.06618393207428688,0,15.5,1.5,0.25,385.0,0.0,digital,MX-NORTH,bundle,premium_bundle,1
313.8405125386302,8,7,0.4744399242746162,0.12194627596019172,0.3091094427912165,0,15.5,1.5,0.25,385.0,0.0,traditional_trade,MX-CENTRAL,bundle,premium_bundle,1
284.68474117724986,5,10,0.41444861571085007,0.22722711606654591,0.5396046622646407,3,7.5,2.5,0.2,295.0,0.05,modern_trade,MX-NORTH,promotion,targeted_discount,0
382.29087567215413,5,9,0.6734248091128927,0.1832906629651274,0.032600409789941366,2,15.5,1.5,0.25,385.0,0.0,digital,MX-CENTRAL,bundle,premium_bundle,0
344.2190583571827,6,29,0.9521058035222428,0.6412956009290242,0.5060278879099969,2,18.0,0.0,4.5,0.0,0.0,modern_trade,MX-CENTRAL,human_followup,sales_visit,1
312.1520215341688,5,17,0.8179082841485081,0.37313513868050247,0.635048111554852,3,18.0,0.0,4.5,0.0,0.0,modern_trade,CO-ANDES,human_followup,sales_visit,0
277.2543366405133,4,1,0.8165146276074264,0.5993080366272218,0.827767028943943,2,7.5,2.5,0.2,295.0,0.05,digital,MX-NORTH,promotion,targeted_discount,1
227.12586205205423,6,19,0.4215284595935026,0.6080616566927811,0.1285401059745504,1,15.5,1.5,0.25,385.0,0.0,modern_trade,MX-CENTRAL,bundle,premium_bundle,0
350.74615854953714,1,0,0.7904528962165592,0.361789182868966,0.812280739303194,3,9.0,0.0,0.25,310.0,0.0,digital,MX-CENTRAL,product_recommendation,promote_core_pack,0
315.8105203761385,6,23,0.6716027344361788,0.6084206566027943,0.36560296483609,1,9.0,0.0,0.25,310.0,0.0,digital,MX-NORTH,product_recommendation,promote_core_pack,1
378.2383968479002,6,24,0.8395586265729666,0.6898033362741238,0.047380565315626816,1,18.0,0.0,4.5,0.0,0.0,digital,MX-CENTRAL,human_followup,sales_visit,0
367.06711937625175,6,12,0.7241361211530869,0.666810439205549,0.29164403384547966,1,7.5,2.5,0.2,295.0,0.05,traditional_trade,MX-NORTH,promotion,targeted_discount,0
499.64038929728235,3,21,0.84811279370078,0.4510405848278617,0.5647575394256676,3,18.0,0.0,4.5,0.0,0.0,traditional_trade,MX-NORTH,human_followup,sales_visit,0
238.5731598622592,3,25,0.749892396104082,0.5299974626602529,0.8094996035678143,2,9.0,0.0,0.25,310.0,0.0,modern_trade,MX-NORTH,product_recommendation,promote_core_pack,1
295.1906468290017,2,28,0.4549778762436246,0.25379824811988905,0.33219896156471473,3,7.5,2.5,0.2,295.0,0.05,digital,MX-CENTRAL,promotion,targeted_discount,0
366.2501414681264,4,20,0.9191977628328465,0.37525916143386345,0.16123212206134294,1,18.0,0.0,4.5,0.0,0.0,traditional_trade,MX-NORTH,human_followup,sales_visit,0
311.8921139790061,2,14,0.36354898122169027,0.6272842751471706,0.42756300329529423,3,7.5,2.5,0.2,295.0,0.05,modern_trade,CO-ANDES,promotion,targeted_discount,0
461.4151182083914,8,14,0.880304688788743,0.7387603016753048,0.14617738297754157,0,18.0,0.0,4.5,0.0,0.0,modern_trade,MX-CENTRAL,human_followup,sales_visit,0
343.7289414754977,4,15,0.6105695200923726,0.6706321732378298,0.4195525528857284,2,7.5,2.5,0.2,295.0,0.05,traditional_trade,MX-CENTRAL,promotion,targeted_discount,1
356.82048120234356,8,4,0.5554686868388783,0.13203484635867738,0.46744151895468083,1,9.0,0.0,0.25,310.0,0.0,traditional_trade,BR-SE,product_recommendation,promote_core_pack,1
259.4399648967972,5,7,0.7656523314449447,0.342892475059358,0.4418395514974632,3,18.0,0.0,4.5,0.0,0.0,traditional_trade,CO-ANDES,human_followup,sales_visit,1
235.83344809323378,3,21,0.6220111000723835,0.5156194032870433,0.6801727719169156,2,15.5,1.5,0.25,385.0,0.0,digital,BR-SE,bundle,premium_bundle,1
442.87057177227064,8,17,0.6430539705277514,0.17353767036107848,0.49837021924366465,2,9.0,0.0,0.25,310.0,0.0,traditional_trade,MX-CENTRAL,product_recommendation,promote_core_pack,0
277.18900245555574,6,26,0.6986708003185111,0.2653008737743709,0.5998744306619689,3,15.5,1.5,0.25,385.0,0.0,digital,MX-CENTRAL,bundle,premium_bundle,0
269.4747101342341,4,27,0.48940866930586713,0.45991803688382815,0.7977493014054489,1,15.5,1.5,0.25,385.0,0.0,modern_trade,CO-ANDES,bundle,premium_bundle,0
443.9850837385371,5,12,0.8442365620947945,0.5000189717784639,0.23093414732042553,1,7.5,2.5,0.2,295.0,0.05,traditional_trade,MX-NORTH,promotion,targeted_discount,1
330.79767330094415,4,18,0.770311722177295,0.12881782291316873,0.19256927663683776,2,15.5,1.5,0.25,385.0,0.0,digital,MX-CENTRAL,bundle,premium_bundle,1
358.1831639203755,4,17,0.13467351414879897,0.7289827944911087,0.9215851533779101,0,9.0,0.0,0.25,310.0,0.0,traditional_trade,MX-NORTH,product_recommendation,promote_core_pack,0
233.01661988475266,3,17,0.8055995449425976,0.22103280253706054,0.1544154970378433,0,18.0,0.0,4.5,0.0,0.0,digital,CO-ANDES,human_followup,sales_visit,0
343.1213820097374,4,29,0.7699678610531081,0.33218943452868804,0.5340981839520522,2,7.5,2.5,0.2,295.0,0.05,modern_trade,CO-ANDES,promotion,targeted_discount,0
315.3810455491111,6,25,0.8334237279268875,0.24478638117784707,0.4630800095316933,3,15.5,1.5,0.25,385.0,0.0,digital,CO-ANDES,bundle,premium_bundle,0
304.42530678825057,6,20,0.5857739463477047,0.3627144996806947,0.32966097785649034,3,18.0,0.0,4.5,0.0,0.0,modern_trade,MX-CENTRAL,human_followup,sales_visit,0
362.23656287305073,5,0,0.756820537199741,0.3955541700282952,0.5410747871495838,3,15.5,1.5,0.25,385.0,0.0,modern_trade,MX-CENTRAL,bundle,premium_bundle,0
338.5893863707183,6,30,0.6424771428930106,0.9196144394756192,0.5829864984401811,1,15.5,1.5,0.25,385.0,0.0,digital,MX-CENTRAL,bundle,premium_bundle,0
366.7500404578462,4,22,0.8392256563619694,0.2376987524196703,0.7585087355220724,0,7.5,2.5,0.2,295.0,0.05,modern_trade,BR-SE,promotion,targeted_discount,1
187.79500424955611,6,4,0.4173356485024785,0.7982396921765461,0.10941766584747652,1,7.5,2.5,0.2,295.0,0.05,digital,CO-ANDES,promotion,targeted_discount,0
277.81331945924774,7,9,0.44773374244989966,0.33291070340351225,0.12495926923931105,1,15.5,1.5,0.25,385.0,0.0,modern_trade,CO-ANDES,bundle,premium_bundle,0
258.2890111151091,5,18,0.6459640461480189,0.48573822068561506,0.36787703020922974,0,7.5,2.5,0.2,295.0,0.05,digital,MX-NORTH,promotion,targeted_discount,1
506.6764953527531,5,7,0.6772300792189696,0.46258077870202285,0.22953348480823357,3,9.0,0.0,0.25,310.0,0.0,digital,BR-SE,product_recommendation,promote_core_pack,0
324.0653743373951,3,3,0.8606794871307458,0.3111296561246822,0.23570717787170084,3,15.5,1.5,0.25,385.0,0.0,digital,MX-CENTRAL,bundle,premium_bundle,1
248.3595074965038,7,27,0.7262360475621014,0.4213244866427874,0.44662773738020123,0,9.0,0.0,0.25,310.0,0.0,digital,BR-SE,product_recommendation,promote_core_pack,1
352.17177273700986,7,9,0.5998893648977658,0.3757343173593802,0.555577948116286,3,15.5,1.5,0.25,385.0,0.0,digital,BR-SE,bundle,premium_bundle,0
412.72661480021924,1,30,0.40485939874753507,0.8422445179224142,0.3136982386499508,1,15.5,1.5,0.25,385.0,0.0,modern_trade,CO-ANDES,bundle,premium_bundle,0
197.21752965295346,9,10,0.5099121919583929,0.3779351886133307,0.6393113219053947,3,9.0,0.0,0.25,310.0,0.0,traditional_trade,BR-SE,product_recommendation,promote_core_pack,1
440.74865026669823,4,10,0.7503236381716787,0.634716302334939,0.4480309242992028,0,9.0,0.0,0.25,310.0,0.0,digital,CO-ANDES,product_recommendation,promote_core_pack,0
371.35575770879575,4,3,0.48296346358183334,0.7580784533446602,0.6064956962138197,0,15.5,1.5,0.25,385.0,0.0,traditional_trade,CO-ANDES,bundle,premium_bundle,0
332.3107486562398,6,8,0.6452089274424448,0.8847124279162386,0.5606015112191863,1,9.0,0.0,0.25,310.0,0.0,modern_trade,BR-SE,product_recommendation,promote_core_pack,1
514.2634222874639,11,1,0.6912407763738584,0.5405894406713417,0.3171950417933816,0,9.0,0.0,0.25,310.0,0.0,modern_trade,BR-SE,product_recommendation,promote_core_pack,0
373.2899825238129,4,28,0.3889215994031473,0.5088889071251937,0.18550439464871873,0,18.0,0.0,4.5,0.0,0.0,digital,MX-CENTRAL,human_followup,sales_visit,0
243.05037197141507,2,17,0.6042103145825763,0.35387675053613743,0.5746250988108641,0,9.0,0.0,0.25,310.0,0.0,modern_trade,MX-CENTRAL,product_recommendation,promote_core_pack,0
401.18165927052814,4,16,0.8577040890321082,0.30454018144837824,0.4474172668345158,0,7.5,2.5,0.2,295.0,0.05,digital,CO-ANDES,promotion,targeted_discount,1
307.19017554178504,6,0,0.6898186484268852,0.10221463789732894,0.38764251973304176,1,15.5,1.5,0.25,385.0,0.0,modern_trade,MX-CENTRAL,bundle,premium_bundle,0
318.7565678441114,3,23,0.6183966441470736,0.2522849576870025,0.7029706866982175,1,9.0,0.0,0.25,310.0,0.0,digital,MX-NORTH,product_recommendation,promote_core_pack,1
317.24556953981494,5,8,0.6526174874034254,0.7063193886097805,0.4365320772695756,3,7.5,2.5,0.2,295.0,0.05,modern_trade,CO-ANDES,promotion,targeted_discount,1
306.32956806060935,3,21,0.6461338678384945,0.5122210384083946,0.2112485577074643,2,9.0,0.0,0.25,310.0,0.0,traditional_trade,CO-ANDES,product_recommendation,promote_core_pack,1
124.59651920653025,4,12,0.8988946079134524,0.22870624658280495,0.32144355113057477,2,9.0,0.0,0.25,310.0,0.0,modern_trade,MX-CENTRAL,product_recommendation,promote_core_pack,1
304.66936014557984,3,25,0.8438670698153418,0.46040482511941694,0.3196888397339794,1,9.0,0.0,0.25,310.0,0.0,digital,MX-CENTRAL,product_recommendation,promote_core_pack,1
244.6337714858016,14,26,0.5614387810620663,0.3260168322278962,0.3261121407869204,1,7.5,2.5,0.2,295.0,0.05,modern_trade,MX-NORTH,promotion,targeted_discount,1
216.79147010353373,4,21,0.7172397763778835,0.33879424230855537,0.5624163073749426,2,18.0,0.0,4.5,0.0,0.0,digital,CO-ANDES,human_followup,sales_visit,0
290.69280037423573,3,2,0.5018980971134692,0.7637628395785214,0.25609688678003434,0,9.0,0.0,0.25,310.0,0.0,modern_trade,MX-NORTH,product_recommendation,promote_core_pack,0
349.1446481815581,5,25,0.1578295521208251,0.24189631546743984,0.1861166966426162,0,7.5,2.5,0.2,295.0,0.05,traditional_trade,BR-SE,promotion,targeted_discount,1
315.30329890179087,6,24,0.9043321073088719,0.3042236417351739,0.380731024598583,0,7.5,2.5,0.2,295.0,0.05,modern_trade,BR-SE,promotion,targeted_discount,1
264.51798036102025,4,2,0.8849829510470623,0.41441560694986285,0.6926926872341727,3,9.0,0.0,0.25,310.0,0.0,digital,CO-ANDES,product_recommendation,promote_core_pack,0
292.2616907159715,2,5,0.8669917706987924,0.4469466188070511,0.6254810712989382,0,9.0,0.0,0.25,310.0,0.0,digital,MX-NORTH,product_recommendation,promote_core_pack,0
256.0078565594056,2,0,0.8302789362674904,0.6113890466293797,0.6110468398671774,1,15.5,1.5,0.25,385.0,0.0,modern_trade,CO-ANDES,bundle,premium_bundle,0
228.03030359937412,2,10,0.5168041925880098,0.47670967633345157,0.5081845726508072,3,18.0,0.0,4.5,0.0,0.0,modern_trade,BR-SE,human_followup,sales_visit,1
210.76259723257934,9,21,0.4165830862608416,0.48972457277843245,0.2215771924793226,2,9.0,0.0,0.25,310.0,0.0,traditional_trade,CO-ANDES,product_recommendation,promote_core_pack,1
302.1418732756631,4,6,0.5909110272399926,0.2382253131812057,0.21270156771359972,1,9.0,0.0,0.25,310.0,0.0,digital,MX-CENTRAL,product_recommendation,promote_core_pack,1
316.89371311981944,5,15,0.6097483352633047,0.291777642385629,0.2868500645428543,1,9.0,0.0,0.25,310.0,0.0,modern_trade,CO-ANDES,product_recommendation,promote_core_pack,1
526.1344413756589,3,24,0.2048395345971477,0.734260969058409,0.06474638623134378,1,7.5,2.5,0.2,295.0,0.05,digital,CO-ANDES,promotion,targeted_discount,0
311.43295662356735,4,28,0.8954321009321267,0.36576059915706965,0.13944087465301333,1,15.5,1.5,0.25,385.0,0.0,modern_trade,MX-CENTRAL,bundle,premium_bundle,1
430.3402509141072,4,24,0.8087735414971116,0.1226895224659381,0.15494111298986304,1,15.5,1.5,0.25,385.0,0.0,modern_trade,BR-SE,bundle,premium_bundle,1
378.30747755562214,5,12,0.5108797361212604,0.3334090645086922,0.507001158001735,1,9.0,0.0,0.25,310.0,0.0,digital,CO-ANDES,product_recommendation,promote_core_pack,0
336.6274238383279,6,3,0.9014037486513882,0.7976978367382271,0.15895587045353288,0,9.0,0.0,0.25,310.0,0.0,modern_trade,CO-ANDES,product_recommendation,promote_core_pack,1
287.215033676299,0,20,0.8471751007164876,0.6132597715466737,0.7204068882061925,0,7.5,2.5,0.2,295.0,0.05,traditional_trade,BR-SE,promotion,targeted_discount,0
330.53159634145106,4,0,0.8714166816068972,0.6605752440738193,0.2559439241381018,1,7.5,2.5,0.2,295.0,0.05,digital,MX-CENTRAL,promotion,targeted_discount,1
228.84392386103485,5,27,0.650315172131418,0.009144857185715909,0.5024660877941935,0,9.0,0.0,0.25,310.0,0.0,digital,MX-CENTRAL,product_recommendation,promote_core_pack,1
270.2520977210905,12,8,0.5779300648293779,0.5597016056150078,0.5713975241797851,0,15.5,1.5,0.25,385.0,0.0,modern_trade,MX-CENTRAL,bundle,premium_bundle,0
307.29979279864676,3,20,0.8508590266051169,0.3926363326907063,0.08576013403537418,0,7.5,2.5,0.2,295.0,0.05,modern_trade,MX-CENTRAL,promotion,targeted_discount,0
189.34771097356477,3,25,0.9321241766486993,0.2699558045867228,0.10498304495699654,1,18.0,0.0,4.5,0.0,0.0,digital,MX-NORTH,human_followup,sales_visit,0
372.9601484868472,4,13,0.8919579547195284,0.4335835808963657,0.3657206605822476,1,7.5,2.5,0.2,295.0,0.05,traditional_trade,CO-ANDES,promotion,targeted_discount,1
308.8614795558808,6,10,0.8462316236652836,0.3670109721792177,0.3947041438379545,0,7.5,2.5,0.2,295.0,0.05,digital,BR-SE,promotion,targeted_discount,1
363.02994547608375,11,18,0.7941631509642139,0.6721336870528419,0.7660989537238436,3,7.5,2.5,0.2,295.0,0.05,traditional_trade,BR-SE,promotion,targeted_discount,0
283.5396063913269,4,7,0.6793532341462524,0.30266490867606693,0.35209631647459616,2,7.5,2.5,0.2,295.0,0.05,modern_trade,CO-ANDES,promotion,targeted_discount,1
452.6634093215904,4,23,0.7779779205415379,0.26971940517950166,0.40287618753592486,3,7.5,2.5,0.2,295.0,0.05,modern_trade,CO-ANDES,promotion,targeted_discount,1
347.7864614197731,5,9,0.49670710299077364,0.1567757152980433,0.44884407943429105,2,9.0,0.0,0.25,310.0,0.0,traditional_trade,BR-SE,product_recommendation,promote_core_pack,1
383.1853869667957,3,3,0.5332315483238595,0.12394759485357337,0.3208347914351543,3,15.5,1.5,0.25,385.0,0.0,traditional_trade,MX-CENTRAL,bundle,premium_bundle,1
339.06686718477107,4,5,0.8067933571153872,0.5166086647408141,0.28891201465688815,2,15.5,1.5,0.25,385.0,0.0,traditional_trade,CO-ANDES,bundle,premium_bundle,1
306.816543552921,10,17,0.7529277934034604,0.09067706740746517,0.14610461014289366,2,18.0,0.0,4.5,0.0,0.0,traditional_trade,CO-ANDES,human_followup,sales_visit,1
361.1465788142969,7,30,0.8953664393412668,0.7474900728663014,0.6072863625117029,2,9.0,0.0,0.25,310.0,0.0,traditional_trade,CO-ANDES,product_recommendation,promote_core_pack,1
387.41913270942115,2,16,0.8182812367834619,0.2935188200748516,0.2944531153452155,3,7.5,2.5,0.2,295.0,0.05,modern_trade,BR-SE,promotion,targeted_discount,1
382.53790103415383,7,16,0.9281955215083264,0.20118083681317767,0.7626459590582688,1,15.5,1.5,0.25,385.0,0.0,digital,CO-ANDES,bundle,premium_bundle,0
309.10268735496965,6,18,0.7415418444757254,0.16695000987315475,0.33525242693597496,1,7.5,2.5,0.2,295.0,0.05,traditional_trade,MX-CENTRAL,promotion,targeted_discount,0
284.0260044152236,6,4,0.6272664097861405,0.45725165877566826,0.6631711297828795,1,15.5,1.5,0.25,385.0,0.0,digital,CO-ANDES,bundle,premium_bundle,0
241.174636815499,4,13,0.6727249586839932,0.38487848146594256,0.6628124667920864,3,18.0,0.0,4.5,0.0,0.0,modern_trade,MX-NORTH,human_followup,sales_visit,1
359.58020778880456,6,10,0.48929523708323713,0.5663261659527374,0.38154189104890407,1,18.0,0.0,4.5,0.0,0.0,digital,CO-ANDES,human_followup,sales_visit,0
250.08562350840808,4,17,0.3775489870841287,0.7181999789866292,0.7298427564820635,0,15.5,1.5,0.25,385.0,0.0,modern_trade,MX-NORTH,bundle,premium_bundle,0
241.38412963400634,2,4,0.5698151339472821,0.3349847461074475,0.653399154759857,3,18.0,0.0,4.5,0.0,0.0,modern_trade,MX-NORTH,human_followup,sales_visit,1
435.39113905620326,9,19,0.5014934387478656,0.6620286357975383,0.22748185767112197,1,9.0,0.0,0.25,310.0,0.0,traditional_trade,BR-SE,product_recommendation,promote_core_pack,0
416.6746824044802,2,24,0.8064487701750521,0.38137853747081224,0.23879809428788792,1,7.5,2.5,0.2,295.0,0.05,modern_trade,MX-NORTH,promotion,targeted_discount,1
248.04586988144814,10,25,0.5890163437742121,0.2576674350053472,0.7276092027917406,0,7.5,2.5,0.2,295.0,0.05,modern_trade,MX-NORTH,promotion,targeted_discount,0
377.4048470371547,5,0,0.6332393915220541,0.4137925823728679,0.42084509679916465,3,15.5,1.5,0.25,385.0,0.0,traditional_trade,CO-ANDES,bundle,premium_bundle,1
240.4123502237341,1,9,0.6218745796925526,0.7080569683567003,0.4093756183952271,0,9.0,0.0,0.25,310.0,0.0,traditional_trade,CO-ANDES,product_recommendation,promote_core_pack,0
432.9027771092585,6,0,0.5708278831835945,0.6547872855950732,0.5006906276879963,2,9.0,0.0,0.25,310.0,0.0,modern_trade,MX-NORTH,product_recommendation,promote_core_pack,1
180.2390485652004,4,3,0.7500591799372279,0.8409035639515938,0.6438759267637585,2,15.5,1.5,0.25,385.0,0.0,digital,CO-ANDES,bundle,premium_bundle,1
261.4489797330382,4,10,0.8567780756723493,0.5455714020029421,0.6442071740505694,3,7.5,2.5,0.2,295.0,0.05,modern_trade,CO-ANDES,promotion,targeted_discount,0
507.7908244354329,8,29,0.8772772496956739,0.2856325030028957,0.32631484530182564,1,15.5,1.5,0.25,385.0,0.0,traditional_trade,MX-CENTRAL,bundle,premium_bundle,1
285.6711025903207,4,1,0.6645144169928208,0.4055456412358242,0.32902057088277836,3,15.5,1.5,0.25,385.0,0.0,digital,MX-CENTRAL,bundle,premium_bundle,0
143.72044345270413,4,27,0.8088628394224482,0.6163908961729073,0.6654749398839513,0,9.0,0.0,0.25,310.0,0.0,traditional_trade,BR-SE,product_recommendation,promote_core_pack,1
454.6392006497891,4,0,0.6832771280223391,0.45848112322168977,0.04672980993032197,3,18.0,0.0,4.5,0.0,0.0,digital,BR-SE,human_followup,sales_visit,0
330.80828776715583,4,29,0.884629966419958,0.7125757936852118,0.6081585578143369,3,18.0,0.0,4.5,0.0,0.0,digital,CO-ANDES,human_followup,sales_visit,1
224.69777396417993,8,25,0.9476103701060027,0.5870232758548654,0.28572160352055914,2,7.5,2.5,0.2,295.0,0.05,modern_trade,CO-ANDES,promotion,targeted_discount,1
254.31857856458188,7,13,0.634225983315117,0.2857014803056695,0.3156348957228297,1,9.0,0.0,0.25,310.0,0.0,traditional_trade,BR-SE,product_recommendation,promote_core_pack,0
464.6929809211862,8,8,0.9242583187329833,0.4535881111893621,0.28934939384702973,2,7.5,2.5,0.2,295.0,0.05,modern_trade,CO-ANDES,promotion,targeted_discount,0
412.1790032452313,2,25,0.49973462086293613,0.1753118660622276,0.2499078323179463,2,7.5,2.5,0.2,295.0,0.05,modern_trade,MX-CENTRAL,promotion,targeted_discount,0
205.14333943692674,5,7,0.7877662700489662,0.5871339423604165,0.10761262130979746,0,9.0,0.0,0.25,310.0,0.0,modern_trade,BR-SE,product_recommendation,promote_core_pack,1
263.27351684737687,4,23,0.7935878666527721,0.5127380143867556,0.39753409043811977,1,18.0,0.0,4.5,0.0,0.0,traditional_trade,MX-NORTH,human_followup,sales_visit,0
344.9694465972611,4,1,0.6297057334928082,0.5199203993414165,0.3690715504797142,2,7.5,2.5,0.2,295.0,0.05,modern_trade,CO-ANDES,promotion,targeted_discount,1
238.08650077426225,5,26,0.8163893619797731,0.4009700153297017,0.5807606525185196,2,7.5,2.5,0.2,295.0,0.05,digital,MX-CENTRAL,promotion,targeted_discount,1
196.38726809762076,5,4,0.5591109925210318,0.45988678070104927,0.3645644610236103,0,15.5,1.5,0.25,385.0,0.0,modern_trade,BR-SE,bundle,premium_bundle,0
166.26212895562102,4,9,0.8467664946343988,0.14181174644789676,0.5399516256821065,1,18.0,0.0,4.5,0.0,0.0,modern_trade,MX-NORTH,human_followup,sales_visit,0
272.5378114824866,3,1,0.5716368161449672,0.6043348925938483,0.776545929205984,2,18.0,0.0,4.5,0.0,0.0,digital,MX-NORTH,human_followup,sales_visit,0
195.90939568652297,4,3,0.5558175809115924,0.6912434650495475,0.4276641513556372,2,7.5,2.5,0.2,295.0,0.05,digital,CO-ANDES,promotion,targeted_discount,1
458.6198956437073,8,29,0.38357827687674323,0.22081539204741615,0.06703485454993792,0,9.0,0.0,0.25,310.0,0.0,digital,CO-ANDES,product_recommendation,promote_core_pack,0
308.9846786550719,5,17,0.35438353561555797,0.11489176492930211,0.6334736284163679,1,15.5,1.5,0.25,385.0,0.0,modern_trade,MX-CENTRAL,bundle,premium_bundle,0
240.84667050642628,3,7,0.9158572578166823,0.6267366908603998,0.2885536638386225,3,9.0,0.0,0.25,310.0,0.0,digital,MX-NORTH,product_recommendation,promote_core_pack,1
202.6273223751481,5,24,0.36293858047489,0.40235619416063084,0.4423729901331305,2,18.0,0.0,4.5,0.0,0.0,digital,CO-ANDES,human_followup,sales_visit,0
254.00448405784329,2,13,0.8965521550055745,0.4080032164282292,0.2827605385956907,0,7.5,2.5,0.2,295.0,0.05,digital,CO-ANDES,promotion,targeted_discount,1
273.1136261375205,6,6,0.8453291933730942,0.5294875698868866,0.1347499336541235,0,15.5,1.5,0.25,385.0,0.0,modern_trade,CO-ANDES,bundle,premium_bundle,1
426.8713628711907,3,17,0.8527216887795568,0.4270853271150203,0.2194246527251184,2,7.5,2.5,0.2,295.0,0.05,traditional_trade,CO-ANDES,promotion,targeted_discount,0
194.1429067295266,6,18,0.8881248601946516,0.46709297554972673,0.04413027007816136,2,9.0,0.0,0.25,310.0,0.0,digital,CO-ANDES,product_recommendation,promote_core_pack,0
389.07640572405677,6,0,0.5578770364827381,0.5143603237398282,0.5315567526169411,3,9.0,0.0,0.25,310.0,0.0,modern_trade,BR-SE,product_recommendation,promote_core_pack,0
293.61227810699575,7,26,0.3300744173950165,0.39689982564641424,0.2553501769478872,0,9.0,0.0,0.25,310.0,0.0,traditional_trade,MX-CENTRAL,product_recommendation,promote_core_pack,0
284.1753330280286,7,7,0.357031284588276,0.45188842623108966,0.4555409593708629,3,15.5,1.5,0.25,385.0,0.0,digital,MX-NORTH,bundle,premium_bundle,1
176.67542806876517,8,26,0.8266344946330244,0.6550899175527831,0.2346011090138292,2,15.5,1.5,0.25,385.0,0.0,digital,BR-SE,bundle,premium_bundle,1
279.42170729457,3,0,0.4629280704411799,0.4994470599175843,0.41827877607831715,2,18.0,0.0,4.5,0.0,0.0,modern_trade,CO-ANDES,human_followup,sales_visit,0
396.8569090132549,5,22,0.5272500326232378,0.34962264661639597,0.1495769615183418,1,7.5,2.5,0.2,295.0,0.05,traditional_trade,CO-ANDES,promotion,targeted_discount,0
226.01888573716545,7,27,0.7591225197100605,0.47602879657051705,0.1359638250226363,0,7.5,2.5,0.2,295.0,0.05,traditional_trade,BR-SE,promotion,targeted_discount,0
80.0,8,27,0.6325354091034299,0.44705574570838164,0.270776941383362,0,9.0,0.0,0.25,310.0,0.0,digital,MX-CENTRAL,product_recommendation,promote_core_pack,1
187.94851640764398,5,19,0.8565064155702959,0.31959448206184743,0.5196715729417564,2,7.5,2.5,0.2,295.0,0.05,digital,CO-ANDES,promotion,targeted_discount,1
232.307916662256,8,26,0.7281688278849389,0.5627794595368726,0.44471559130942395,1,7.5,2.5,0.2,295.0,0.05,traditional_trade,BR-SE,promotion,targeted_discount,0
381.32426020592493,8,30,0.9555796734861675,0.16205147894309727,0.30171589951007166,1,9.0,0.0,0.25,310.0,0.0,digital,MX-NORTH,product_recommendation,promote_core_pack,1
449.350062079209,5,16,0.5560619208604213,0.24674207714232285,0.6358085226691012,2,15.5,1.5,0.25,385.0,0.0,digital,BR-SE,bundle,premium_bundle,0
394.9143343895392,7,4,0.9587872965571197,0.28685706534945665,0.6997250977699854,1,15.5,1.5,0.25,385.0,0.0,modern_trade,MX-NORTH,bundle,premium_bundle,1
378.3656217109491,8,29,0.9043942645467443,0.4752330487946914,0.5029244131455116,2,7.5,2.5,0.2,295.0,0.05,modern_trade,BR-SE,promotion,targeted_discount,0
350.40069247209306,3,30,0.9158041465624477,0.268467567097341,0.2674781143866301,1,7.5,2.5,0.2,295.0,0.05,modern_trade,MX-CENTRAL,promotion,targeted_discount,1
183.55601863403805,5,2,0.8034706057038419,0.3086499136679733,0.5312666162370833,2,7.5,2.5,0.2,295.0,0.05,modern_trade,MX-NORTH,promotion,targeted_discount,0
367.6174242869663,7,5,0.8264010790674186,0.35272464771613443,0.4210313284621268,2,15.5,1.5,0.25,385.0,0.0,digital,MX-NORTH,bundle,premium_bundle,0
332.78884999043197,6,28,0.5792246459275606,0.5560093336113798,0.45713096545110665,1,15.5,1.5,0.25,385.0,0.0,traditional_trade,MX-CENTRAL,bundle,premium_bundle,0
363.7874625938177,5,6,0.9554907482924738,0.617992406839146,0.29683656121445406,1,9.0,0.0,0.25,310.0,0.0,modern_trade,CO-ANDES,product_recommendation,promote_core_pack,1
283.05914647253553,6,2,0.6015361531279401,0.7605147750458682,0.21694488219102132,1,7.5,2.5,0.2,295.0,0.05,digital,MX-CENTRAL,promotion,targeted_discount,1
273.7076525263819,10,11,0.5988564727802512,0.44137940745003046,0.018081782968596968,2,7.5,2.5,0.2,295.0,0.05,traditional_trade,MX-CENTRAL,promotion,targeted_discount,1
373.9932347726691,10,1,0.7011743034788901,0.8375170055775509,0.6188455933040525,2,9.0,0.0,0.25,310.0,0.0,digital,MX-NORTH,product_recommendation,promote_core_pack,1
201.58439752781578,7,24,0.8550065494197856,0.44298490205380703,0.6637964673778153,1,18.0,0.0,4.5,0.0,0.0,modern_trade,CO-ANDES,human_followup,sales_visit,0
352.43759526119266,8,9,0.7273716746916478,0.41007433951233574,0.296947337133638,1,9.0,0.0,0.25,310.0,0.0,traditional_trade,CO-ANDES,product_recommendation,promote_core_pack,0
287.37122127583206,5,0,0.9382129933356689,0.2684202843256226,0.40069389079314716,1,15.5,1.5,0.25,385.0,0.0,traditional_trade,MX-CENTRAL,bundle,premium_bundle,1
360.7085517940799,4,21,0.4521578647546828,0.5258649645145207,0.28622525844219154,3,9.0,0.0,0.25,310.0,0.0,digital,CO-ANDES,product_recommendation,promote_core_pack,0
344.05978716476494,6,23,0.33968167754341383,0.1679697131887001,0.3638736731072735,2,15.5,1.5,0.25,385.0,0.0,modern_trade,MX-CENTRAL,bundle,premium_bundle,0
368.60816587663203,10,11,0.8976490525158165,0.09607853166673026,0.038216008096408696,3,18.0,0.0,4.5,0.0,0.0,traditional_trade,BR-SE,human_followup,sales_visit,1
399.5725151754248,6,4,0.5172420446291335,0.47321194845851494,0.6917354129262796,0,18.0,0.0,4.5,0.0,0.0,digital,MX-CENTRAL,human_followup,sales_visit,1
392.6027184094316,11,11,0.6681809161864996,0.8394530872411222,0.46518019596577775,3,18.0,0.0,4.5,0.0,0.0,digital,BR-SE,human_followup,sales_visit,0
334.62779887590364,4,29,0.889045625613839,0.5129385165898402,0.07331150667236255,0,7.5,2.5,0.2,295.0,0.05,digital,MX-NORTH,promotion,targeted_discount,1
324.2492619807783,10,15,0.7976448485064169,0.37171952215739307,0.22077948259874847,1,15.5,1.5,0.25,385.0,0.0,traditional_trade,BR-SE,bundle,premium_bundle,0
494.2664056299424,5,6,0.7160045943079427,0.6134329481546584,0.6106006142543776,0,9.0,0.0,0.25,310.0,0.0,modern_trade,CO-ANDES,product_recommendation,promote_core_pack,0
345.02686448977875,7,25,0.5624160519724491,0.4739669708423181,0.4521184265410714,3,15.5,1.5,0.25,385.0,0.0,modern_trade,MX-NORTH,bundle,premium_bundle,0
229.75759045192558,3,10,0.6398842945926286,0.2945425641281982,0.22021081113481333,3,18.0,0.0,4.5,0.0,0.0,modern_trade,CO-ANDES,human_followup,sales_visit,0
235.24622778228428,4,8,0.8940728857010795,0.1716351712734908,0.2178421600423947,3,18.0,0.0,4.5,0.0,0.0,modern_trade,MX-CENTRAL,human_followup,sales_visit,0
367.55209256360973,4,5,0.6398577910345468,0.16365246100451483,0.7354171417120186,1,9.0,0.0,0.25,310.0,0.0,traditional_trade,BR-SE,product_recommendation,promote_core_pack,1
417.81892695511783,5,15,0.4275159093080947,0.26294834660049715,0.3540698752674587,2,15.5,1.5,0.25,385.0,0.0,modern_trade,MX-CENTRAL,bundle,premium_bundle,0
351.0314844429142,3,17,0.7545787820630365,0.12884204869958943,0.509608815495099,2,18.0,0.0,4.5,0.0,0.0,digital,CO-ANDES,human_followup,sales_visit,0
223.6994678464989,5,28,0.716228265444895,0.4908981942120329,0.5838251731868946,1,7.5,2.5,0.2,295.0,0.05,digital,CO-ANDES,promotion,targeted_discount,0
312.00968028515916,3,17,0.8406416540460652,0.25449963780703344,0.45859347359980895,3,15.5,1.5,0.25,385.0,0.0,digital,BR-SE,bundle,premium_bundle,1
218.37620419972316,4,18,0.7438710787169254,0.26580735647281567,0.2477007043072867,1,9.0,0.0,0.25,310.0,0.0,digital,BR-SE,product_recommendation,promote_core_pack,1
316.7135354648601,7,15,0.5363263024636471,0.14991638739595722,0.3166694314738175,2,7.5,2.5,0.2,295.0,0.05,digital,MX-CENTRAL,promotion,targeted_discount,1
232.93764318471943,2,29,0.6306831914371971,0.45298242297367236,0.8149169017424084,0,9.0,0.0,0.25,310.0,0.0,traditional_trade,BR-SE,product_recommendation,promote_core_pack,0
274.84252404043445,3,17,0.5053640349084059,0.8126114754956736,0.7476016009387747,1,15.5,1.5,0.25,385.0,0.0,traditional_trade,CO-ANDES,bundle,premium_bundle,0
497.6948519230441,2,19,0.6052407044225517,0.3597232136761266,0.43986643664918923,0,18.0,0.0,4.5,0.0,0.0,digital,MX-CENTRAL,human_followup,sales_visit,0
197.45115457062576,7,8,0.8075371200815684,0.6444716900580321,0.49702211573479427,2,9.0,0.0,0.25,310.0,0.0,traditional_trade,CO-ANDES,product_recommendation,promote_core_pack,1
383.0415203807273,4,24,0.6608176234121085,0.21041497222679578,0.2324265309218691,1,7.5,2.5,0.2,295.0,0.05,traditional_trade,MX-CENTRAL,promotion,targeted_discount,0
350.7885895238252,9,4,0.620678041861155,0.43459120346334573,0.3726535800272414,1,9.0,0.0,0.25,310.0,0.0,modern_trade,MX-NORTH,product_recommendation,promote_core_pack,1
216.12492102036174,5,2,0.927385715008302,0.5604982603633424,0.26325729746836424,2,15.5,1.5,0.25,385.0,0.0,traditional_trade,MX-NORTH,bundle,premium_bundle,0
290.148641178705,3,14,0.6504434404935079,0.6410253371723028,0.8068960686327867,0,15.5,1.5,0.25,385.0,0.0,digital,MX-CENTRAL,bundle,premium_bundle,0
326.92085237209136,7,18,0.4532471753633711,0.6374186949369958,0.6194344042667959,0,15.5,1.5,0.25,385.0,0.0,digital,CO-ANDES,bundle,premium_bundle,1
246.97046440525793,4,13,0.7556145001691337,0.5651881562382707,0.33696976151313446,0,7.5,2.5,0.2,295.0,0.05,modern_trade,MX-CENTRAL,promotion,targeted_discount,1
299.8407618484785,4,5,0.7168363582451713,0.16826244885098943,0.3551826813988984,3,9.0,0.0,0.25,310.0,0.0,modern_trade,CO-ANDES,product_recommendation,promote_core_pack,0
356.3126034284904,3,25,0.6669039533698213,0.19888219945869634,0.28726177212599113,0,7.5,2.5,0.2,295.0,0.05,digital,CO-ANDES,promotion,targeted_discount,0
273.64644070557335,4,2,0.7524920183753545,0.28712580992463305,0.6908238594706814,2,18.0,0.0,4.5,0.0,0.0,traditional_trade,CO-ANDES,human_followup,sales_visit,1
480.76921650692873,3,28,0.6767283133004893,0.39950866779224325,0.2179334976339703,2,15.5,1.5,0.25,385.0,0.0,modern_trade,CO-ANDES,bundle,premium_bundle,0
308.8583262163257,4,27,0.47184989827552176,0.3704103138403781,0.035085511597673945,2,15.5,1.5,0.25,385.0,0.0,modern_trade,BR-SE,bundle,premium_bundle,1
226.96876854169142,9,19,0.5758811638960155,0.7532259292476045,0.3496953098448043,3,18.0,0.0,4.5,0.0,0.0,traditional_trade,BR-SE,human_followup,sales_visit,0
268.5434503243845,5,5,0.07497330168648908,0.8172168284683833,0.8411816831704767,2,9.0,0.0,0.25,310.0,0.0,traditional_trade,MX-CENTRAL,product_recommendation,promote_core_pack,0
304.39239518929503,2,2,0.8376853321578005,0.7249835273148755,0.31668098414310164,0,7.5,2.5,0.2,295.0,0.05,digital,MX-NORTH,promotion,targeted_discount,1
319.1640262389197,3,15,0.3569830114452661,0.27796061310868664,0.6784980147258192,0,9.0,0.0,0.25,310.0,0.0,traditional_trade,MX-NORTH,product_recommendation,promote_core_pack,0
163.98173893504782,3,15,0.42177340061247787,0.21537049887183396,0.19356567691114007,1,7.5,2.5,0.2,295.0,0.05,digital,MX-CENTRAL,promotion,targeted_discount,0
277.7630932917254,5,3,0.5407270391350033,0.4336997882551597,0.6138491565918562,3,18.0,0.0,4.5,0.0,0.0,traditional_trade,MX-CENTRAL,human_followup,sales_visit,0
284.9262184641051,5,11,0.7049320468807593,0.3930581579982462,0.543014209235084,0,18.0,0.0,4.5,0.0,0.0,modern_trade,MX-NORTH,human_followup,sales_visit,1
220.6440374093105,5,0,0.6360370488083944,0.34660071159345823,0.18453810172649346,1,7.5,2.5,0.2,295.0,0.05,digital,BR-SE,promotion,targeted_discount,1
293.24345179402445,3,0,0.6407255876775529,0.46058373186374785,0.7306027405080086,1,7.5,2.5,0.2,295.0,0.05,modern_trade,MX-CENTRAL,promotion,targeted_discount,0
316.6957915806928,8,14,0.9230461247790993,0.07003777032051453,0.7552448123337956,3,7.5,2.5,0.2,295.0,0.05,modern_trade,MX-NORTH,promotion,targeted_discount,0
283.60888614628334,6,0,0.4589568218041516,0.11165024975567413,0.23603732750528014,1,9.0,0.0,0.25,310.0,0.0,modern_trade,MX-CENTRAL,product_recommendation,promote_core_pack,0
251.2950590586076,8,6,0.7722982803730092,0.5438094034571188,0.13726959161671987,1,9.0,0.0,0.25,310.0,0.0,traditional_trade,CO-ANDES,product_recommendation,promote_core_pack,0
208.75967497485163,10,22,0.8892100480694682,0.8088308324626996,0.21915097752426152,2,9.0,0.0,0.25,310.0,0.0,traditional_trade,MX-CENTRAL,product_recommendation,promote_core_pack,1
317.53260783310986,9,6,0.7773873724334486,0.19692278117898415,0.6175675765430559,1,18.0,0.0,4.5,0.0,0.0,digital,CO-ANDES,human_followup,sales_visit,0
376.1133810384133,3,3,0.9869541697844385,0.16910886028666067,0.213697899616161,3,9.0,0.0,0.25,310.0,0.0,digital,MX-NORTH,product_recommendation,promote_core_pack,0
288.4424589793901,6,21,0.7809234084736527,0.35127324462088305,0.719421528712318,0,9.0,0.0,0.25,310.0,0.0,digital,BR-SE,product_recommendation,promote_core_pack,0
282.37708542350424,3,8,0.22492176112306858,0.19311412502715233,0.5531341671696046,0,9.0,0.0,0.25,310.0,0.0,digital,BR-SE,product_recommendation,promote_core_pack,0
217.51105355772467,7,4,0.874463905014271,0.11842029523500495,0.8508097182232587,0,7.5,2.5,0.2,295.0,0.05,digital,CO-ANDES,promotion,targeted_discount,0
341.9129013612732,8,26,0.3978841398931484,0.6377291747644467,0.474573387271118,2,7.5,2.5,0.2,295.0,0.05,traditional_trade,MX-CENTRAL,promotion,targeted_discount,0
288.9785382766058,2,4,0.7044221655575291,0.5648970362628604,0.3727720690100521,0,7.5,2.5,0.2,295.0,0.05,digital,BR-SE,promotion,targeted_discount,0
304.9551668696373,6,24,0.8439367605075672,0.22470691062974205,0.48328002894179795,3,18.0,0.0,4.5,0.0,0.0,traditional_trade,MX-CENTRAL,human_followup,sales_visit,0
323.1725634292288,3,27,0.8570949810173188,0.4898369981002623,0.4838398469034973,2,18.0,0.0,4.5,0.0,0.0,digital,MX-CENTRAL,human_followup,sales_visit,1
345.8808126523967,7,10,0.5931743302800905,0.4225631695806538,0.21415099328087292,2,18.0,0.0,4.5,0.0,0.0,traditional_trade,MX-CENTRAL,human_followup,sales_visit,1
431.85895085940246,5,17,0.5400101434553917,0.644425026767993,0.3842361195163907,3,15.5,1.5,0.25,385.0,0.0,digital,BR-SE,bundle,premium_bundle,1
253.51970526429523,8,25,0.7469046821414558,0.2493714353866303,0.3709276689138937,3,7.5,2.5,0.2,295.0,0.05,modern_trade,CO-ANDES,promotion,targeted_discount,0
428.624215551916,4,27,0.29476635180022903,0.6349714059259409,0.4307157616418214,1,9.0,0.0,0.25,310.0,0.0,digital,MX-CENTRAL,product_recommendation,promote_core_pack,0
191.9708688351963,7,5,0.4168877277097417,0.484513030545405,0.6006984616249536,2,15.5,1.5,0.25,385.0,0.0,traditional_trade,CO-ANDES,bundle,premium_bundle,0
320.53721203810136,7,9,0.3597391752592151,0.7208742734369582,0.47174535206884716,1,18.0,0.0,4.5,0.0,0.0,digital,MX-CENTRAL,human_followup,sales_visit,0
344.16331823315346,6,11,0.6368945325791074,0.5351703778916983,0.23642471602041895,3,7.5,2.5,0.2,295.0,0.05,digital,BR-SE,promotion,targeted_discount,1
333.6651423433546,5,16,0.6804627968609683,0.4839070902031823,0.4320826559843008,2,15.5,1.5,0.25,385.0,0.0,digital,MX-NORTH,bundle,premium_bundle,0
522.2981864781273,6,6,0.9077299164037848,0.363528031175266,0.05038511483046762,0,18.0,0.0,4.5,0.0,0.0,traditional_trade,BR-SE,human_followup,sales_visit,1
324.0182573194883,4,12,0.7782722217634933,0.9045544109591802,0.6368951156610481,1,9.0,0.0,0.25,310.0,0.0,traditional_trade,BR-SE,product_recommendation,promote_core_pack,1
322.68102119427937,6,22,0.6484536452193291,0.629300437315889,0.4317278221096337,0,15.5,1.5,0.25,385.0,0.0,traditional_trade,MX-CENTRAL,bundle,premium_bundle,0
393.3265922595757,2,28,0.6709084912236657,0.793508321409878,0.017441916097724497,3,18.0,0.0,4.5,0.0,0.0,digital,BR-SE,human_followup,sales_visit,0
458.22592055847906,4,5,0.5895890244416208,0.12784122322174907,0.7868256302523008,3,15.5,1.5,0.25,385.0,0.0,traditional_trade,CO-ANDES,bundle,premium_bundle,1
406.53632447350196,5,13,0.6538448476644705,0.3810061851174814,0.15193241962564646,2,9.0,0.0,0.25,310.0,0.0,modern_trade,CO-ANDES,product_recommendation,promote_core_pack,0
485.40584114019845,6,5,0.5067130556777201,0.25977594744343674,0.16919075963834299,1,7.5,2.5,0.2,295.0,0.05,digital,CO-ANDES,promotion,targeted_discount,0
350.1374035655883,5,26,0.45429251365703516,0.5794174052730415,0.19181545082889084,1,7.5,2.5,0.2,295.0,0.05,traditional_trade,MX-CENTRAL,promotion,targeted_discount,0
349.80293334997083,2,3,0.7833522808681911,0.34584494727318077,0.6907442980793097,1,9.0,0.0,0.25,310.0,0.0,digital,BR-SE,product_recommendation,promote_core_pack,1
264.2035834456032,6,4,0.705664112394687,0.35708725031879557,0.5304907508993678,1,9.0,0.0,0.25,310.0,0.0,modern_trade,MX-CENTRAL,product_recommendation,promote_core_pack,1
444.92771084165196,2,7,0.38040517068726415,0.4809048428316486,0.25376522546306635,1,7.5,2.5,0.2,295.0,0.05,digital,BR-SE,promotion,targeted_discount,0
153.4203110355209,5,0,0.8358966598116222,0.14010919915890868,0.4153644948394946,2,7.5,2.5,0.2,295.0,0.05,traditional_trade,MX-NORTH,promotion,targeted_discount,1
380.36681984133435,3,30,0.3385273686124991,0.3235190835823452,0.47722878731828106,1,7.5,2.5,0.2,295.0,0.05,digital,BR-SE,promotion,targeted_discount,1
308.29263950450087,5,26,0.68521940396738,0.26507820091585654,0.8153104059481334,1,18.0,0.0,4.5,0.0,0.0,traditional_trade,MX-CENTRAL,human_followup,sales_visit,0
225.0558684017221,2,14,0.48450644936799864,0.6280546451765939,0.08751464943052673,0,15.5,1.5,0.25,385.0,0.0,traditional_trade,CO-ANDES,bundle,premium_bundle,1
449.0858998320363,7,6,0.6683995926608648,0.4745749908267943,0.5773023171613202,1,18.0,0.0,4.5,0.0,0.0,modern_trade,MX-CENTRAL,human_followup,sales_visit,0
265.49985134519227,6,25,0.6329772483142396,0.43615286893881217,0.5039275817984288,2,18.0,0.0,4.5,0.0,0.0,modern_trade,CO-ANDES,human_followup,sales_visit,1
195.1383242986749,4,7,0.6693880388917927,0.4009553041413952,0.2653706139257847,1,18.0,0.0,4.5,0.0,0.0,traditional_trade,MX-NORTH,human_followup,sales_visit,1
379.5104204429551,9,14,0.6689033807471046,0.2480390999179965,0.5196856136831517,0,15.5,1.5,0.25,385.0,0.0,traditional_trade,MX-NORTH,bundle,premium_bundle,0
337.20215834848443,10,17,0.6743714573215747,0.1995083850986407,0.60760829460354,2,18.0,0.0,4.5,0.0,0.0,digital,MX-CENTRAL,human_followup,sales_visit,0
270.3641090952445,3,6,0.9670425891214104,0.7367210053588051,0.23190565726792522,2,7.5,2.5,0.2,295.0,0.05,modern_trade,MX-CENTRAL,promotion,targeted_discount,1
381.33171965804723,6,27,0.44469307384335016,0.2523629148388626,0.054346577796584895,2,18.0,0.0,4.5,0.0,0.0,digital,CO-ANDES,human_followup,sales_visit,0
391.1891713211629,5,13,0.7544772433953031,0.06777228383839484,0.42846903159061855,0,9.0,0.0,0.25,310.0,0.0,digital,MX-NORTH,product_recommendation,promote_core_pack,1
365.1090140213163,8,18,0.9224902832065324,0.4743056916757622,0.34452155274587176,0,9.0,0.0,0.25,310.0,0.0,traditional_trade,BR-SE,product_recommendation,promote_core_pack,1
321.15995589433925,3,24,0.730288046786993,0.169357427468906,0.5262275036186693,1,18.0,0.0,4.5,0.0,0.0,digital,MX-CENTRAL,human_followup,sales_visit,1
295.1973785309012,4,12,0.7310348123135203,0.13092739971011286,0.35285749302148145,1,18.0,0.0,4.5,0.0,0.0,traditional_trade,BR-SE,human_followup,sales_visit,1
392.1231608807359,3,30,0.4839105610815709,0.27135964085178865,0.31328458187491237,0,18.0,0.0,4.5,0.0,0.0,traditional_trade,MX-CENTRAL,human_followup,sales_visit,0
245.07843130714286,6,27,0.7323076648140101,0.27055821169192806,0.48964073747578407,2,15.5,1.5,0.25,385.0,0.0,modern_trade,BR-SE,bundle,premium_bundle,0
366.7894246092943,9,4,0.5024808024636,0.2406524503715575,0.5346246859735486,3,15.5,1.5,0.25,385.0,0.0,modern_trade,CO-ANDES,bundle,premium_bundle,1
339.12748437365036,8,20,0.8765740029430995,0.24180378243568815,0.19991507617784854,3,18.0,0.0,4.5,0.0,0.0,digital,MX-NORTH,human_followup,sales_visit,1
496.4559445934402,4,16,0.6514072725399235,0.6425147808147581,0.49473822091091174,3,18.0,0.0,4.5,0.0,0.0,modern_trade,CO-ANDES,human_followup,sales_visit,0
379.32653798526593,8,22,0.8673331619344798,0.6270106620903731,0.2893187128057773,3,15.5,1.5,0.25,385.0,0.0,digital,BR-SE,bundle,premium_bundle,0
456.8011423022713,3,20,0.958267867795267,0.5513927579819708,0.6559219050412792,0,15.5,1.5,0.25,385.0,0.0,digital,MX-CENTRAL,bundle,premium_bundle,0
308.8905557623334,6,20,0.7032280857341354,0.4020663407643011,0.22795963030247407,2,18.0,0.0,4.5,0.0,0.0,traditional_trade,MX-NORTH,human_followup,sales_visit,0
327.31765031013674,4,2,0.8617372547569591,0.40593748493157955,0.45236419311224124,3,7.5,2.5,0.2,295.0,0.05,digital,MX-CENTRAL,promotion,targeted_discount,1
419.4898715484333,0,28,0.2075375709374109,0.4939039822480802,0.7714396143884625,2,15.5,1.5,0.25,385.0,0.0,digital,CO-ANDES,bundle,premium_bundle,0
140.06309062662527,7,1,0.6743262317246194,0.34310386504807144,0.19138373410942253,3,15.5,1.5,0.25,385.0,0.0,traditional_trade,MX-CENTRAL,bundle,premium_bundle,1
318.669543137879,6,18,0.6901995140840216,0.5737211925845432,0.3162285802566518,3,7.5,2.5,0.2,295.0,0.05,traditional_trade,CO-ANDES,promotion,targeted_discount,1
391.3014872797451,8,21,0.6175871395291456,0.2762381197954002,0.1672380512706382,2,7.5,2.5,0.2,295.0,0.05,modern_trade,MX-CENTRAL,promotion,targeted_discount,1
315.625033367519,7,15,0.8041021047181097,0.5308923983826989,0.39580876181147734,2,9.0,0.0,0.25,310.0,0.0,digital,BR-SE,product_recommendation,promote_core_pack,1
309.8063184406915,7,20,0.9805238734853668,0.5786362918108124,0.3539970529905454,3,18.0,0.0,4.5,0.0,0.0,traditional_trade,CO-ANDES,human_followup,sales_visit,1
452.0348776601555,5,2,0.8703994584545177,0.5232899979750715,0.38675165390860566,1,7.5,2.5,0.2,295.0,0.05,traditional_trade,BR-SE,promotion,targeted_discount,1
233.6830241579095,5,9,0.4745371793774606,0.14949878158592309,0.4811671808421334,0,7.5,2.5,0.2,295.0,0.05,digital,BR-SE,promotion,targeted_discount,0
381.8816895054063,3,19,0.8836809493787806,0.41632534652469644,0.7739495986265674,3,9.0,0.0,0.25,310.0,0.0,traditional_trade,BR-SE,product_recommendation,promote_core_pack,1
181.048006411969,6,0,0.4062329909091094,0.9045079155051786,0.2167662487076135,0,9.0,0.0,0.25,310.0,0.0,modern_trade,MX-NORTH,product_recommendation,promote_core_pack,0
121.90430708073265,5,13,0.9519723524167989,0.27937771718276,0.09799310634832052,2,15.5,1.5,0.25,385.0,0.0,digital,MX-NORTH,bundle,premium_bundle,0
262.80634405308024,5,5,0.3858398113664268,0.5382320221393565,0.36814938082573984,1,15.5,1.5,0.25,385.0,0.0,digital,MX-CENTRAL,bundle,premium_bundle,1
320.0039415985748,3,6,0.8579433799984904,0.275411795356118,0.4813785669748052,2,9.0,0.0,0.25,310.0,0.0,traditional_trade,CO-ANDES,product_recommendation,promote_core_pack,1
297.84872814835467,6,22,0.8478274652927542,0.31221189128093035,0.7285183296843772,2,18.0,0.0,4.5,0.0,0.0,traditional_trade,BR-SE,human_followup,sales_visit,1
319.9121429216453,5,25,0.7662528370585022,0.11583383708243243,0.16947602202955625,3,18.0,0.0,4.5,0.0,0.0,traditional_trade,MX-CENTRAL,human_followup,sales_visit,0
264.6613478133099,5,3,0.3450887940682688,0.49425900298396136,0.30770026283216834,1,15.5,1.5,0.25,385.0,0.0,modern_trade,BR-SE,bundle,premium_bundle,0
380.39090103559187,1,20,0.7066053287259745,0.21457078233736188,0.2572622524169422,3,9.0,0.0,0.25,310.0,0.0,digital,MX-NORTH,product_recommendation,promote_core_pack,1
256.36255570849994,7,25,0.7387651815694445,0.19068337445065778,0.7166448092219804,2,15.5,1.5,0.25,385.0,0.0,modern_trade,MX-CENTRAL,bundle,premium_bundle,0
437.76488884524974,6,20,0.36016430530592836,0.4023845257458548,0.5979211029508591,0,7.5,2.5,0.2,295.0,0.05,digital,BR-SE,promotion,targeted_discount,1
340.7098922017406,5,19,0.7281149003722434,0.3169941063545276,0.5108266094426785,0,18.0,0.0,4.5,0.0,0.0,modern_trade,CO-ANDES,human_followup,sales_visit,1
334.0214156935207,8,8,0.43610396063544843,0.30418085153161867,0.30992826156565734,2,15.5,1.5,0.25,385.0,0.0,modern_trade,CO-ANDES,bundle,premium_bundle,0
373.93949639405963,4,20,0.40122022010881425,0.19221145941375226,0.16029770158092504,3,18.0,0.0,4.5,0.0,0.0,digital,MX-NORTH,human_followup,sales_visit,0
303.0526991655776,4,12,0.9596717048622765,0.08619577089189254,0.30731854263295527,0,7.5,2.5,0.2,295.0,0.05,modern_trade,MX-CENTRAL,promotion,targeted_discount,1
266.09692635234325,3,13,0.7376515065569353,0.3630649502159852,0.21741589639334252,3,15.5,1.5,0.25,385.0,0.0,modern_trade,MX-CENTRAL,bundle,premium_bundle,0
192.7521943231552,3,12,0.7551047228111875,0.14895204359759223,0.5414363479654047,0,18.0,0.0,4.5,0.0,0.0,modern_trade,CO-ANDES,human_followup,sales_visit,1
344.6801103987565,7,23,0.6789503427231638,0.2958915401996402,0.26592022909897167,3,9.0,0.0,0.25,310.0,0.0,digital,CO-ANDES,product_recommendation,promote_core_pack,1
318.2907199057512,1,27,0.9130586758656377,0.4773990608822519,0.4538483532377335,1,15.5,1.5,0.25,385.0,0.0,traditional_trade,MX-CENTRAL,bundle,premium_bundle,0
364.83925235245505,4,27,0.9539598777706401,0.6387306355147303,0.10842613911641479,0,7.5,2.5,0.2,295.0,0.05,traditional_trade,CO-ANDES,promotion,targeted_discount,1
389.27032315187125,2,13,0.4063304597157033,0.3154727010091994,0.3744877604889215,2,15.5,1.5,0.25,385.0,0.0,digital,CO-ANDES,bundle,premium_bundle,0
316.38180243962944,4,10,0.5716908591164407,0.2442498539169064,0.3127788477693602,2,9.0,0.0,0.25,310.0,0.0,modern_trade,MX-CENTRAL,product_recommendation,promote_core_pack,1
184.44070019607318,6,15,0.8476978157250085,0.4296701061392273,0.40769517014892664,0,7.5,2.5,0.2,295.0,0.05,digital,MX-CENTRAL,promotion,targeted_discount,0
364.85656282543357,3,14,0.861985078964651,0.5914572969425149,0.6143479571467417,1,18.0,0.0,4.5,0.0,0.0,modern_trade,MX-NORTH,human_followup,sales_visit,0
278.1986150027237,7,6,0.888893801385265,0.2885923132201057,0.6010218090751615,2,18.0,0.0,4.5,0.0,0.0,traditional_trade,MX-NORTH,human_followup,sales_visit,1
222.10590890478673,3,30,0.7698972189146586,0.5973223991370024,0.584284792670525,0,7.5,2.5,0.2,295.0,0.05,modern_trade,CO-ANDES,promotion,targeted_discount,1
374.82053561970645,4,30,0.7822523101890245,0.47529506253717496,0.17550126740690572,2,18.0,0.0,4.5,0.0,0.0,modern_trade,CO-ANDES,human_followup,sales_visit,1
376.08627180899106,6,8,0.6205210200200845,0.45244122385434615,0.8338607899237581,2,15.5,1.5,0.25,385.0,0.0,modern_trade,MX-NORTH,bundle,premium_bundle,1
254.27049889180867,5,26,0.45967646019955266,0.8077408690773704,0.3919812520327139,1,15.5,1.5,0.25,385.0,0.0,modern_trade,MX-NORTH,bundle,premium_bundle,0
348.50397923092106,5,17,0.8352669111261517,0.6074276954755663,0.3819624657402113,1,15.5,1.5,0.25,385.0,0.0,digital,MX-NORTH,bundle,premium_bundle,1
351.99150085013736,5,13,0.5065092670432477,0.292766160282486,0.09525669859133319,3,9.0,0.0,0.25,310.0,0.0,digital,CO-ANDES,product_recommendation,promote_core_pack,0
186.45072934219488,3,17,0.9220451491112381,0.7635851824233042,0.37642023544199577,3,18.0,0.0,4.5,0.0,0.0,traditional_trade,CO-ANDES,human_followup,sales_visit,1
336.3549158169321,4,30,0.6637126599396829,0.5454535801636001,0.537294179072899,1,15.5,1.5,0.25,385.0,0.0,digital,BR-SE,bundle,premium_bundle,0
374.77760079994454,6,29,0.7071728081126217,0.139623625546107,0.39224771373451406,2,9.0,0.0,0.25,310.0,0.0,digital,MX-NORTH,product_recommendation,promote_core_pack,0
407.4884386368195,7,28,0.7807305351939428,0.6117004395903646,0.22637602200387222,1,7.5,2.5,0.2,295.0,0.05,traditional_trade,MX-NORTH,promotion,targeted_discount,0
387.7350555878903,3,19,0.9720227351593875,0.33862352291605874,0.25888393605932575,1,18.0,0.0,4.5,0.0,0.0,traditional_trade,BR-SE,human_followup,sales_visit,0
338.8366614997586,4,1,0.6782115880662684,0.08593569907819174,0.463600272691176,3,15.5,1.5,0.25,385.0,0.0,digital,BR-SE,bundle,premium_bundle,0
522.2618357740706,1,1,0.5954399467491918,0.7244169237700596,0.23319210067760254,3,18.0,0.0,4.5,0.0,0.0,traditional_trade,MX-NORTH,human_followup,sales_visit,0
282.70883989233977,7,4,0.5936195870756295,0.2068824327327249,0.26019384532822215,3,7.5,2.5,0.2,295.0,0.05,modern_trade,MX-CENTRAL,promotion,targeted_discount,1
287.532547176763,5,17,0.4304445977839496,0.2320199088653454,0.4597593239501328,3,7.5,2.5,0.2,295.0,0.05,traditional_trade,BR-SE,promotion,targeted_discount,0
401.0547419388123,4,11,0.5204160091359545,0.6842404030964835,0.2550962443573276,0,7.5,2.5,0.2,295.0,0.05,traditional_trade,MX-NORTH,promotion,targeted_discount,0
317.7507805915654,2,16,0.46093972132780436,0.23404199827825628,0.24205216515750086,0,15.5,1.5,0.25,385.0,0.0,traditional_trade,MX-CENTRAL,bundle,premium_bundle,1
361.2048786396121,5,28,0.5927370003921626,0.23065116890259676,0.20519210680748576,2,9.0,0.0,0.25,310.0,0.0,traditional_trade,CO-ANDES,product_recommendation,promote_core_pack,0
312.36494803912603,6,4,0.89142463549729,0.6788185456483865,0.1565579768341587,3,18.0,0.0,4.5,0.0,0.0,digital,BR-SE,human_followup,sales_visit,1
368.5390262145979,5,2,0.8032400322203284,0.6032189307456979,0.6135741109189975,3,18.0,0.0,4.5,0.0,0.0,traditional_trade,BR-SE,human_followup,sales_visit,1
319.40020891309365,4,19,0.49286386609044963,0.4215420842087473,0.11734750527680007,2,9.0,0.0,0.25,310.0,0.0,traditional_trade,CO-ANDES,product_recommendation,promote_core_pack,0
340.85335335242,5,8,0.6143496672129328,0.3374043003757782,0.1881134843139017,1,15.5,1.5,0.25,385.0,0.0,digital,MX-NORTH,bundle,premium_bundle,0
385.6986049056814,5,12,0.8118576692600347,0.4133517421025083,0.5868977926255604,0,9.0,0.0,0.25,310.0,0.0,traditional_trade,MX-NORTH,product_recommendation,promote_core_pack,1
378.2326698942795,5,10,0.8768978441557226,0.5715598290670528,0.26701386389649784,1,15.5,1.5,0.25,385.0,0.0,digital,MX-CENTRAL,bundle,premium_bundle,1
233.3413971583592,5,1,0.8795770619045004,0.6251373881406795,0.3670700440110564,2,7.5,2.5,0.2,295.0,0.05,digital,MX-NORTH,promotion,targeted_discount,1
365.22676148996857,7,13,0.6637650797510732,0.45140436940154516,0.2611608276197213,0,15.5,1.5,0.25,385.0,0.0,traditional_trade,MX-CENTRAL,bundle,premium_bundle,1
269.04824101462793,3,18,0.8514135873652108,0.34030727203400496,0.4213272819655481,1,7.5,2.5,0.2,295.0,0.05,traditional_trade,MX-NORTH,promotion,targeted_discount,1
317.2157079159381,2,15,0.6127913089820479,0.5905353018913745,0.28994570385671603,0,9.0,0.0,0.25,310.0,0.0,digital,MX-CENTRAL,product_recommendation,promote_core_pack,0
202.12157165471348,1,18,0.7161268328131956,0.05000285527602635,0.35263331493276945,3,9.0,0.0,0.25,310.0,0.0,modern_trade,BR-SE,product_recommendation,promote_core_pack,0
352.00973469038564,6,14,0.6624638846846896,0.48197756262312935,0.36018167507890303,2,18.0,0.0,4.5,0.0,0.0,traditional_trade,MX-CENTRAL,human_followup,sales_visit,1
327.6041320281584,3,9,0.7047978951362769,0.287620887941737,0.464006624923156,1,15.5,1.5,0.25,385.0,0.0,modern_trade,MX-CENTRAL,bundle,premium_bundle,1
311.1592179610392,6,15,0.35805151641669664,0.2571954756555779,0.5131363301817996,0,15.5,1.5,0.25,385.0,0.0,traditional_trade,BR-SE,bundle,premium_bundle,0
425.6683242561037,2,27,0.8530396158326522,0.5412339905865758,0.38292748446206487,3,9.0,0.0,0.25,310.0,0.0,digital,MX-NORTH,product_recommendation,promote_core_pack,1
256.5790708723878,3,14,0.43038867863577634,0.7668093154787299,0.1611568479286091,1,9.0,0.0,0.25,310.0,0.0,traditional_trade,BR-SE,product_recommendation,promote_core_pack,0
391.44169242531314,5,14,0.4103499370499383,0.2799690484078016,0.4190861167333513,1,15.5,1.5,0.25,385.0,0.0,traditional_trade,CO-ANDES,bundle,premium_bundle,1
429.54879844675884,6,4,0.4864445501102126,0.2630259165741684,0.11964296493055455,2,15.5,1.5,0.25,385.0,0.0,digital,MX-NORTH,bundle,premium_bundle,1
228.90730754131215,3,1,0.8457733984041579,0.2960321391491673,0.4525289914731901,3,15.5,1.5,0.25,385.0,0.0,modern_trade,BR-SE,bundle,premium_bundle,0
363.74234422969914,7,27,0.7181998284511555,0.6726220315108511,0.014682138093803055,2,9.0,0.0,0.25,310.0,0.0,modern_trade,MX-NORTH,product_recommendation,promote_core_pack,0
310.59078689033163,3,4,0.8277382201030242,0.21613415939418473,0.09333991015186707,0,18.0,0.0,4.5,0.0,0.0,traditional_trade,MX-NORTH,human_followup,sales_visit,1
281.3892581983241,5,25,0.7747061469396122,0.6601547112800817,0.13417200455191497,2,15.5,1.5,0.25,385.0,0.0,digital,BR-SE,bundle,premium_bundle,1
499.02375663762206,4,9,0.1848668490885295,0.38900753811795485,0.3529092651430857,0,15.5,1.5,0.25,385.0,0.0,digital,MX-NORTH,bundle,premium_bundle,0
318.84373987734966,3,16,0.723874867308738,0.28381486712515025,0.25812757022965416,2,9.0,0.0,0.25,310.0,0.0,modern_trade,CO-ANDES,product_recommendation,promote_core_pack,0
332.2330480859798,3,11,0.6095855813733929,0.25134954549686683,0.3335170132547073,1,7.5,2.5,0.2,295.0,0.05,digital,MX-NORTH,promotion,targeted_discount,1
461.5508966900126,7,8,0.8592064005099007,0.45526763036960993,0.7434574122379468,0,18.0,0.0,4.5,0.0,0.0,traditional_trade,BR-SE,human_followup,sales_visit,1
283.9936472849133,6,18,0.6399521236819093,0.2708782884549012,0.4360596724685031,0,15.5,1.5,0.25,385.0,0.0,traditional_trade,BR-SE,bundle,premium_bundle,1
408.6526661046061,7,10,0.5237508394547823,0.27002512576212395,0.1604998636643523,1,18.0,0.0,4.5,0.0,0.0,modern_trade,CO-ANDES,human_followup,sales_visit,0
311.4655861727689,7,2,0.3735463984964453,0.5316542717917646,0.2861044383873455,2,15.5,1.5,0.25,385.0,0.0,modern_trade,MX-CENTRAL,bundle,premium_bundle,1
229.29022258121984,0,1,0.37796651625152705,0.8864391556379851,0.37925555777329817,2,15.5,1.5,0.25,385.0,0.0,modern_trade,MX-CENTRAL,bundle,premium_bundle,0
310.513093585778,3,7,0.5120053812988362,0.238430574023594,0.09662328085398535,3,7.5,2.5,0.2,295.0,0.05,traditional_trade,CO-ANDES,promotion,targeted_discount,1
217.95474228258345,6,14,0.6864766875243652,0.18653205075895532,0.38051853126609014,1,9.0,0.0,0.25,310.0,0.0,traditional_trade,CO-ANDES,product_recommendation,promote_core_pack,0
311.2089822003421,3,12,0.601146102586453,0.5473649483982759,0.1934753595612425,1,18.0,0.0,4.5,0.0,0.0,digital,MX-CENTRAL,human_followup,sales_visit,1
313.62019489608684,3,23,0.7275788857207995,0.3900582325358302,0.47718196834831633,2,9.0,0.0,0.25,310.0,0.0,traditional_trade,BR-SE,product_recommendation,promote_core_pack,1
289.1608074274551,1,2,0.8296852914577529,0.2786777479480676,0.3618616571149891,2,18.0,0.0,4.5,0.0,0.0,digital,MX-CENTRAL,human_followup,sales_visit,1
115.50367727882892,13,5,0.9658304068380108,0.4656009156177403,0.5635632353933242,1,7.5,2.5,0.2,295.0,0.05,modern_trade,BR-SE,promotion,targeted_discount,1
452.2484708389055,6,11,0.8551262932956792,0.5722148873113103,0.335546626896991,1,15.5,1.5,0.25,385.0,0.0,digital,MX-NORTH,bundle,premium_bundle,1
244.46938498409358,4,30,0.4975585692954879,0.2360228389829705,0.43787222685205224,3,9.0,0.0,0.25,310.0,0.0,digital,MX-CENTRAL,product_recommendation,promote_core_pack,0
321.2305490691899,3,10,0.7965883904268083,0.38375196036352077,0.1365750727409301,2,18.0,0.0,4.5,0.0,0.0,modern_trade,CO-ANDES,human_followup,sales_visit,1
171.81608018704136,8,21,0.4942642901974371,0.6832196073201735,0.6605645296181493,3,9.0,0.0,0.25,310.0,0.0,digital,CO-ANDES,product_recommendation,promote_core_pack,0
549.6790210951596,5,8,0.3043782526158314,0.2745923426762338,0.613473213929411,3,18.0,0.0,4.5,0.0,0.0,traditional_trade,MX-NORTH,human_followup,sales_visit,0
230.34116361558625,4,11,0.5727209824408536,0.3701863459907211,0.6663397398424048,1,9.0,0.0,0.25,310.0,0.0,traditional_trade,MX-CENTRAL,product_recommendation,promote_core_pack,0
192.45828565829976,8,14,0.830971467984442,0.7514767514488444,0.4562018855291237,2,18.0,0.0,4.5,0.0,0.0,digital,BR-SE,human_followup,sales_visit,0
341.07964847682,8,12,0.6676046245043479,0.10602267248305618,0.30768327737959783,0,7.5,2.5,0.2,295.0,0.05,modern_trade,CO-ANDES,promotion,targeted_discount,1
295.1964705068364,2,15,0.6024666383253664,0.7407908864536872,0.14870749810615225,3,9.0,0.0,0.25,310.0,0.0,modern_trade,CO-ANDES,product_recommendation,promote_core_pack,0
307.8938794083235,6,14,0.5763085081897743,0.41434736335580596,0.39806894828752093,0,7.5,2.5,0.2,295.0,0.05,modern_trade,CO-ANDES,promotion,targeted_discount,1
273.26928082131894,4,3,0.501177055830749,0.5086580049225113,0.2391231887097511,2,18.0,0.0,4.5,0.0,0.0,traditional_trade,BR-SE,human_followup,sales_visit,1
364.9021357025347,5,26,0.3926014336847598,0.23332315106143828,0.6916688199560135,2,15.5,1.5,0.25,385.0,0.0,digital,MX-CENTRAL,bundle,premium_bundle,0
254.82117178774502,2,13,0.5865207580766777,0.08293499052359664,0.49594331595909796,3,9.0,0.0,0.25,310.0,0.0,digital,MX-CENTRAL,product_recommendation,promote_core_pack,0
433.62825987681856,5,1,0.9734948805835087,0.5496687909275789,0.5695949403793414,0,9.0,0.0,0.25,310.0,0.0,digital,BR-SE,product_recommendation,promote_core_pack,1
311.3795988837662,3,4,0.8411779638961453,0.3668273745188793,0.3551407522065966,0,9.0,0.0,0.25,310.0,0.0,digital,CO-ANDES,product_recommendation,promote_core_pack,0
388.7152274378926,5,29,0.9467885510915564,0.7522598648193298,0.25685249860635156,0,7.5,2.5,0.2,295.0,0.05,digital,MX-NORTH,promotion,targeted_discount,0
265.8104413945991,5,23,0.4734166434158896,0.7652423448018012,0.5042793868231894,2,15.5,1.5,0.25,385.0,0.0,digital,MX-CENTRAL,bundle,premium_bundle,0
348.814727657027,6,8,0.9216324552564823,0.4250043924179562,0.26067211592006123,1,18.0,0.0,4.5,0.0,0.0,digital,MX-CENTRAL,human_followup,sales_visit,1
350.1747050179658,6,17,0.9236004189226066,0.2113225554344062,0.11726339774937479,2,7.5,2.5,0.2,295.0,0.05,digital,MX-CENTRAL,promotion,targeted_discount,1
364.12664252262266,8,10,0.7523881428882903,0.6268373546208167,0.20573176260854886,3,7.5,2.5,0.2,295.0,0.05,digital,MX-CENTRAL,promotion,targeted_discount,1
439.5653638965832,6,20,0.6276631751422758,0.7669158203202388,0.35334577360911523,0,15.5,1.5,0.25,385.0,0.0,modern_trade,MX-CENTRAL,bundle,premium_bundle,0
212.2058240005549,5,0,0.523958355865246,0.7001924926603925,0.33147359111627894,0,7.5,2.5,0.2,295.0,0.05,digital,CO-ANDES,promotion,targeted_discount,1
332.9403985259987,10,21,0.4458425080152855,0.6286783715039871,0.6746263784337514,2,9.0,0.0,0.25,310.0,0.0,traditional_trade,BR-SE,product_recommendation,promote_core_pack,0
383.5442482659306,3,25,0.47406274666768655,0.7428630327307113,0.39087429028513454,2,18.0,0.0,4.5,0.0,0.0,traditional_trade,BR-SE,human_followup,sales_visit,1
329.4760701437464,7,7,0.594360264807095,0.40907233939983245,0.2362686572698526,3,18.0,0.0,4.5,0.0,0.0,digital,BR-SE,human_followup,sales_visit,1
235.45635615470502,4,5,0.6456913139159385,0.5732989474006505,0.500486027740606,1,18.0,0.0,4.5,0.0,0.0,digital,BR-SE,human_followup,sales_visit,0
419.56017366047723,3,30,0.47608135963330384,0.5842781903065741,0.3895724622719887,2,7.5,2.5,0.2,295.0,0.05,digital,CO-ANDES,promotion,targeted_discount,1
248.9386778689774,4,19,0.970511577503298,0.19513690194673536,0.5804337785157476,0,7.5,2.5,0.2,295.0,0.05,modern_trade,MX-NORTH,promotion,targeted_discount,0
287.79557695558685,2,19,0.5660026255967366,0.3853118634572023,0.4428215788653747,0,9.0,0.0,0.25,310.0,0.0,modern_trade,CO-ANDES,product_recommendation,promote_core_pack,1
316.5989073765498,6,2,0.6155192256865826,0.7939391177459401,0.362615194591315,2,18.0,0.0,4.5,0.0,0.0,modern_trade,CO-ANDES,human_followup,sales_visit,1
359.11114925578374,7,27,0.35246448752077936,0.23076908146892045,0.49227711315998673,3,18.0,0.0,4.5,0.0,0.0,digital,BR-SE,human_followup,sales_visit,0
236.81151469430006,4,30,0.5458751303769109,0.5229485816835034,0.5744104763037021,1,9.0,0.0,0.25,310.0,0.0,traditional_trade,CO-ANDES,product_recommendation,promote_core_pack,0
361.1007939475617,5,18,0.3004108560121867,0.3549157063318685,0.15983482722724202,3,18.0,0.0,4.5,0.0,0.0,digital,MX-CENTRAL,human_followup,sales_visit,1
308.3343873090307,3,25,0.5470995876098508,0.32573738168920635,0.17503096904126622,3,9.0,0.0,0.25,310.0,0.0,traditional_trade,MX-NORTH,product_recommendation,promote_core_pack,1
490.2413500245631,7,22,0.6945191516381182,0.2953031551626451,0.3445114017628855,2,9.0,0.0,0.25,310.0,0.0,digital,MX-NORTH,product_recommendation,promote_core_pack,0
284.20250167177863,7,8,0.7566717665102765,0.37690336391894586,0.4933804036249915,1,15.5,1.5,0.25,385.0,0.0,modern_trade,CO-ANDES,bundle,premium_bundle,1
388.9714927875637,6,0,0.8160202173438209,0.4559603034210005,0.4441096812225771,1,15.5,1.5,0.25,385.0,0.0,modern_trade,MX-NORTH,bundle,premium_bundle,1
397.6371854490493,6,6,0.6610888134012224,0.3521920618244266,0.26109763360923166,1,15.5,1.5,0.25,385.0,0.0,traditional_trade,MX-CENTRAL,bundle,premium_bundle,0
291.96252484942636,4,12,0.21879503785999324,0.3099774735337509,0.1864297763777213,1,9.0,0.0,0.25,310.0,0.0,modern_trade,MX-NORTH,product_recommendation,promote_core_pack,1
361.89023944776886,6,4,0.9147154169983044,0.21093748243697066,0.43527275196789045,3,9.0,0.0,0.25,310.0,0.0,traditional_trade,CO-ANDES,product_recommendation,promote_core_pack,1
391.30114034495284,3,29,0.46618619701718944,0.33085526349123945,0.7702299138160994,1,9.0,0.0,0.25,310.0,0.0,digital,BR-SE,product_recommendation,promote_core_pack,0
237.3212421891159,6,11,0.685165684227776,0.7344247537627177,0.4328603503607273,1,7.5,2.5,0.2,295.0,0.05,digital,BR-SE,promotion,targeted_discount,1
282.55132314705395,4,26,0.6852692104630833,0.3884618653489723,0.40207417846537924,3,15.5,1.5,0.25,385.0,0.0,modern_trade,CO-ANDES,bundle,premium_bundle,0
296.31742063280905,5,26,0.571080361928429,0.2688647557589079,0.5100190071930517,0,15.5,1.5,0.25,385.0,0.0,traditional_trade,MX-CENTRAL,bundle,premium_bundle,1
255.02704972321703,6,4,0.7793325969216759,0.6828905874093397,0.7214967191161965,0,18.0,0.0,4.5,0.0,0.0,digital,MX-NORTH,human_followup,sales_visit,0
186.23243085091642,5,15,0.9480125952399192,0.8719394969332278,0.7356913239144411,3,18.0,0.0,4.5,0.0,0.0,digital,MX-CENTRAL,human_followup,sales_visit,1
191.12048211181622,4,26,0.6357530375548825,0.8622593353012742,0.6592358181838037,2,18.0,0.0,4.5,0.0,0.0,digital,BR-SE,human_followup,sales_visit,1
208.02653383342687,2,22,0.7721136148977688,0.6785162005851927,0.4470143152669829,0,18.0,0.0,4.5,0.0,0.0,digital,BR-SE,human_followup,sales_visit,0
181.72264466402805,12,26,0.6756837111436806,0.15278564819284604,0.1555849113026039,1,9.0,0.0,0.25,310.0,0.0,digital,MX-CENTRAL,product_recommendation,promote_core_pack,1
328.98721791160153,6,2,0.8181191945714992,0.2880988117684923,0.252355362618113,1,9.0,0.0,0.25,310.0,0.0,traditional_trade,CO-ANDES,product_recommendation,promote_core_pack,0
104.37118028092377,4,0,0.875926528361123,0.21472870021317303,0.4488792597343209,0,18.0,0.0,4.5,0.0,0.0,modern_trade,BR-SE,human_followup,sales_visit,1
293.91410159894394,5,23,0.7083394003521091,0.6164866058568909,0.44512929821263897,2,9.0,0.0,0.25,310.0,0.0,traditional_trade,MX-CENTRAL,product_recommendation,promote_core_pack,0
256.76094520462345,4,7,0.5365179141255852,0.7005231721416217,0.5525995011893302,0,18.0,0.0,4.5,0.0,0.0,digital,MX-CENTRAL,human_followup,sales_visit,1
385.85856753301687,6,22,0.7394573752066558,0.5209561397589191,0.4713770021053242,3,18.0,0.0,4.5,0.0,0.0,traditional_trade,MX-NORTH,human_followup,sales_visit,1
305.9336711228093,1,13,0.9317129408098016,0.6581990402151633,0.24598228505035927,3,7.5,2.5,0.2,295.0,0.05,traditional_trade,BR-SE,promotion,targeted_discount,0
352.94849338219046,2,23,0.45638903949399995,0.6680994354871777,0.5415468810868445,2,15.5,1.5,0.25,385.0,0.0,traditional_trade,BR-SE,bundle,premium_bundle,0
368.08203616557466,4,1,0.5594237941019892,0.7544652208356744,0.48433600027230983,3,15.5,1.5,0.25,385.0,0.0,modern_trade,BR-SE,bundle,premium_bundle,0
415.5659565936462,4,14,0.7121324013315097,0.6440433407415437,0.32644217834426836,0,18.0,0.0,4.5,0.0,0.0,digital,MX-CENTRAL,human_followup,sales_visit,1
242.9368564096085,6,11,0.8634857483685656,0.5504030680877454,0.12341321081932752,3,9.0,0.0,0.25,310.0,0.0,modern_trade,MX-CENTRAL,product_recommendation,promote_core_pack,0
366.0689791337358,5,5,0.6614429710998994,0.7241626724942523,0.2739282000791521,2,15.5,1.5,0.25,385.0,0.0,digital,CO-ANDES,bundle,premium_bundle,1
419.0339780146593,4,21,0.6768593675124488,0.4184573042243044,0.5628086758422569,2,15.5,1.5,0.25,385.0,0.0,digital,MX-NORTH,bundle,premium_bundle,1
407.41472030668626,2,23,0.6204799282695459,0.4903413531853721,0.3521019380426604,0,18.0,0.0,4.5,0.0,0.0,modern_trade,MX-CENTRAL,human_followup,sales_visit,0
319.9385518630867,6,22,0.5829117672022555,0.41000680538215023,0.48946533793514685,1,15.5,1.5,0.25,385.0,0.0,traditional_trade,MX-NORTH,bundle,premium_bundle,0
282.710829525239,3,13,0.6917705820311708,0.6880792906053903,0.28609720735433697,2,18.0,0.0,4.5,0.0,0.0,modern_trade,BR-SE,human_followup,sales_visit,0
385.144414998399,7,12,0.7889817587386322,0.39944351536824974,0.6905840664699895,0,15.5,1.5,0.25,385.0,0.0,modern_trade,BR-SE,bundle,premium_bundle,1
412.45393136664757,6,2,0.7269061089988218,0.38183540080101014,0.2202301085684675,1,7.5,2.5,0.2,295.0,0.05,traditional_trade,CO-ANDES,promotion,targeted_discount,1
227.728835765523,5,10,0.9271370446333753,0.28006796750819785,0.43278807479608417,3,9.0,0.0,0.25,310.0,0.0,digital,MX-NORTH,product_recommendation,promote_core_pack,0
376.19898824757735,6,30,0.7470773068675781,0.5608290579593044,0.004281209827297308,1,18.0,0.0,4.5,0.0,0.0,traditional_trade,MX-NORTH,human_followup,sales_visit,1
444.68697584232433,10,24,0.818258833761968,0.5738187149369601,0.3672407502922719,1,7.5,2.5,0.2,295.0,0.05,traditional_trade,MX-NORTH,promotion,targeted_discount,1
373.60182873295923,3,15,0.7816030955921112,0.19547143584536922,0.708926282835467,3,9.0,0.0,0.25,310.0,0.0,modern_trade,MX-NORTH,product_recommendation,promote_core_pack,0
306.730204147284,7,13,0.8226676224935283,0.6350070916476006,0.5396454126802523,0,18.0,0.0,4.5,0.0,0.0,digital,CO-ANDES,human_followup,sales_visit,1
205.0557520188534,2,10,0.7770583772138009,0.23260847143288904,0.3006931038466951,3,18.0,0.0,4.5,0.0,0.0,modern_trade,BR-SE,human_followup,sales_visit,1
355.24659135072335,3,2,0.47325265970512553,0.49400519575649093,0.6561156486734435,3,15.5,1.5,0.25,385.0,0.0,traditional_trade,CO-ANDES,bundle,premium_bundle,1
283.1730861258679,3,27,0.6260591337679332,0.6099317810327499,0.22456644392906588,3,15.5,1.5,0.25,385.0,0.0,digital,MX-NORTH,bundle,premium_bundle,0
335.49876229018327,11,28,0.571465643064984,0.3101842049278593,0.37005958739447437,0,9.0,0.0,0.25,310.0,0.0,digital,MX-CENTRAL,product_recommendation,promote_core_pack,1
448.58376119528,3,0,0.7512742963204716,0.493376916970329,0.16928160052985533,3,15.5,1.5,0.25,385.0,0.0,traditional_trade,BR-SE,bundle,premium_bundle,1
472.997311121806,4,1,0.5606754693061622,0.7514321426952901,0.7236572826590698,3,15.5,1.5,0.25,385.0,0.0,digital,CO-ANDES,bundle,premium_bundle,1
333.7343980183489,7,4,0.8473753425357295,0.5518464238933154,0.27118117749592224,3,18.0,0.0,4.5,0.0,0.0,digital,BR-SE,human_followup,sales_visit,1
435.43776116656585,2,3,0.6324720381431111,0.6381068173031619,0.827557368381573,1,15.5,1.5,0.25,385.0,0.0,modern_trade,MX-CENTRAL,bundle,premium_bundle,1
334.1558492562825,4,24,0.8722916032783936,0.3396018743087984,0.21822984232732748,2,7.5,2.5,0.2,295.0,0.05,digital,MX-CENTRAL,promotion,targeted_discount,1
267.59504704197633,6,20,0.7730753702987712,0.2886181642134502,0.35575369279636704,0,15.5,1.5,0.25,385.0,0.0,digital,MX-CENTRAL,bundle,premium_bundle,0
463.3904014236249,7,1,0.967404302856114,0.3010097059578494,0.03974378354208154,0,7.5,2.5,0.2,295.0,0.05,modern_trade,MX-CENTRAL,promotion,targeted_discount,1
377.469317302727,5,17,0.4183640943049919,0.7264550891274086,0.484852834910739,3,15.5,1.5,0.25,385.0,0.0,modern_trade,CO-ANDES,bundle,premium_bundle,0
340.14481549425165,4,9,0.5555025938109485,0.7199123615234662,0.7506271820174167,0,15.5,1.5,0.25,385.0,0.0,modern_trade,BR-SE,bundle,premium_bundle,0
284.74727970600304,4,25,0.945562774488544,0.32379798362233797,0.6564464479037428,0,9.0,0.0,0.25,310.0,0.0,modern_trade,BR-SE,product_recommendation,promote_core_pack,0
295.2776883607142,7,11,0.41530286417830814,0.15207668842198277,0.25597345690260764,1,9.0,0.0,0.25,310.0,0.0,traditional_trade,MX-CENTRAL,product_recommendation,promote_core_pack,1
284.78370642521423,4,22,0.7759354099986924,0.5530986496381571,0.2266122055801892,0,7.5,2.5,0.2,295.0,0.05,modern_trade,MX-NORTH,promotion,targeted_discount,0
85.67876967344571,7,16,0.42520453767883615,0.1432576684390735,0.26248457688253257,0,15.5,1.5,0.25,385.0,0.0,digital,CO-ANDES,bundle,premium_bundle,0
297.39178552346027,4,9,0.7543870190385056,0.3163970026532282,0.22900269071654425,3,18.0,0.0,4.5,0.0,0.0,digital,BR-SE,human_followup,sales_visit,0
321.1411554388581,4,7,0.8815466847529377,0.6990650038666093,0.2696497029962509,3,18.0,0.0,4.5,0.0,0.0,traditional_trade,CO-ANDES,human_followup,sales_visit,1
204.67030970216092,9,21,0.8586843473358751,0.6181547745976551,0.35856663707578085,0,9.0,0.0,0.25,310.0,0.0,traditional_trade,MX-CENTRAL,product_recommendation,promote_core_pack,1
195.25227259767587,4,1,0.5294361785648896,0.5788348138160598,0.36637467011558705,2,7.5,2.5,0.2,295.0,0.05,traditional_trade,BR-SE,promotion,targeted_discount,0
141.78011319866482,4,1,0.8258458375098554,0.3946984563163886,0.7061099239641946,3,18.0,0.0,4.5,0.0,0.0,modern_trade,BR-SE,human_followup,sales_visit,0
98.47608233740311,4,23,0.5192595237559127,0.5746785672006871,0.12494667487902943,3,18.0,0.0,4.5,0.0,0.0,traditional_trade,MX-NORTH,human_followup,sales_visit,0
286.32365040750017,3,1,0.6056561960269184,0.7058001322448665,0.36059361795337236,1,7.5,2.5,0.2,295.0,0.05,digital,MX-NORTH,promotion,targeted_discount,1
418.9342361672211,7,24,0.411062917961454,0.3548739912045207,0.24979685893285064,3,15.5,1.5,0.25,385.0,0.0,digital,CO-ANDES,bundle,premium_bundle,0
380.3927983424528,3,18,0.8562223323916913,0.29995183507972534,0.030686624941075522,1,15.5,1.5,0.25,385.0,0.0,digital,BR-SE,bundle,premium_bundle,0
241.0420432730227,5,22,0.600814590149234,0.30669326038907485,0.37103921738923956,1,15.5,1.5,0.25,385.0,0.0,digital,CO-ANDES,bundle,premium_bundle,0
353.5589735124445,6,9,0.7006457363504827,0.4856360630121973,0.5006491896273484,2,7.5,2.5,0.2,295.0,0.05,traditional_trade,BR-SE,promotion,targeted_discount,1
470.4445755885877,3,5,0.6270357519899326,0.38970178511619313,0.4842470973101244,1,9.0,0.0,0.25,310.0,0.0,digital,BR-SE,product_recommendation,promote_core_pack,1
529.859835710185,7,28,0.33014334140332474,0.8022096530019016,0.8295944310890465,0,15.5,1.5,0.25,385.0,0.0,digital,MX-NORTH,bundle,premium_bundle,0
266.66793110547707,6,10,0.7721534832011845,0.24056034271970644,0.45257411412068543,0,9.0,0.0,0.25,310.0,0.0,digital,BR-SE,product_recommendation,promote_core_pack,0
258.23559789844813,5,9,0.9856407082241789,0.6482993468330802,0.5243768631353719,3,18.0,0.0,4.5,0.0,0.0,digital,CO-ANDES,human_followup,sales_visit,1
297.6171219646697,5,7,0.4389618456991212,0.5353070357212624,0.28867580760868833,1,15.5,1.5,0.25,385.0,0.0,modern_trade,BR-SE,bundle,premium_bundle,0
259.6562855700193,3,10,0.4163481769044096,0.19550913796684907,0.2539941977634987,3,9.0,0.0,0.25,310.0,0.0,modern_trade,BR-SE,product_recommendation,promote_core_pack,1
517.0577213463357,2,24,0.5881516178329186,0.7135312822266127,0.4324994198909823,0,15.5,1.5,0.25,385.0,0.0,modern_trade,MX-NORTH,bundle,premium_bundle,1
341.4085872571835,6,23,0.7553395797093062,0.7879143856757754,0.33532546723178874,1,18.0,0.0,4.5,0.0,0.0,modern_trade,CO-ANDES,human_followup,sales_visit,1
362.508377475619,12,5,0.6507396744871176,0.6938591915007467,0.24731651829756077,3,9.0,0.0,0.25,310.0,0.0,modern_trade,MX-NORTH,product_recommendation,promote_core_pack,1
366.03329001036644,5,6,0.7414634758256611,0.5407491513619007,0.3996962819363381,2,15.5,1.5,0.25,385.0,0.0,digital,BR-SE,bundle,premium_bundle,0
316.3992219152661,4,14,0.8369733123032471,0.3463440377623827,0.24202922783696407,1,7.5,2.5,0.2,295.0,0.05,modern_trade,MX-NORTH,promotion,targeted_discount,1
363.8767577203701,7,10,0.8456532864677846,0.49868346171591543,0.38193262097031305,0,9.0,0.0,0.25,310.0,0.0,modern_trade,MX-NORTH,product_recommendation,promote_core_pack,1
400.5871166328157,2,13,0.8727223877777681,0.5586280348994846,0.3943606868094333,1,15.5,1.5,0.25,385.0,0.0,modern_trade,MX-CENTRAL,bundle,premium_bundle,0
254.89821121454958,4,9,0.9494202050100273,0.2809464284158224,0.41028097799948643,2,7.5,2.5,0.2,295.0,0.05,traditional_trade,MX-NORTH,promotion,targeted_discount,0
353.68338075778576,4,18,0.7359544575165282,0.059807254907421024,0.41427328675493397,1,7.5,2.5,0.2,295.0,0.05,modern_trade,CO-ANDES,promotion,targeted_discount,1
421.59146634095816,7,10,0.6999771746499197,0.5944058306850691,0.3816778909551739,2,9.0,0.0,0.25,310.0,0.0,modern_trade,CO-ANDES,product_recommendation,promote_core_pack,0
312.42314871497615,6,21,0.592662519112869,0.21963989338800557,0.41542790511772754,0,9.0,0.0,0.25,310.0,0.0,modern_trade,MX-NORTH,product_recommendation,promote_core_pack,1
496.54996705282497,5,14,0.9164401120697956,0.38790579381956525,0.5975437277698395,3,9.0,0.0,0.25,310.0,0.0,digital,MX-NORTH,product_recommendation,promote_core_pack,1
392.0610123499258,8,5,0.45909990832381864,0.5734983412120386,0.2589126166070908,1,15.5,1.5,0.25,385.0,0.0,traditional_trade,MX-NORTH,bundle,premium_bundle,0
364.80195934462324,3,3,0.5770343068283855,0.1366220029566931,0.30860726630283525,1,18.0,0.0,4.5,0.0,0.0,modern_trade,CO-ANDES,human_followup,sales_visit,0
313.4880197917204,3,26,0.5161706372156046,0.5920843986012544,0.6788802498147981,1,15.5,1.5,0.25,385.0,0.0,digital,MX-NORTH,bundle,premium_bundle,0
345.80683511289214,7,16,0.6053848621170133,0.36956483895717424,0.7157749636787735,1,18.0,0.0,4.5,0.0,0.0,modern_trade,MX-NORTH,human_followup,sales_visit,0
315.2520440037071,8,18,0.695024056073572,0.47835938537189876,0.3970198336078374,3,15.5,1.5,0.25,385.0,0.0,digital,MX-CENTRAL,bundle,premium_bundle,0
363.4191360517118,3,30,0.5169071529658019,0.21841152017557697,0.46281733946605164,3,15.5,1.5,0.25,385.0,0.0,digital,MX-NORTH,bundle,premium_bundle,0
386.6002966226515,4,2,0.8617959076469728,0.1875071712730876,0.3737308766234094,2,18.0,0.0,4.5,0.0,0.0,modern_trade,MX-NORTH,human_followup,sales_visit,0
345.16263494758545,2,27,0.7316942361398121,0.4192296251293117,0.3888907608601688,0,7.5,2.5,0.2,295.0,0.05,modern_trade,MX-NORTH,promotion,targeted_discount,1
190.67203386042803,6,15,0.20371353120541466,0.44114112322458615,0.4992927712317388,0,9.0,0.0,0.25,310.0,0.0,modern_trade,MX-CENTRAL,product_recommendation,promote_core_pack,1
219.41252035466746,3,26,0.8919689126603206,0.5140529219295985,0.293649555107983,3,15.5,1.5,0.25,385.0,0.0,traditional_trade,MX-CENTRAL,bundle,premium_bundle,0
512.3648004648169,5,27,0.8388475884326478,0.7287852189072702,0.8931645462679091,2,7.5,2.5,0.2,295.0,0.05,digital,CO-ANDES,promotion,targeted_discount,1
393.63119267254706,2,4,0.654891585876657,0.2220559308166063,0.3938950260065282,0,7.5,2.5,0.2,295.0,0.05,digital,CO-ANDES,promotion,targeted_discount,1
389.08669110727874,3,22,0.5882389056860021,0.4740008306100782,0.5309006646137917,2,9.0,0.0,0.25,310.0,0.0,digital,MX-CENTRAL,product_recommendation,promote_core_pack,1
161.4649352823808,12,2,0.5817232021288776,0.1582736760252598,0.0813075105698707,0,7.5,2.5,0.2,295.0,0.05,traditional_trade,BR-SE,promotion,targeted_discount,1
422.3393637354582,14,6,0.6539810400276875,0.5680574568398845,0.590436068053629,1,15.5,1.5,0.25,385.0,0.0,digital,MX-NORTH,bundle,premium_bundle,1
487.54229159025067,4,13,0.4710986624413444,0.38273456413622725,0.6289755527578637,1,18.0,0.0,4.5,0.0,0.0,modern_trade,MX-NORTH,human_followup,sales_visit,0
225.31482670272243,3,6,0.5875588987097915,0.4421222385022204,0.3825059877926965,3,18.0,0.0,4.5,0.0,0.0,traditional_trade,MX-NORTH,human_followup,sales_visit,0
386.8971704456292,5,3,0.7207271895508239,0.3758431680452011,0.39645792530947355,2,18.0,0.0,4.5,0.0,0.0,digital,MX-NORTH,human_followup,sales_visit,0
139.56764944578507,6,6,0.6074824760502238,0.2458374366532633,0.38163795875452816,1,9.0,0.0,0.25,310.0,0.0,traditional_trade,MX-NORTH,product_recommendation,promote_core_pack,0
349.8039927980235,7,10,0.8428217607669127,0.5802585760083546,0.5614974474700201,1,18.0,0.0,4.5,0.0,0.0,modern_trade,BR-SE,human_followup,sales_visit,1
293.1041782925017,4,24,0.6651511766462028,0.06625529529903341,0.22191218997789144,0,7.5,2.5,0.2,295.0,0.05,traditional_trade,BR-SE,promotion,targeted_discount,0
348.97879638329044,10,11,0.6518938759917078,0.2025647125405029,0.593746224476547,3,15.5,1.5,0.25,385.0,0.0,modern_trade,BR-SE,bundle,premium_bundle,0
365.77862325675477,4,20,0.8538067737515337,0.4549070325182225,0.764514029487371,0,9.0,0.0,0.25,310.0,0.0,digital,CO-ANDES,product_recommendation,promote_core_pack,1
190.55608047391283,4,13,0.5351672237844312,0.6636628965506636,0.7537910195509235,1,7.5,2.5,0.2,295.0,0.05,digital,MX-CENTRAL,promotion,targeted_discount,0
347.49186310763884,9,25,0.5982991835060426,0.5022635761075597,0.5940687565885705,1,15.5,1.5,0.25,385.0,0.0,modern_trade,BR-SE,bundle,premium_bundle,1
363.1752829475062,3,1,0.9374077970398409,0.4992820961002156,0.32787498047719993,2,15.5,1.5,0.25,385.0,0.0,traditional_trade,MX-NORTH,bundle,premium_bundle,1
343.85539432415953,2,26,0.6062034292822889,0.5082134844683676,0.6345439214587532,2,7.5,2.5,0.2,295.0,0.05,modern_trade,MX-NORTH,promotion,targeted_discount,0
233.2027124245049,4,9,0.8169412075384465,0.39306533426640206,0.3389524809021891,2,15.5,1.5,0.25,385.0,0.0,digital,BR-SE,bundle,premium_bundle,1
247.38918214707832,5,22,0.3918464307209891,0.45371518317498505,0.26632090638500105,3,15.5,1.5,0.25,385.0,0.0,modern_trade,CO-ANDES,bundle,premium_bundle,0
384.45246302320436,3,15,0.7691747089325849,0.5193733682203584,0.6104768147483394,3,18.0,0.0,4.5,0.0,0.0,traditional_trade,BR-SE,human_followup,sales_visit,1
359.49985474408624,4,12,0.8387117523031696,0.44435302350392014,0.22825896214866975,1,15.5,1.5,0.25,385.0,0.0,modern_trade,BR-SE,bundle,premium_bundle,1
276.53462428753755,5,23,0.4877106760056719,0.24669593990652955,0.3701412245447066,2,15.5,1.5,0.25,385.0,0.0,traditional_trade,MX-NORTH,bundle,premium_bundle,0
289.9448392973305,5,18,0.513959981278277,0.46493745801144887,0.468647473885912,1,18.0,0.0,4.5,0.0,0.0,digital,CO-ANDES,human_followup,sales_visit,1
379.7252151341981,3,7,0.948117472841947,0.37808025991488137,0.4229420155653801,2,9.0,0.0,0.25,310.0,0.0,modern_trade,BR-SE,product_recommendation,promote_core_pack,1
405.22135878737,4,4,0.31374264503775634,0.2781185033829972,0.48921167331757937,3,15.5,1.5,0.25,385.0,0.0,digital,MX-NORTH,bundle,premium_bundle,1
361.11847201506737,3,21,0.7732298952276764,0.19536471943314265,0.1382303883317424,3,18.0,0.0,4.5,0.0,0.0,digital,BR-SE,human_followup,sales_visit,0
557.4107983277042,7,14,0.882442577890738,0.18738425187516822,0.7774691316646821,2,7.5,2.5,0.2,295.0,0.05,digital,MX-NORTH,promotion,targeted_discount,0
345.90323622313684,6,26,0.8839180000237782,0.6489657454710505,0.15038121154708628,0,7.5,2.5,0.2,295.0,0.05,digital,MX-CENTRAL,promotion,targeted_discount,0
455.8174220621021,5,6,0.7688620068557321,0.4245608768642582,0.1039197565983422,1,15.5,1.5,0.25,385.0,0.0,traditional_trade,MX-CENTRAL,bundle,premium_bundle,1
347.11485918859916,5,1,0.4252162205543877,0.2047805288320921,0.5435968766665658,2,15.5,1.5,0.25,385.0,0.0,digital,MX-NORTH,bundle,premium_bundle,0
454.52701682530113,7,7,0.7786823286574922,0.40719769005316314,0.17699482710810094,3,15.5,1.5,0.25,385.0,0.0,digital,CO-ANDES,bundle,premium_bundle,1
195.78682010896523,6,16,0.6535522179729146,0.6507645120029615,0.4690501799063815,0,9.0,0.0,0.25,310.0,0.0,digital,BR-SE,product_recommendation,promote_core_pack,1
374.4347813735607,5,30,0.572639052173758,0.2702098990476177,0.47777004603253814,3,9.0,0.0,0.25,310.0,0.0,digital,BR-SE,product_recommendation,promote_core_pack,1
163.92034009886618,7,25,0.5689210601643503,0.2229812624252399,0.41638297508587174,1,9.0,0.0,0.25,310.0,0.0,digital,MX-NORTH,product_recommendation,promote_core_pack,1
273.4841220085931,6,17,0.41235825132694026,0.25527672666541934,0.8284893639143212,2,9.0,0.0,0.25,310.0,0.0,traditional_trade,CO-ANDES,product_recommendation,promote_core_pack,0
222.23077862619664,6,21,0.3044816311347026,0.3565729240752131,0.3931205550552124,0,9.0,0.0,0.25,310.0,0.0,digital,CO-ANDES,product_recommendation,promote_core_pack,1
150.51726189697635,3,4,0.587979568780392,0.2734653861437391,0.4675235986048592,3,18.0,0.0,4.5,0.0,0.0,modern_trade,BR-SE,human_followup,sales_visit,1
264.37978844012514,11,21,0.8861989626838538,0.9198913757512721,0.3536622565749603,2,18.0,0.0,4.5,0.0,0.0,modern_trade,BR-SE,human_followup,sales_visit,1
302.08897194194185,1,14,0.7437712908171863,0.529556670115123,0.5779292185896127,2,9.0,0.0,0.25,310.0,0.0,digital,CO-ANDES,product_recommendation,promote_core_pack,0
407.55083281992125,4,29,0.7141882296122141,0.7332649703466504,0.5393873079188335,0,9.0,0.0,0.25,310.0,0.0,digital,MX-CENTRAL,product_recommendation,promote_core_pack,1
250.97099051660734,2,20,0.5007736663521786,0.4168252961777042,0.6281277668702044,2,9.0,0.0,0.25,310.0,0.0,modern_trade,CO-ANDES,product_recommendation,promote_core_pack,0
339.7509276696618,3,16,0.7539801145330338,0.3831834156773061,0.49595241783656263,3,9.0,0.0,0.25,310.0,0.0,digital,MX-CENTRAL,product_recommendation,promote_core_pack,0
279.9925710887571,5,10,0.7794635057396923,0.24942559140197523,0.4626931434509641,0,7.5,2.5,0.2,295.0,0.05,digital,MX-CENTRAL,promotion,targeted_discount,0
246.18544734184366,2,27,0.4103776558763464,0.420004820380153,0.2735982159890827,3,9.0,0.0,0.25,310.0,0.0,traditional_trade,MX-CENTRAL,product_recommendation,promote_core_pack,0
298.14185122686257,5,27,0.6680119413133215,0.6794153142418256,0.49879304417559744,2,18.0,0.0,4.5,0.0,0.0,digital,BR-SE,human_followup,sales_visit,0
341.3246632716131,4,20,0.8231374381878498,0.49466017871443424,0.32867137798630036,1,18.0,0.0,4.5,0.0,0.0,traditional_trade,CO-ANDES,human_followup,sales_visit,0
426.51694032281995,2,27,0.8471019282974563,0.29780068174057067,0.7112434398355929,3,7.5,2.5,0.2,295.0,0.05,modern_trade,CO-ANDES,promotion,targeted_discount,0
424.2077499392047,3,8,0.7819854647171539,0.6648002066240177,0.6434533929704699,1,18.0,0.0,4.5,0.0,0.0,modern_trade,MX-CENTRAL,human_followup,sales_visit,1
362.9962979602084,3,14,0.6164600805508229,0.1659738484433346,0.22744276934951224,0,7.5,2.5,0.2,295.0,0.05,digital,MX-CENTRAL,promotion,targeted_discount,1
481.3946724994215,3,30,0.8445607877645667,0.29130378366082793,0.2816862603703726,0,7.5,2.5,0.2,295.0,0.05,modern_trade,MX-NORTH,promotion,targeted_discount,1
290.9850094281561,4,11,0.729336434762742,0.9083227914846614,0.4209866780495035,1,9.0,0.0,0.25,310.0,0.0,digital,MX-CENTRAL,product_recommendation,promote_core_pack,1
281.80266926059574,2,3,0.7275162861348027,0.4179076137854615,0.7169497983462072,3,18.0,0.0,4.5,0.0,0.0,traditional_trade,MX-CENTRAL,human_followup,sales_visit,1
393.0357050192481,2,4,0.8446922107881134,0.7970759919962489,0.3573628815206027,3,15.5,1.5,0.25,385.0,0.0,digital,CO-ANDES,bundle,premium_bundle,1
237.06036770289273,1,6,0.6679308566231147,0.42123150117779395,0.12662628282433386,3,9.0,0.0,0.25,310.0,0.0,digital,MX-CENTRAL,product_recommendation,promote_core_pack,1
500.0154255058678,9,11,0.8450370702182531,0.6735052793765182,0.14047431470835886,1,15.5,1.5,0.25,385.0,0.0,digital,MX-NORTH,bundle,premium_bundle,1
314.3697267116065,2,27,0.37023202644481057,0.4248203638406154,0.22139235781871888,0,9.0,0.0,0.25,310.0,0.0,modern_trade,BR-SE,product_recommendation,promote_core_pack,1
314.63141406821114,4,5,0.7438292378421383,0.7439802294044062,0.7478652510646696,3,9.0,0.0,0.25,310.0,0.0,traditional_trade,MX-NORTH,product_recommendation,promote_core_pack,1
219.63287621117746,4,11,0.7701223873538929,0.4752989243569413,0.2660437769947843,2,15.5,1.5,0.25,385.0,0.0,digital,MX-CENTRAL,bundle,premium_bundle,0
182.91097852085497,2,1,0.6853722142419665,0.2876111339881028,0.3077007956688893,2,15.5,1.5,0.25,385.0,0.0,traditional_trade,BR-SE,bundle,premium_bundle,1
343.4160972890975,4,30,0.766524480057262,0.5327438010909469,0.16980054054571025,0,7.5,2.5,0.2,295.0,0.05,modern_trade,CO-ANDES,promotion,targeted_discount,1
291.36219757929257,5,21,0.8563693556559927,0.8148833779897457,0.4839511672353456,2,9.0,0.0,0.25,310.0,0.0,modern_trade,CO-ANDES,product_recommendation,promote_core_pack,0
441.3981938520143,2,11,0.5152773795257366,0.6516986365088894,0.658992258634609,1,18.0,0.0,4.5,0.0,0.0,digital,BR-SE,human_followup,sales_visit,1
309.8165084919807,10,13,0.7724161239313895,0.17299023564844201,0.5750638417563045,1,15.5,1.5,0.25,385.0,0.0,modern_trade,CO-ANDES,bundle,premium_bundle,0
240.54312127431183,4,14,0.8461207263728276,0.3534045747948392,0.3000545400547751,3,15.5,1.5,0.25,385.0,0.0,digital,MX-CENTRAL,bundle,premium_bundle,0
276.5342063769742,4,18,0.3971544375226798,0.26251393305484133,0.6502548070064781,2,18.0,0.0,4.5,0.0,0.0,digital,MX-NORTH,human_followup,sales_visit,0
195.08032233999035,5,21,0.5186952652674314,0.14575581101509916,0.35892878878445733,0,18.0,0.0,4.5,0.0,0.0,modern_trade,CO-ANDES,human_followup,sales_visit,1
154.1918874802374,4,27,0.818618843291322,0.823891884360775,0.6929603425735241,0,9.0,0.0,0.25,310.0,0.0,modern_trade,CO-ANDES,product_recommendation,promote_core_pack,0
384.383531123301,2,5,0.7198788971226427,0.39754899178062625,0.5685917103796605,3,7.5,2.5,0.2,295.0,0.05,traditional_trade,BR-SE,promotion,targeted_discount,0
317.30583795377527,12,2,0.8000448987670356,0.6927738598648312,0.6616127477688599,2,7.5,2.5,0.2,295.0,0.05,traditional_trade,CO-ANDES,promotion,targeted_discount,1
284.27561331084576,3,28,0.8449718249487819,0.36310247138893254,0.5191038869101393,0,18.0,0.0,4.5,0.0,0.0,digital,CO-ANDES,human_followup,sales_visit,0
229.3981117688976,6,10,0.4037305667726003,0.08886091729613636,0.08232164299168339,1,7.5,2.5,0.2,295.0,0.05,traditional_trade,MX-NORTH,promotion,targeted_discount,1
381.6084409838512,10,25,0.4624810173896957,0.1986006092385616,0.19200024711106986,0,18.0,0.0,4.5,0.0,0.0,traditional_trade,MX-CENTRAL,human_followup,sales_visit,0
382.3338644477476,5,24,0.9080826252466239,0.05569360858851753,0.5731039139609821,0,7.5,2.5,0.2,295.0,0.05,modern_trade,CO-ANDES,promotion,targeted_discount,0
308.39586986916,4,22,0.549445739099436,0.378870989085357,0.1860670755294458,2,15.5,1.5,0.25,385.0,0.0,modern_trade,BR-SE,bundle,premium_bundle,0
331.67037731511846,6,29,0.2704720361580206,0.727455463444438,0.4537225581384456,1,9.0,0.0,0.25,310.0,0.0,traditional_trade,BR-SE,product_recommendation,promote_core_pack,0
305.0861134170671,4,28,0.8374706399011248,0.5207857343062393,0.33132681794649427,3,9.0,0.0,0.25,310.0,0.0,modern_trade,BR-SE,product_recommendation,promote_core_pack,1
302.974490860605,9,5,0.8006157935597885,0.3820658426976559,0.08420157959963717,0,18.0,0.0,4.5,0.0,0.0,modern_trade,MX-NORTH,human_followup,sales_visit,1
417.8427517960563,5,4,0.38340596976646096,0.7200266118766163,0.5651151054727578,2,7.5,2.5,0.2,295.0,0.05,modern_trade,MX-CENTRAL,promotion,targeted_discount,0
270.37572292547344,12,8,0.6357291592279634,0.4107001084112142,0.6276121391408699,2,7.5,2.5,0.2,295.0,0.05,modern_trade,MX-CENTRAL,promotion,targeted_discount,0
340.08635659411095,4,19,0.6621554621066386,0.4443322082242203,0.17105925936698568,2,9.0,0.0,0.25,310.0,0.0,traditional_trade,MX-NORTH,product_recommendation,promote_core_pack,1
309.32325562669774,7,7,0.9510226115268408,0.45584428461034465,0.45481312725694545,0,7.5,2.5,0.2,295.0,0.05,modern_trade,MX-NORTH,promotion,targeted_discount,1
314.90266605333323,5,15,0.6311135039593173,0.7034727292110577,0.265142064307766,1,9.0,0.0,0.25,310.0,0.0,modern_trade,MX-CENTRAL,product_recommendation,promote_core_pack,1
401.5920775217715,6,5,0.6332324726603639,0.6667613977837389,0.03291346272307743,2,18.0,0.0,4.5,0.0,0.0,digital,MX-CENTRAL,human_followup,sales_visit,1
260.21730261854304,10,28,0.7870671232535323,0.3957765042178417,0.28286703742991715,1,18.0,0.0,4.5,0.0,0.0,traditional_trade,BR-SE,human_followup,sales_visit,1
408.77897950376104,6,16,0.5609276028521842,0.2275752182032429,0.5294172791396816,2,9.0,0.0,0.25,310.0,0.0,modern_trade,MX-CENTRAL,product_recommendation,promote_core_pack,1
308.8951671651755,5,10,0.5575817671960468,0.09452065896538381,0.7887946014180602,2,7.5,2.5,0.2,295.0,0.05,digital,CO-ANDES,promotion,targeted_discount,0
423.9732950695739,8,1,0.8741705872317002,0.5153958752684454,0.44689643023500114,3,9.0,0.0,0.25,310.0,0.0,modern_trade,BR-SE,product_recommendation,promote_core_pack,0
206.48997859785504,7,7,0.7741414401710351,0.8945310337292551,0.23805087770392144,2,18.0,0.0,4.5,0.0,0.0,modern_trade,BR-SE,human_followup,sales_visit,1
228.49747257028514,8,27,0.5686657936885416,0.5820195061059231,0.6346651121097807,3,7.5,2.5,0.2,295.0,0.05,traditional_trade,MX-NORTH,promotion,targeted_discount,0
247.1113787304383,5,30,0.6527439748008957,0.4811041843765868,0.43518620291425997,1,15.5,1.5,0.25,385.0,0.0,modern_trade,CO-ANDES,bundle,premium_bundle,0
393.27870627176713,3,9,0.7269713793102683,0.5535478116116802,0.11843990917329161,1,7.5,2.5,0.2,295.0,0.05,digital,CO-ANDES,promotion,targeted_discount,1
226.24452231023037,4,20,0.7479450760773115,0.4441199810567801,0.45829794084093617,2,7.5,2.5,0.2,295.0,0.05,modern_trade,BR-SE,promotion,targeted_discount,1
312.3995203160579,5,7,0.9727013481559329,0.5260094831327042,0.5223682452646403,3,9.0,0.0,0.25,310.0,0.0,digital,MX-CENTRAL,product_recommendation,promote_core_pack,1
443.77142103239817,6,22,0.7373977201239691,0.5484871640099886,0.23454598141107028,0,7.5,2.5,0.2,295.0,0.05,modern_trade,MX-NORTH,promotion,targeted_discount,1
221.12387684668,8,1,0.7512946771785859,0.28228192570393157,0.47517602965084166,0,9.0,0.0,0.25,310.0,0.0,modern_trade,CO-ANDES,product_recommendation,promote_core_pack,0
372.705912388451,3,23,0.8098812531766513,0.7744274247033388,0.3915024458700831,3,18.0,0.0,4.5,0.0,0.0,digital,BR-SE,human_followup,sales_visit,1
210.02896253541132,5,24,0.6377282473387987,0.24377046017081958,0.11078389020970124,0,7.5,2.5,0.2,295.0,0.05,modern_trade,BR-SE,promotion,targeted_discount,1
506.01404744449286,5,9,0.8417177889101999,0.465101608192957,0.4498249219626326,3,9.0,0.0,0.25,310.0,0.0,digital,MX-CENTRAL,product_recommendation,promote_core_pack,1
232.0199648513855,8,0,0.5219472459455626,0.2568186858869584,0.49418764111512026,0,15.5,1.5,0.25,385.0,0.0,digital,MX-CENTRAL,bundle,premium_bundle,1
264.70541226288424,6,9,0.38151757388738944,0.5071985035841312,0.6956072340930961,3,18.0,0.0,4.5,0.0,0.0,modern_trade,CO-ANDES,human_followup,sales_visit,0
377.4219725321056,3,21,0.789525674836828,0.35417559819317307,0.5332780501460436,1,15.5,1.5,0.25,385.0,0.0,modern_trade,MX-CENTRAL,bundle,premium_bundle,1
335.79234709088234,9,30,0.7727125599066433,0.3669467875583434,0.511473412478239,0,7.5,2.5,0.2,295.0,0.05,modern_trade,MX-NORTH,promotion,targeted_discount,1
171.0306060835846,2,24,0.7360188423390855,0.32675174271498303,0.5843747543404014,1,18.0,0.0,4.5,0.0,0.0,traditional_trade,CO-ANDES,human_followup,sales_visit,0
350.93157242148555,6,8,0.7423467131188392,0.4714093434590096,0.1741129658121504,2,15.5,1.5,0.25,385.0,0.0,traditional_trade,CO-ANDES,bundle,premium_bundle,1
259.1835343961325,6,3,0.8159488889020512,0.7308496361727139,0.4432778866709799,2,9.0,0.0,0.25,310.0,0.0,modern_trade,BR-SE,product_recommendation,promote_core_pack,1
285.9313127896047,3,26,0.693227950307982,0.18368117844082069,0.07242861155628254,2,7.5,2.5,0.2,295.0,0.05,modern_trade,BR-SE,promotion,targeted_discount,0
287.3217250028513,6,28,0.6308596618919601,0.5158829098389774,0.4626984216246432,2,18.0,0.0,4.5,0.0,0.0,digital,MX-NORTH,human_followup,sales_visit,0
345.19242664661334,3,20,0.8896932820846697,0.12185973224555115,0.180454754360842,3,9.0,0.0,0.25,310.0,0.0,traditional_trade,BR-SE,product_recommendation,promote_core_pack,0
339.6554124569285,10,30,0.4131099125763125,0.5170517623345555,0.23155762084101292,1,18.0,0.0,4.5,0.0,0.0,modern_trade,MX-NORTH,human_followup,sales_visit,1
302.7000204622106,6,14,0.9492623016127841,0.5547431297621712,0.19556217649686952,1,15.5,1.5,0.25,385.0,0.0,traditional_trade,BR-SE,bundle,premium_bundle,0
435.2470061709761,4,19,0.6058582935955945,0.4856698567878248,0.3741826888500138,1,9.0,0.0,0.25,310.0,0.0,modern_trade,MX-CENTRAL,product_recommendation,promote_core_pack,1
271.12726166624554,3,17,0.65043948847891,0.3366298803933808,0.3587293041483501,1,15.5,1.5,0.25,385.0,0.0,traditional_trade,MX-NORTH,bundle,premium_bundle,0
306.39861942435397,3,26,0.8105383704973316,0.7104617222404361,0.1514669684156234,0,18.0,0.0,4.5,0.0,0.0,traditional_trade,MX-NORTH,human_followup,sales_visit,1
256.7537032139594,4,5,0.7688086258121014,0.800379271257789,0.44194244346465367,1,15.5,1.5,0.25,385.0,0.0,modern_trade,BR-SE,bundle,premium_bundle,1
283.08333709614215,9,16,0.6208562527930022,0.4542680657370736,0.3736755165105409,0,9.0,0.0,0.25,310.0,0.0,digital,MX-CENTRAL,product_recommendation,promote_core_pack,1
151.3719181249625,6,13,0.7633564543178751,0.3353470356910234,0.32141054945154635,2,9.0,0.0,0.25,310.0,0.0,traditional_trade,CO-ANDES,product_recommendation,promote_core_pack,1
246.88880077957094,4,20,0.818377908372618,0.16689241211065384,0.25978014641884073,1,15.5,1.5,0.25,385.0,0.0,digital,CO-ANDES,bundle,premium_bundle,0
386.9839371045345,6,23,0.5584098766238904,0.8252599729530447,0.25507280074884725,0,15.5,1.5,0.25,385.0,0.0,digital,BR-SE,bundle,premium_bundle,1
340.18457311531256,6,21,0.8162281881521187,0.6086165246992619,0.6573742077029651,2,18.0,0.0,4.5,0.0,0.0,modern_trade,CO-ANDES,human_followup,sales_visit,1
438.9720486229084,5,28,0.5098686228671163,0.6102775778741952,0.18106702071223357,1,9.0,0.0,0.25,310.0,0.0,digital,CO-ANDES,product_recommendation,promote_core_pack,1
285.0447310087996,6,21,0.41284667957871063,0.3602470010368071,0.5196088110938116,1,15.5,1.5,0.25,385.0,0.0,traditional_trade,CO-ANDES,bundle,premium_bundle,1
144.89067076036642,5,26,0.3821605186529178,0.5730331925044827,0.05071864449421085,0,15.5,1.5,0.25,385.0,0.0,traditional_trade,MX-CENTRAL,bundle,premium_bundle,0
341.8948785599754,5,11,0.5040117804780385,0.3425220884426663,0.2674560377759699,1,9.0,0.0,0.25,310.0,0.0,modern_trade,BR-SE,product_recommendation,promote_core_pack,1
529.6300147593212,3,15,0.9273987477343064,0.290217951422453,0.22595199176549238,3,9.0,0.0,0.25,310.0,0.0,traditional_trade,CO-ANDES,product_recommendation,promote_core_pack,1
285.76590252990206,4,14,0.6331343794710437,0.5062970515901543,0.6270495038886107,0,15.5,1.5,0.25,385.0,0.0,traditional_trade,MX-NORTH,bundle,premium_bundle,1
410.4459174922038,6,18,0.792169348209575,0.19101254092685555,0.1161303118092579,3,7.5,2.5,0.2,295.0,0.05,digital,MX-CENTRAL,promotion,targeted_discount,0
343.6384999002676,3,3,0.6132492117516847,0.5728232512661244,0.1457360767575536,1,7.5,2.5,0.2,295.0,0.05,digital,CO-ANDES,promotion,targeted_discount,1
185.85228571359426,3,12,0.7179738339993047,0.44855109873031246,0.394341629189694,0,15.5,1.5,0.25,385.0,0.0,traditional_trade,MX-NORTH,bundle,premium_bundle,0
260.4728623334471,6,24,0.4803888572884619,0.467771240291784,0.8773501601507626,2,9.0,0.0,0.25,310.0,0.0,digital,MX-CENTRAL,product_recommendation,promote_core_pack,0
157.71299303737285,5,21,0.8822703821196226,0.6609034762170006,0.8518261097537044,0,9.0,0.0,0.25,310.0,0.0,modern_trade,MX-NORTH,product_recommendation,promote_core_pack,0
248.09306196761145,5,10,0.7254962701481855,0.5461460020361454,0.6010975348008223,0,9.0,0.0,0.25,310.0,0.0,traditional_trade,CO-ANDES,product_recommendation,promote_core_pack,0
192.64594264770957,1,7,0.7702599619755139,0.13940915730318237,0.2213971425040491,1,18.0,0.0,4.5,0.0,0.0,traditional_trade,MX-CENTRAL,human_followup,sales_visit,0
335.1231008838737,9,7,0.9126471725848438,0.36460304469969146,0.3436201695830803,2,18.0,0.0,4.5,0.0,0.0,modern_trade,BR-SE,human_followup,sales_visit,0
345.1983252882232,6,3,0.6365284110682116,0.4335664197650989,0.27117562536626805,2,9.0,0.0,0.25,310.0,0.0,traditional_trade,BR-SE,product_recommendation,promote_core_pack,1
406.47526585585473,4,14,0.7173423024538735,0.5976688024710919,0.42224550995850896,1,15.5,1.5,0.25,385.0,0.0,digital,BR-SE,bundle,premium_bundle,1
311.19876653460864,2,3,0.4975692716142131,0.6700712375175146,0.47869108088493245,3,9.0,0.0,0.25,310.0,0.0,digital,CO-ANDES,product_recommendation,promote_core_pack,0
269.4548539020311,3,0,0.8459336374997336,0.3468167795807394,0.25700385957630045,0,7.5,2.5,0.2,295.0,0.05,digital,CO-ANDES,promotion,targeted_discount,1
306.36751683245836,5,17,0.8842595125526361,0.2720088004486784,0.8767422885357689,1,9.0,0.0,0.25,310.0,0.0,modern_trade,MX-CENTRAL,product_recommendation,promote_core_pack,0
441.12660771675644,2,14,0.7914622473779829,0.5142861568144542,0.3222132875674822,1,15.5,1.5,0.25,385.0,0.0,modern_trade,BR-SE,bundle,premium_bundle,0
257.04214809906784,6,12,0.8343186579601923,0.5520981842152383,0.11962834141665533,3,18.0,0.0,4.5,0.0,0.0,modern_trade,BR-SE,human_followup,sales_visit,1
245.75332023120734,10,26,0.7885867685003505,0.5503228375177623,0.44133076535596905,1,18.0,0.0,4.5,0.0,0.0,modern_trade,MX-CENTRAL,human_followup,sales_visit,1
261.35704222260574,3,9,0.8818886917339094,0.20397130315307166,0.5107123414222655,1,7.5,2.5,0.2,295.0,0.05,traditional_trade,MX-NORTH,promotion,targeted_discount,0
232.06628201124062,4,9,0.6275659896476659,0.492237419584357,0.18415981073587176,2,18.0,0.0,4.5,0.0,0.0,digital,BR-SE,human_followup,sales_visit,0
303.2692048452706,3,0,0.6467289855062297,0.24060794740388108,0.4775058267615174,3,15.5,1.5,0.25,385.0,0.0,traditional_trade,MX-NORTH,bundle,premium_bundle,0
175.93319932663124,8,16,0.7062467009720037,0.2910632559322018,0.5672247422363307,1,7.5,2.5,0.2,295.0,0.05,modern_trade,MX-CENTRAL,promotion,targeted_discount,0
345.33438175273693,3,2,0.4079746280246518,0.3959969931798178,0.5569410499420948,2,9.0,0.0,0.25,310.0,0.0,digital,MX-CENTRAL,product_recommendation,promote_core_pack,0
298.75203487554603,4,23,0.11620258416502642,0.3354635771922309,0.8691140426732404,2,7.5,2.5,0.2,295.0,0.05,digital,BR-SE,promotion,targeted_discount,0
322.28634579833636,4,8,0.7906831628930684,0.8709984998437945,0.7180844209030274,1,18.0,0.0,4.5,0.0,0.0,traditional_trade,CO-ANDES,human_followup,sales_visit,1
366.02225845948203,6,5,0.8738868797343191,0.2876101571547697,0.35474495343382084,3,7.5,2.5,0.2,295.0,0.05,traditional_trade,BR-SE,promotion,targeted_discount,1
283.1032049722211,5,15,0.9061228084540925,0.24001362076359808,0.6474756587118586,1,9.0,0.0,0.25,310.0,0.0,traditional_trade,CO-ANDES,product_recommendation,promote_core_pack,0
265.9258007325327,8,27,0.6463383118893425,0.5736123551156026,0.16282369723549484,1,15.5,1.5,0.25,385.0,0.0,digital,BR-SE,bundle,premium_bundle,0
324.2703886018284,4,24,0.8760008762766596,0.631948334294694,0.45807642659159503,0,9.0,0.0,0.25,310.0,0.0,traditional_trade,MX-NORTH,product_recommendation,promote_core_pack,1
387.02690085994357,2,30,0.5802820345743436,0.5945183512343696,0.30014545814437094,0,9.0,0.0,0.25,310.0,0.0,traditional_trade,MX-CENTRAL,product_recommendation,promote_core_pack,1
212.8056075667384,5,11,0.6358468855172801,0.7507941748654405,0.14916087530837702,3,15.5,1.5,0.25,385.0,0.0,digital,BR-SE,bundle,premium_bundle,0
401.7606598897207,3,28,0.624308378300508,0.12837793109824605,0.349003194937694,1,15.5,1.5,0.25,385.0,0.0,digital,BR-SE,bundle,premium_bundle,1
220.13731063779096,6,15,0.8448881208546819,0.6240679437163024,0.5290348681753068,1,18.0,0.0,4.5,0.0,0.0,digital,CO-ANDES,human_followup,sales_visit,1
246.41690861404948,9,7,0.5418494471662364,0.6433151675492906,0.31538068584478735,2,15.5,1.5,0.25,385.0,0.0,traditional_trade,MX-CENTRAL,bundle,premium_bundle,0
273.10927140368227,5,18,0.6317359139038797,0.3117879029090135,0.330337749150969,2,9.0,0.0,0.25,310.0,0.0,traditional_trade,MX-CENTRAL,product_recommendation,promote_core_pack,1
256.67920503275997,6,12,0.8405236506898105,0.49421739686697486,0.6002290352145184,0,15.5,1.5,0.25,385.0,0.0,digital,MX-NORTH,bundle,premium_bundle,0
294.93100976609185,5,9,0.6794749934431576,0.627176730619323,0.09120288936213208,1,15.5,1.5,0.25,385.0,0.0,traditional_trade,CO-ANDES,bundle,premium_bundle,0
334.66742812391146,6,9,0.585297664963796,0.30290492623592175,0.3281378153104757,1,9.0,0.0,0.25,310.0,0.0,traditional_trade,MX-NORTH,product_recommendation,promote_core_pack,0
343.89536439332113,6,8,0.3015183494042972,0.35196666645898367,0.13086038171103773,3,18.0,0.0,4.5,0.0,0.0,traditional_trade,MX-CENTRAL,human_followup,sales_visit,0
347.5792372194721,4,30,0.5444754828960877,0.7324903153653474,0.5716503423156093,2,18.0,0.0,4.5,0.0,0.0,modern_trade,MX-CENTRAL,human_followup,sales_visit,0
240.80266872854293,8,25,0.7301033039190888,0.19891036845566146,0.38055974746364424,0,7.5,2.5,0.2,295.0,0.05,modern_trade,BR-SE,promotion,targeted_discount,1
192.90432290525706,5,16,0.6369795109469103,0.3548812390286377,0.7715206596535145,3,7.5,2.5,0.2,295.0,0.05,modern_trade,BR-SE,promotion,targeted_discount,1
411.13235236618544,1,17,0.6595599037176167,0.22572759874524917,0.4591816618310837,0,18.0,0.0,4.5,0.0,0.0,traditional_trade,BR-SE,human_followup,sales_visit,0
265.0641058584191,8,27,0.9038878771355747,0.727034937205126,0.6766463739977814,2,18.0,0.0,4.5,0.0,0.0,digital,CO-ANDES,human_followup,sales_visit,1
292.2574782269664,3,13,0.6800803170218856,0.5369377558365349,0.26661107646031607,0,9.0,0.0,0.25,310.0,0.0,modern_trade,BR-SE,product_recommendation,promote_core_pack,1
264.4087610724298,6,20,0.6913170376663278,0.7537507659583901,0.3412345821866022,1,9.0,0.0,0.25,310.0,0.0,digital,BR-SE,product_recommendation,promote_core_pack,1
386.6386372856671,2,11,0.3649274612428247,0.2270165618590822,0.3987133729014881,2,18.0,0.0,4.5,0.0,0.0,modern_trade,MX-CENTRAL,human_followup,sales_visit,0
455.6701596955176,1,4,0.8826042777433277,0.48167077723482593,0.3129762250570037,0,15.5,1.5,0.25,385.0,0.0,traditional_trade,MX-NORTH,bundle,premium_bundle,0
192.95992224536528,5,4,0.7744724043826506,0.19702041498990702,0.06546973096300118,3,9.0,0.0,0.25,310.0,0.0,modern_trade,CO-ANDES,product_recommendation,promote_core_pack,1
546.2527423482716,4,17,0.8168951040970542,0.3832392463435537,0.5103138115247731,0,9.0,0.0,0.25,310.0,0.0,traditional_trade,MX-CENTRAL,product_recommendation,promote_core_pack,1
169.40475141977706,3,9,0.5527348031372055,0.6229523174593082,0.13058466017120898,0,15.5,1.5,0.25,385.0,0.0,modern_trade,MX-NORTH,bundle,premium_bundle,1
364.2253466832981,4,21,0.4898733690754889,0.5030196880472422,0.2832785595489458,0,9.0,0.0,0.25,310.0,0.0,modern_trade,BR-SE,product_recommendation,promote_core_pack,1
342.83296029296844,6,19,0.7100491806200833,0.4664241608693621,0.30659800491901323,1,7.5,2.5,0.2,295.0,0.05,modern_trade,BR-SE,promotion,targeted_discount,1
211.86394778934283,5,3,0.9026770238336014,0.7192728867736492,0.14374307251907995,2,18.0,0.0,4.5,0.0,0.0,digital,MX-CENTRAL,human_followup,sales_visit,1
383.0588936675612,5,11,0.5455355750225613,0.09753712892896693,0.4340830286685684,3,7.5,2.5,0.2,295.0,0.05,modern_trade,CO-ANDES,promotion,targeted_discount,0
283.6224767454771,8,13,0.9222089222527525,0.05668608213597908,0.223411359967389,2,15.5,1.5,0.25,385.0,0.0,digital,MX-NORTH,bundle,premium_bundle,1
495.4919459620911,5,7,0.8629094976721762,0.7656185297139415,0.142773610136938,1,7.5,2.5,0.2,295.0,0.05,traditional_trade,BR-SE,promotion,targeted_discount,1
370.2201712352763,5,28,0.5423856119764502,0.2573692273009243,0.12960907431526866,1,15.5,1.5,0.25,385.0,0.0,digital,BR-SE,bundle,premium_bundle,0
81.35812165112984,2,21,0.30698807366292213,0.4706365714928223,0.11562615200920599,1,7.5,2.5,0.2,295.0,0.05,traditional_trade,MX-NORTH,promotion,targeted_discount,0
255.82588042125272,7,17,0.8721550089612371,0.4592575169823435,0.3575829951294425,3,7.5,2.5,0.2,295.0,0.05,modern_trade,CO-ANDES,promotion,targeted_discount,1
278.79679706317546,5,13,0.14070314401318487,0.21836728942650765,0.12603780038405132,0,7.5,2.5,0.2,295.0,0.05,digital,MX-NORTH,promotion,targeted_discount,1
253.11129460798253,6,17,0.9389042966660088,0.20299294899147596,0.1922026287634651,0,7.5,2.5,0.2,295.0,0.05,traditional_trade,MX-CENTRAL,promotion,targeted_discount,1
260.71796966069417,3,30,0.9615846782449289,0.3915281236370184,0.3136783265791612,3,9.0,0.0,0.25,310.0,0.0,modern_trade,MX-CENTRAL,product_recommendation,promote_core_pack,1
354.5446569199068,3,13,0.49297630583140134,0.8285240953677772,0.8421953320929347,1,15.5,1.5,0.25,385.0,0.0,digital,MX-CENTRAL,bundle,premium_bundle,0
363.5431137582382,3,3,0.7421320723491086,0.1874375158637361,0.16324902628524668,1,18.0,0.0,4.5,0.0,0.0,traditional_trade,MX-CENTRAL,human_followup,sales_visit,1
239.70302743462614,6,10,0.8209102095466654,0.42313424477574063,0.30551541754660094,1,9.0,0.0,0.25,310.0,0.0,modern_trade,CO-ANDES,product_recommendation,promote_core_pack,0
393.9660455198313,4,24,0.6130188347157178,0.5010210262721473,0.5840699979028124,1,7.5,2.5,0.2,295.0,0.05,digital,BR-SE,promotion,targeted_discount,1
513.8008951334526,7,23,0.5972363131321157,0.5578413611436882,0.5623192908732306,2,9.0,0.0,0.25,310.0,0.0,modern_trade,MX-CENTRAL,product_recommendation,promote_core_pack,1
364.0161517373195,3,21,0.8752629267635512,0.3287835817369946,0.26814315656294013,3,18.0,0.0,4.5,0.0,0.0,modern_trade,BR-SE,human_followup,sales_visit,1
404.65970536429785,3,18,0.7704115920548249,0.6536439798430353,0.5038235674116301,0,15.5,1.5,0.25,385.0,0.0,digital,MX-NORTH,bundle,premium_bundle,0
344.88863997467087,3,29,0.6145514760896593,0.11491452654313555,0.646695411274303,3,15.5,1.5,0.25,385.0,0.0,traditional_trade,MX-NORTH,bundle,premium_bundle,1
94.51842943288958,6,0,0.8222458435739592,0.2670336632761729,0.37939628524778907,2,7.5,2.5,0.2,295.0,0.05,traditional_trade,BR-SE,promotion,targeted_discount,1
271.09589460592736,7,30,0.5547143244510314,0.46914090483419735,0.4901518896396355,0,18.0,0.0,4.5,0.0,0.0,modern_trade,MX-NORTH,human_followup,sales_visit,0
215.65896983401763,2,13,0.5845497728959048,0.41151113231795455,0.6636465479718917,0,9.0,0.0,0.25,310.0,0.0,digital,MX-NORTH,product_recommendation,promote_core_pack,0
520.7447512538054,4,26,0.4683378713955362,0.28061269011117435,0.32045850670220405,1,15.5,1.5,0.25,385.0,0.0,traditional_trade,CO-ANDES,bundle,premium_bundle,0
214.4315717132718,7,21,0.6204751946732382,0.36864880043893306,0.2904198844675262,3,15.5,1.5,0.25,385.0,0.0,modern_trade,MX-CENTRAL,bundle,premium_bundle,1
379.9661433687696,6,11,0.5358045188208616,0.4363850723256488,0.3420704361601314,0,18.0,0.0,4.5,0.0,0.0,digital,CO-ANDES,human_followup,sales_visit,0
361.9368078701524,8,5,0.17446803852103862,0.6529636104168105,0.4225502812438788,1,7.5,2.5,0.2,295.0,0.05,modern_trade,MX-CENTRAL,promotion,targeted_discount,0
296.5675920883838,9,28,0.8065589213693726,0.37238880794576945,0.4946345163457755,1,7.5,2.5,0.2,295.0,0.05,traditional_trade,MX-NORTH,promotion,targeted_discount,1
214.36112324881975,3,24,0.37202000112792094,0.556160808130661,0.7616701229130939,0,7.5,2.5,0.2,295.0,0.05,traditional_trade,CO-ANDES,promotion,targeted_discount,0
314.69380323085596,1,18,0.5817448747565181,0.32518275925198437,0.4491759100256231,3,9.0,0.0,0.25,310.0,0.0,digital,CO-ANDES,product_recommendation,promote_core_pack,0
187.7327171243076,4,6,0.8720413328982614,0.6713925239217385,0.48796739886004653,3,15.5,1.5,0.25,385.0,0.0,modern_trade,CO-ANDES,bundle,premium_bundle,0
307.5870091140624,4,21,0.6318658804122259,0.20463054756419935,0.35924137546883866,2,15.5,1.5,0.25,385.0,0.0,traditional_trade,MX-NORTH,bundle,premium_bundle,0
415.49388284121983,6,7,0.39201526442028617,0.3969196068567649,0.35915312052109616,2,9.0,0.0,0.25,310.0,0.0,modern_trade,BR-SE,product_recommendation,promote_core_pack,0
304.3744751993813,8,14,0.6396974698794912,0.5284511272082963,0.5770502648218967,3,15.5,1.5,0.25,385.0,0.0,modern_trade,BR-SE,bundle,premium_bundle,1
272.1991624187623,3,20,0.7244053024368565,0.42803468536652284,0.29558413941795925,3,9.0,0.0,0.25,310.0,0.0,modern_trade,BR-SE,product_recommendation,promote_core_pack,1
326.1438222574062,6,9,0.512685622724384,0.670507663924993,0.27912360517412294,1,18.0,0.0,4.5,0.0,0.0,modern_trade,CO-ANDES,human_followup,sales_visit,0
326.6146081353254,3,13,0.6701999299801569,0.3460212703974078,0.07301281084983775,0,9.0,0.0,0.25,310.0,0.0,traditional_trade,CO-ANDES,product_recommendation,promote_core_pack,1
228.24167860526515,6,6,0.7567994662323865,0.4946867394147418,0.39254056780184526,0,18.0,0.0,4.5,0.0,0.0,digital,CO-ANDES,human_followup,sales_visit,1
249.83438284232085,4,5,0.5973595297680275,0.397428625889284,0.2741155544212418,3,7.5,2.5,0.2,295.0,0.05,digital,MX-CENTRAL,promotion,targeted_discount,1
319.36289128850814,6,27,0.7112722455484134,0.774562163277905,0.10646684757847832,2,7.5,2.5,0.2,295.0,0.05,traditional_trade,CO-ANDES,promotion,targeted_discount,1
276.85217647290847,3,30,0.7585900640268424,0.17659772525156675,0.5495113407188899,0,18.0,0.0,4.5,0.0,0.0,digital,MX-NORTH,human_followup,sales_visit,0
316.97648651987475,4,26,0.6874959305998973,0.45843384406792603,0.5963271400109046,3,18.0,0.0,4.5,0.0,0.0,traditional_trade,MX-NORTH,human_followup,sales_visit,0
244.6234655295924,6,24,0.8465783171025175,0.8727906965960118,0.46781786406176346,2,18.0,0.0,4.5,0.0,0.0,modern_trade,MX-CENTRAL,human_followup,sales_visit,0
408.2212975248888,7,18,0.5167154142757563,0.6822683048229777,0.567667344815464,2,7.5,2.5,0.2,295.0,0.05,traditional_trade,MX-CENTRAL,promotion,targeted_discount,0
371.77555862839534,3,18,0.5841818049901045,0.312393117430173,0.20346838590170188,0,18.0,0.0,4.5,0.0,0.0,digital,CO-ANDES,human_followup,sales_visit,0
296.26789684739947,3,15,0.7601973829131274,0.11851336670894197,0.45845242976021944,1,18.0,0.0,4.5,0.0,0.0,modern_trade,MX-CENTRAL,human_followup,sales_visit,1
155.82807175564716,5,11,0.5364402809694295,0.4221189281613167,0.41390752138026365,0,18.0,0.0,4.5,0.0,0.0,traditional_trade,CO-ANDES,human_followup,sales_visit,1
300.2335030675663,7,22,0.5211978907851377,0.017282925718678035,0.4144308659480009,0,9.0,0.0,0.25,310.0,0.0,traditional_trade,BR-SE,product_recommendation,promote_core_pack,1
338.1348061773702,2,16,0.7297957771904302,0.350046521803147,0.35750259163444453,1,7.5,2.5,0.2,295.0,0.05,traditional_trade,MX-NORTH,promotion,targeted_discount,0
245.24070706961172,9,5,0.7503070826984518,0.09545642202702487,0.8119442083593991,0,9.0,0.0,0.25,310.0,0.0,modern_trade,CO-ANDES,product_recommendation,promote_core_pack,0
386.54852262511224,6,30,0.7882741544699033,0.39429465144044906,0.18502115887621426,3,7.5,2.5,0.2,295.0,0.05,traditional_trade,BR-SE,promotion,targeted_discount,0
338.3829820450012,6,15,0.7075074986868997,0.4038056899655492,0.3598662614305123,1,7.5,2.5,0.2,295.0,0.05,modern_trade,CO-ANDES,promotion,targeted_discount,1
378.60805252749986,3,28,0.8218399803545138,0.16580347832173672,0.09603627558772897,0,15.5,1.5,0.25,385.0,0.0,traditional_trade,MX-NORTH,bundle,premium_bundle,1
237.01040002107658,6,20,0.5990987447409716,0.6310085704727637,0.3899831339308524,1,15.5,1.5,0.25,385.0,0.0,traditional_trade,MX-CENTRAL,bundle,premium_bundle,1
413.1199247674091,0,21,0.4331047874010428,0.17984736168825288,0.37251862566371163,1,7.5,2.5,0.2,295.0,0.05,traditional_trade,CO-ANDES,promotion,targeted_discount,0
222.24250388070118,8,28,0.490448382617573,0.48260444920339796,0.2839250109820673,2,18.0,0.0,4.5,0.0,0.0,digital,MX-CENTRAL,human_followup,sales_visit,0
421.0548559602432,3,28,0.6772863108288637,0.49708558805370956,0.2883411924928662,0,18.0,0.0,4.5,0.0,0.0,modern_trade,CO-ANDES,human_followup,sales_visit,1
391.25736386238583,4,23,0.39413664286142164,0.317216666660435,0.021571125336944857,0,15.5,1.5,0.25,385.0,0.0,modern_trade,MX-CENTRAL,bundle,premium_bundle,1
333.07996464589604,8,2,0.4263722694361265,0.5889309278402955,0.5019633183418543,2,7.5,2.5,0.2,295.0,0.05,traditional_trade,CO-ANDES,promotion,targeted_discount,1
385.0749884651102,8,21,0.7762377533157746,0.832156177347717,0.6330966827503067,3,7.5,2.5,0.2,295.0,0.05,modern_trade,BR-SE,promotion,targeted_discount,1
317.0499726767919,5,8,0.4322509892388259,0.38366451851361344,0.4324672575708431,0,15.5,1.5,0.25,385.0,0.0,traditional_trade,MX-CENTRAL,bundle,premium_bundle,0
232.99963358544613,8,21,0.3743809347789704,0.6441157134003554,0.5351969158459527,3,9.0,0.0,0.25,310.0,0.0,traditional_trade,MX-NORTH,product_recommendation,promote_core_pack,0
393.44553885863564,5,29,0.5666329895338426,0.3989776600789018,0.2993648712191627,2,18.0,0.0,4.5,0.0,0.0,digital,MX-NORTH,human_followup,sales_visit,0
411.22026715880986,3,9,0.55765302342229,0.499219598084409,0.47109381672416595,1,9.0,0.0,0.25,310.0,0.0,digital,MX-CENTRAL,product_recommendation,promote_core_pack,1
416.50899228759397,2,21,0.7042432011264501,0.22319746511153896,0.15970265452240598,0,9.0,0.0,0.25,310.0,0.0,modern_trade,CO-ANDES,product_recommendation,promote_core_pack,0
289.8527069821013,6,27,0.3022463287750484,0.5264453349123517,0.44939089253359443,1,7.5,2.5,0.2,295.0,0.05,digital,CO-ANDES,promotion,targeted_discount,1
365.85020058878223,3,14,0.40269206049547523,0.3107693614398536,0.8603720242261635,0,18.0,0.0,4.5,0.0,0.0,digital,CO-ANDES,human_followup,sales_visit,0
409.47701189017494,5,17,0.9417152221081343,0.4427176008344538,0.338818137054356,1,9.0,0.0,0.25,310.0,0.0,digital,MX-NORTH,product_recommendation,promote_core_pack,1
270.7927982145986,4,5,0.8964039412152932,0.85039181834873,0.03301888697915708,3,7.5,2.5,0.2,295.0,0.05,traditional_trade,MX-NORTH,promotion,targeted_discount,1
284.12057732189714,4,6,0.5417562356592724,0.403548409909767,0.1934674450448634,0,15.5,1.5,0.25,385.0,0.0,digital,MX-NORTH,bundle,premium_bundle,1
418.84739420984937,5,1,0.7276177281007503,0.2170679545705094,0.23425603745431417,1,7.5,2.5,0.2,295.0,0.05,modern_trade,BR-SE,promotion,targeted_discount,0
225.36569281795187,8,6,0.45413753913158816,0.2662815103883373,0.33262560256919854,3,9.0,0.0,0.25,310.0,0.0,modern_trade,CO-ANDES,product_recommendation,promote_core_pack,1
430.54814364768356,2,24,0.5627000132858396,0.6688708455479934,0.3803436599696192,1,7.5,2.5,0.2,295.0,0.05,traditional_trade,MX-NORTH,promotion,targeted_discount,1
276.009343401266,7,16,0.6400303890100846,0.974666258085929,0.23860733612673843,3,7.5,2.5,0.2,295.0,0.05,modern_trade,MX-CENTRAL,promotion,targeted_discount,1
201.47889589108308,8,29,0.7801678535748868,0.6973592313448872,0.6798207820072285,2,18.0,0.0,4.5,0.0,0.0,modern_trade,MX-NORTH,human_followup,sales_visit,0
372.95359217735717,5,24,0.8748970745855695,0.2888904415933898,0.5107619403286576,2,9.0,0.0,0.25,310.0,0.0,digital,BR-SE,product_recommendation,promote_core_pack,0
428.1351518974688,3,0,0.6060618922229769,0.1172387289404916,0.43018789312148853,2,15.5,1.5,0.25,385.0,0.0,modern_trade,BR-SE,bundle,premium_bundle,0
339.20661223939135,3,23,0.7796799680666276,0.6270182756783478,0.772528632181396,1,18.0,0.0,4.5,0.0,0.0,traditional_trade,CO-ANDES,human_followup,sales_visit,0
339.3698525528925,4,0,0.4769553047606105,0.39702642385371845,0.1896776872369044,2,15.5,1.5,0.25,385.0,0.0,modern_trade,MX-NORTH,bundle,premium_bundle,0
308.88866530110016,8,24,0.6694986668656783,0.6772771383727259,0.46790745390313104,1,9.0,0.0,0.25,310.0,0.0,digital,BR-SE,product_recommendation,promote_core_pack,0
478.4881149973915,4,20,0.666867943519192,0.28441968880826923,0.7150605309829946,0,7.5,2.5,0.2,295.0,0.05,traditional_trade,CO-ANDES,promotion,targeted_discount,1
293.0066931991545,4,1,0.8295316679135345,0.33274948129462817,0.11896126056712801,1,9.0,0.0,0.25,310.0,0.0,digital,BR-SE,product_recommendation,promote_core_pack,1
330.8617038284135,2,7,0.7536110158766796,0.7157955021543829,0.7331264128512082,3,18.0,0.0,4.5,0.0,0.0,modern_trade,MX-NORTH,human_followup,sales_visit,1
363.73253987320464,6,30,0.8817437072361383,0.2002002790472375,0.570903145266261,2,18.0,0.0,4.5,0.0,0.0,modern_trade,BR-SE,human_followup,sales_visit,0
372.09412049541515,8,1,0.7402272586650338,0.12449788244789467,0.4448079515114173,2,18.0,0.0,4.5,0.0,0.0,modern_trade,MX-NORTH,human_followup,sales_visit,1
303.35086756881987,2,16,0.8166460841794466,0.5625364811534561,0.5071098582804899,0,7.5,2.5,0.2,295.0,0.05,modern_trade,MX-NORTH,promotion,targeted_discount,1
401.9427511052711,7,22,0.29226007096903134,0.03467419400337927,0.7537332266032534,1,15.5,1.5,0.25,385.0,0.0,traditional_trade,MX-CENTRAL,bundle,premium_bundle,1
412.3126661335431,8,5,0.5278980475107272,0.42065855909907635,0.42732552986666267,3,7.5,2.5,0.2,295.0,0.05,traditional_trade,MX-CENTRAL,promotion,targeted_discount,0
551.8183109971651,4,22,0.9372860060037753,0.12847137999222322,0.42269239470044373,1,15.5,1.5,0.25,385.0,0.0,traditional_trade,BR-SE,bundle,premium_bundle,1
401.5799718434491,6,8,0.41954464554520626,0.4689697471406481,0.6090846675903667,2,7.5,2.5,0.2,295.0,0.05,digital,MX-CENTRAL,promotion,targeted_discount,0
276.90995544557575,5,17,0.697271339942486,0.3936898500573775,0.29221219849394575,0,18.0,0.0,4.5,0.0,0.0,traditional_trade,BR-SE,human_followup,sales_visit,1
510.7380741076915,4,24,0.9140319430577463,0.5889214400621459,0.398259002100805,2,9.0,0.0,0.25,310.0,0.0,traditional_trade,MX-CENTRAL,product_recommendation,promote_core_pack,1
309.9604303219784,2,16,0.5035199124219741,0.55172598363626,0.6023717031420257,2,7.5,2.5,0.2,295.0,0.05,modern_trade,BR-SE,promotion,targeted_discount,0
233.67661468174896,5,23,0.8885958721652992,0.5542782737224692,0.37377733810619806,1,18.0,0.0,4.5,0.0,0.0,digital,CO-ANDES,human_followup,sales_visit,0
429.50998578700063,6,7,0.9166901751997477,0.7786240257529011,0.2695336909038414,2,7.5,2.5,0.2,295.0,0.05,digital,MX-NORTH,promotion,targeted_discount,0
335.65618528195637,6,6,0.6964245728258296,0.4102442592422377,0.16960688870226415,3,7.5,2.5,0.2,295.0,0.05,modern_trade,BR-SE,promotion,targeted_discount,0
323.2402560556874,4,2,0.9340402726639073,0.4906170143558432,0.7770652471735332,0,9.0,0.0,0.25,310.0,0.0,digital,MX-NORTH,product_recommendation,promote_core_pack,1
361.00452298039346,6,13,0.6575552700668204,0.4802762595766724,0.3617249424534116,3,15.5,1.5,0.25,385.0,0.0,digital,MX-CENTRAL,bundle,premium_bundle,0
372.87329261440186,7,30,0.9216736227493645,0.6556437378530339,0.801294527687028,0,7.5,2.5,0.2,295.0,0.05,traditional_trade,BR-SE,promotion,targeted_discount,1
356.83521695468863,6,10,0.36249348474429205,0.5896196612522269,0.16971505425426017,3,7.5,2.5,0.2,295.0,0.05,digital,CO-ANDES,promotion,targeted_discount,0
251.04349897564288,2,12,0.9137968623549076,0.6395975831104961,0.13263465836784102,1,15.5,1.5,0.25,385.0,0.0,digital,BR-SE,bundle,premium_bundle,1
262.8975964349709,2,19,0.9031328589403125,0.3715555911956701,0.3584682028069142,1,9.0,0.0,0.25,310.0,0.0,modern_trade,MX-CENTRAL,product_recommendation,promote_core_pack,1
360.7298160960558,3,19,0.746105492739819,0.3274316496088054,0.8138992884963796,0,15.5,1.5,0.25,385.0,0.0,traditional_trade,CO-ANDES,bundle,premium_bundle,0
340.12144452258974,5,18,0.7195842274087111,0.5915332839706863,0.3025764818497562,2,18.0,0.0,4.5,0.0,0.0,traditional_trade,MX-CENTRAL,human_followup,sales_visit,1
384.4867343978143,8,4,0.9296130626729596,0.3525502588717808,0.48471729528932483,0,18.0,0.0,4.5,0.0,0.0,traditional_trade,BR-SE,human_followup,sales_visit,1
427.44217480961953,6,12,0.8528848657565473,0.42974493316015466,0.2903146619391072,1,7.5,2.5,0.2,295.0,0.05,digital,MX-NORTH,promotion,targeted_discount,0
318.584856144625,4,19,0.9675662778962669,0.5472637893479905,0.3001217767166933,0,7.5,2.5,0.2,295.0,0.05,modern_trade,CO-ANDES,promotion,targeted_discount,0
405.6984210232828,8,12,0.8210971901235343,0.3594619474117681,0.10364674327682985,3,18.0,0.0,4.5,0.0,0.0,modern_trade,BR-SE,human_followup,sales_visit,1
375.471625744059,6,10,0.6424476560389293,0.7587729605443321,0.49200418883045893,2,9.0,0.0,0.25,310.0,0.0,modern_trade,BR-SE,product_recommendation,promote_core_pack,0
263.6290039630977,6,10,0.8634765432830893,0.5557323914044013,0.3257211315245702,3,7.5,2.5,0.2,295.0,0.05,digital,MX-NORTH,promotion,targeted_discount,0
345.98252582916956,4,6,0.648170380147626,0.3656468455178359,0.45664934244501515,3,7.5,2.5,0.2,295.0,0.05,modern_trade,CO-ANDES,promotion,targeted_discount,1
388.1793216521147,3,7,0.9017359083563639,0.16096727737040287,0.37624352875570777,2,15.5,1.5,0.25,385.0,0.0,modern_trade,MX-CENTRAL,bundle,premium_bundle,1
289.1304206290954,2,18,0.3244853054215803,0.453551043511658,0.6951907872862637,0,18.0,0.0,4.5,0.0,0.0,traditional_trade,MX-NORTH,human_followup,sales_visit,0
345.6539725009406,5,22,0.7750364910003562,0.7921726712050133,0.23659533080214112,3,15.5,1.5,0.25,385.0,0.0,digital,BR-SE,bundle,premium_bundle,0
364.32699609743383,5,16,0.7407293739353308,0.8388558414133,0.8178111757434615,0,15.5,1.5,0.25,385.0,0.0,modern_trade,MX-NORTH,bundle,premium_bundle,1
276.4079711364276,3,16,0.4826143332341696,0.5450955365544633,0.3886746666137932,3,18.0,0.0,4.5,0.0,0.0,traditional_trade,BR-SE,human_followup,sales_visit,1
187.00056248513718,2,27,0.5750468739598108,0.6716445145159663,0.5075367709941832,0,7.5,2.5,0.2,295.0,0.05,digital,MX-CENTRAL,promotion,targeted_discount,0
279.1164346110521,3,12,0.6180452833887203,0.5321226990437911,0.5183853883393948,3,9.0,0.0,0.25,310.0,0.0,traditional_trade,MX-NORTH,product_recommendation,promote_core_pack,0
374.1378615879998,5,26,0.6287997046478365,0.6519475224075116,0.6441330314494451,1,18.0,0.0,4.5,0.0,0.0,modern_trade,MX-CENTRAL,human_followup,sales_visit,0
311.0682000498504,7,21,0.7024875707086613,0.3299113337967735,0.34714879997082027,1,15.5,1.5,0.25,385.0,0.0,traditional_trade,BR-SE,bundle,premium_bundle,1
370.31514746472936,4,0,0.7003207489843204,0.29702693707203354,0.07953436684576873,1,9.0,0.0,0.25,310.0,0.0,modern_trade,MX-CENTRAL,product_recommendation,promote_core_pack,0
412.56463048469027,10,3,0.6289852592717404,0.49767040552140424,0.5290283261097768,3,7.5,2.5,0.2,295.0,0.05,digital,MX-NORTH,promotion,targeted_discount,0
366.3966064855203,6,11,0.5647258539551447,0.4682830411108058,0.20635634603149047,3,7.5,2.5,0.2,295.0,0.05,traditional_trade,MX-NORTH,promotion,targeted_discount,0
275.88476020095675,3,10,0.5507951941047664,0.6785146761390564,0.17525377612481444,0,15.5,1.5,0.25,385.0,0.0,traditional_trade,BR-SE,bundle,premium_bundle,1
381.21257145418184,9,5,0.7278396761436547,0.1848239950286808,0.6420713975127894,3,15.5,1.5,0.25,385.0,0.0,digital,CO-ANDES,bundle,premium_bundle,1
354.68664235913906,8,17,0.7571301271664783,0.40517039751121126,0.24416469883437236,0,9.0,0.0,0.25,310.0,0.0,digital,MX-NORTH,product_recommendation,promote_core_pack,1
449.9197813199788,6,30,0.5542109505235674,0.18658678862570985,0.2957131794974276,0,15.5,1.5,0.25,385.0,0.0,modern_trade,CO-ANDES,bundle,premium_bundle,0
451.9486773872617,6,1,0.6147381281939236,0.6319132533342049,0.8709259751138547,1,18.0,0.0,4.5,0.0,0.0,modern_trade,MX-CENTRAL,human_followup,sales_visit,1
408.482453138001,3,20,0.8556677538741679,0.525801462671101,0.022076800759970962,2,18.0,0.0,4.5,0.0,0.0,digital,BR-SE,human_followup,sales_visit,1
469.8932115697195,6,18,0.38960865880060913,0.6734968506656208,0.32284769714883454,3,18.0,0.0,4.5,0.0,0.0,traditional_trade,MX-NORTH,human_followup,sales_visit,1
375.2827586878484,7,12,0.2839006440775122,0.2408545331674554,0.345179517118143,2,15.5,1.5,0.25,385.0,0.0,digital,MX-NORTH,bundle,premium_bundle,0
447.2355194222938,2,1,0.6505543998793448,0.14097636102845937,0.4972904868642596,3,7.5,2.5,0.2,295.0,0.05,digital,CO-ANDES,promotion,targeted_discount,0
340.1256653236031,6,27,0.6319725212982721,0.2715142064882557,0.2527878815902133,3,18.0,0.0,4.5,0.0,0.0,modern_trade,BR-SE,human_followup,sales_visit,1
449.01798930229097,4,30,0.41156969147274275,0.5780783380956795,0.19133224116950592,0,15.5,1.5,0.25,385.0,0.0,traditional_trade,BR-SE,bundle,premium_bundle,1
383.41893423728857,4,4,0.22912093227814306,0.7489635128274942,0.5499019957308187,3,9.0,0.0,0.25,310.0,0.0,digital,MX-NORTH,product_recommendation,promote_core_pack,0
435.5916563611705,1,13,0.7976966100578062,0.37899280962786797,0.39192169271733845,2,9.0,0.0,0.25,310.0,0.0,traditional_trade,CO-ANDES,product_recommendation,promote_core_pack,1
328.3070028291778,6,4,0.7284881682687959,0.40033803553475716,0.47741081617797515,1,9.0,0.0,0.25,310.0,0.0,digital,MX-CENTRAL,product_recommendation,promote_core_pack,1
452.68814277441123,1,11,0.5507977707997497,0.2889307431112395,0.7484434294549623,2,15.5,1.5,0.25,385.0,0.0,traditional_trade,BR-SE,bundle,premium_bundle,0
195.3623109336083,3,12,0.7653027903370077,0.22063559384271395,0.3886270104432297,3,15.5,1.5,0.25,385.0,0.0,digital,CO-ANDES,bundle,premium_bundle,1
376.06378668536206,5,10,0.7173594695152974,0.18535123138013643,0.09344677011780615,0,15.5,1.5,0.25,385.0,0.0,traditional_trade,MX-CENTRAL,bundle,premium_bundle,1
297.136425850078,8,10,0.8907936165452784,0.5758127285369481,0.43379640044579365,1,15.5,1.5,0.25,385.0,0.0,digital,CO-ANDES,bundle,premium_bundle,0
285.1462863437308,2,1,0.6807341969257698,0.730814596761625,0.6363116496172931,2,9.0,0.0,0.25,310.0,0.0,traditional_trade,BR-SE,product_recommendation,promote_core_pack,0
280.84386619507075,8,8,0.8362316677283266,0.3983635700750839,0.11640325832145196,3,15.5,1.5,0.25,385.0,0.0,modern_trade,MX-NORTH,bundle,premium_bundle,0
436.2495937027414,4,1,0.8393755295796052,0.3020542839995262,0.20944811480247866,0,18.0,0.0,4.5,0.0,0.0,traditional_trade,MX-NORTH,human_followup,sales_visit,1
353.92666649450047,3,26,0.8596000313622608,0.2911414581552759,0.14710282603358785,0,18.0,0.0,4.5,0.0,0.0,traditional_trade,MX-NORTH,human_followup,sales_visit,1
393.30074029396195,5,24,0.6998343356727251,0.48156492048515726,0.1710518867141411,3,18.0,0.0,4.5,0.0,0.0,digital,MX-NORTH,human_followup,sales_visit,1
381.20371597490606,10,12,0.7458195280138817,0.7092390034381018,0.27836267859661074,1,15.5,1.5,0.25,385.0,0.0,modern_trade,MX-NORTH,bundle,premium_bundle,1
441.710198031033,6,1,0.766866389170255,0.6401375862576587,0.4202061471708929,0,15.5,1.5,0.25,385.0,0.0,traditional_trade,BR-SE,bundle,premium_bundle,1
389.60009760456103,6,14,0.7829493805117702,0.26430515145158606,0.48632139045380646,3,9.0,0.0,0.25,310.0,0.0,modern_trade,MX-CENTRAL,product_recommendation,promote_core_pack,0
458.90047868262207,1,17,0.5778884052840918,0.5986574689621535,0.4400703870347091,1,9.0,0.0,0.25,310.0,0.0,traditional_trade,MX-NORTH,product_recommendation,promote_core_pack,1
230.47705015535007,5,9,0.6632059911501771,0.031525488131963784,0.6449798778485224,2,7.5,2.5,0.2,295.0,0.05,traditional_trade,BR-SE,promotion,targeted_discount,1
365.3139271743572,7,18,0.5255845714066943,0.6056600133719189,0.6457972485316053,3,15.5,1.5,0.25,385.0,0.0,traditional_trade,BR-SE,bundle,premium_bundle,1
294.6984072828718,4,9,0.6600264029400649,0.600032026556485,0.3270713830875287,3,18.0,0.0,4.5,0.0,0.0,traditional_trade,MX-NORTH,human_followup,sales_visit,1
304.66048287132094,5,23,0.8439526464369209,0.5651600817017608,0.23671828611982954,1,18.0,0.0,4.5,0.0,0.0,traditional_trade,CO-ANDES,human_followup,sales_visit,1
393.42018861694453,5,1,0.1958437289239108,0.22784231410747788,0.2871234231364509,3,15.5,1.5,0.25,385.0,0.0,traditional_trade,BR-SE,bundle,premium_bundle,1
466.81694034163866,4,4,0.6059752640684651,0.8306716858878951,0.09062858261954196,1,18.0,0.0,4.5,0.0,0.0,digital,MX-CENTRAL,human_followup,sales_visit,1
190.97031148720046,5,7,0.7870763511592189,0.6393352621068591,0.18589661851813125,2,18.0,0.0,4.5,0.0,0.0,modern_trade,BR-SE,human_followup,sales_visit,0
419.55764119265547,1,2,0.7982721741601484,0.7167867500161289,0.43045910356982847,0,9.0,0.0,0.25,310.0,0.0,modern_trade,BR-SE,product_recommendation,promote_core_pack,1
313.2744536148614,0,28,0.6803516004592732,0.5777588711398977,0.47568360367364254,1,9.0,0.0,0.25,310.0,0.0,digital,CO-ANDES,product_recommendation,promote_core_pack,0
204.0276930294412,4,18,0.5732115607272018,0.24803826588076552,0.42694176849917437,2,7.5,2.5,0.2,295.0,0.05,traditional_trade,BR-SE,promotion,targeted_discount,0
294.6793629412653,5,14,0.8326595712432135,0.8490217717203001,0.8191218244593114,0,15.5,1.5,0.25,385.0,0.0,traditional_trade,CO-ANDES,bundle,premium_bundle,0
333.0093641821516,9,8,0.4150029802168377,0.40546776752040786,0.22421720618509994,2,7.5,2.5,0.2,295.0,0.05,traditional_trade,CO-ANDES,promotion,targeted_discount,1
325.47350200846967,3,14,0.6772866543444682,0.24470388860015538,0.7781213422382439,3,7.5,2.5,0.2,295.0,0.05,digital,MX-NORTH,promotion,targeted_discount,1
416.8043145212735,7,4,0.40968916130794375,0.6253651496083484,0.27587731575373203,0,15.5,1.5,0.25,385.0,0.0,traditional_trade,CO-ANDES,bundle,premium_bundle,1
283.4745402378426,9,29,0.5350427845498328,0.19804460162376372,0.6684808601291901,3,15.5,1.5,0.25,385.0,0.0,digital,CO-ANDES,bundle,premium_bundle,0
371.97829503546654,8,23,0.7155013338108763,0.40720089599791337,0.06134898048834822,2,15.5,1.5,0.25,385.0,0.0,traditional_trade,CO-ANDES,bundle,premium_bundle,1
345.7495719315873,1,0,0.7153603066237343,0.4468493624735769,0.3577605916086073,3,18.0,0.0,4.5,0.0,0.0,digital,MX-NORTH,human_followup,sales_visit,1
327.2631341187694,6,10,0.8460067308484515,0.18101181321659973,0.2462061210134799,1,15.5,1.5,0.25,385.0,0.0,traditional_trade,BR-SE,bundle,premium_bundle,1
176.6311303714561,4,26,0.6902787094171199,0.24111783307965778,0.39810101214542165,3,7.5,2.5,0.2,295.0,0.05,digital,MX-NORTH,promotion,targeted_discount,0
360.6271821335649,5,19,0.5078782599252786,0.2057705648863168,0.23225683326625932,2,15.5,1.5,0.25,385.0,0.0,modern_trade,MX-NORTH,bundle,premium_bundle,1
311.44767730657895,9,1,0.7767164344421328,0.7240166623442529,0.34133882148545625,0,7.5,2.5,0.2,295.0,0.05,digital,BR-SE,promotion,targeted_discount,1
270.0061035489621,6,10,0.6463489492522135,0.5987220755121342,0.7977326734122779,1,18.0,0.0,4.5,0.0,0.0,modern_trade,BR-SE,human_followup,sales_visit,1
257.81072985693424,3,25,0.500958087447217,0.5044015073354218,0.7054489513973355,3,7.5,2.5,0.2,295.0,0.05,digital,CO-ANDES,promotion,targeted_discount,0
172.6904191997709,6,30,0.677262286523076,0.4291414292424094,0.3009553254179081,0,9.0,0.0,0.25,310.0,0.0,modern_trade,CO-ANDES,product_recommendation,promote_core_pack,0
273.294964056242,8,21,0.7375278394082169,0.22549214969774384,0.2283243072589564,0,18.0,0.0,4.5,0.0,0.0,modern_trade,MX-NORTH,human_followup,sales_visit,1
162.03559520589454,7,2,0.3658416638704046,0.5702340249219218,0.6391902282831449,2,15.5,1.5,0.25,385.0,0.0,digital,MX-CENTRAL,bundle,premium_bundle,1
347.2388940062276,3,30,0.7014675069747739,0.49987365376736204,0.3082327713265765,2,15.5,1.5,0.25,385.0,0.0,digital,MX-CENTRAL,bundle,premium_bundle,1
332.76084261997863,4,28,0.7811839270014553,0.7724934011169226,0.17404789843081445,0,18.0,0.0,4.5,0.0,0.0,digital,MX-CENTRAL,human_followup,sales_visit,1
304.86221535146285,4,1,0.6672768468653139,0.6328324570680471,0.5063541850194199,3,18.0,0.0,4.5,0.0,0.0,traditional_trade,MX-CENTRAL,human_followup,sales_visit,0
321.56629708158783,5,25,0.5097217469610261,0.5822238612233572,0.10598553777747102,2,15.5,1.5,0.25,385.0,0.0,digital,MX-NORTH,bundle,premium_bundle,0
147.21743149050818,4,30,0.6492238388607584,0.6270107291831024,0.24721095537784432,3,15.5,1.5,0.25,385.0,0.0,traditional_trade,BR-SE,bundle,premium_bundle,0
329.43949999165676,2,23,0.8264553200127939,0.07969699167482441,0.3691510736677734,1,9.0,0.0,0.25,310.0,0.0,digital,MX-CENTRAL,product_recommendation,promote_core_pack,0
285.49338482295644,4,5,0.5764909461947619,0.26430426586757977,0.6086574254382167,1,9.0,0.0,0.25,310.0,0.0,digital,MX-NORTH,product_recommendation,promote_core_pack,1
403.3733007477139,8,13,0.47286769767844733,0.5330886841727761,0.5321163981768026,3,18.0,0.0,4.5,0.0,0.0,modern_trade,MX-CENTRAL,human_followup,sales_visit,1
333.6024853720172,5,0,0.683646805411785,0.6788497658033271,0.05032532401852336,2,7.5,2.5,0.2,295.0,0.05,traditional_trade,BR-SE,promotion,targeted_discount,1
313.87100523134785,4,29,0.8772124426498604,0.4807280426041568,0.23307398262822773,2,15.5,1.5,0.25,385.0,0.0,modern_trade,CO-ANDES,bundle,premium_bundle,0
332.4275847375325,6,23,0.7560273754976694,0.3558399975785826,0.10970445081309564,0,18.0,0.0,4.5,0.0,0.0,digital,CO-ANDES,human_followup,sales_visit,1
249.04973877756822,4,1,0.5012513403755474,0.7879833002484484,0.1876540427905775,3,15.5,1.5,0.25,385.0,0.0,modern_trade,MX-CENTRAL,bundle,premium_bundle,1
267.48038097984704,8,11,0.6071582041107612,0.4964532576221865,0.4513172151491511,0,9.0,0.0,0.25,310.0,0.0,traditional_trade,BR-SE,product_recommendation,promote_core_pack,1
406.62512833787264,3,13,0.5009648455249432,0.6138423792803658,0.25399277017674954,2,7.5,2.5,0.2,295.0,0.05,traditional_trade,CO-ANDES,promotion,targeted_discount,0
328.28838944416094,3,28,0.8914577290926817,0.38017830914613104,0.3937258562287438,2,7.5,2.5,0.2,295.0,0.05,modern_trade,BR-SE,promotion,targeted_discount,0
299.7885677688552,8,30,0.7889417000638344,0.21592079878732104,0.21133754887536343,3,7.5,2.5,0.2,295.0,0.05,modern_trade,MX-CENTRAL,promotion,targeted_discount,0
282.02855322183314,7,26,0.4860947070047683,0.6694287874281785,0.11735835649811538,2,7.5,2.5,0.2,295.0,0.05,modern_trade,BR-SE,promotion,targeted_discount,1
313.74025482792365,5,22,0.6242993553864316,0.3754402567816143,0.31522893260823515,0,7.5,2.5,0.2,295.0,0.05,digital,BR-SE,promotion,targeted_discount,0
315.123118311902,5,23,0.7818543651038701,0.3721917221749767,0.3393579948311082,3,15.5,1.5,0.25,385.0,0.0,traditional_trade,BR-SE,bundle,premium_bundle,0
186.87759523895647,6,23,0.8192038659942209,0.6042114404219697,0.5384188142961052,2,7.5,2.5,0.2,295.0,0.05,digital,CO-ANDES,promotion,targeted_discount,1
295.5243028665193,3,6,0.6573564704227336,0.1371755378039226,0.27348763148528066,2,15.5,1.5,0.25,385.0,0.0,traditional_trade,MX-CENTRAL,bundle,premium_bundle,0
188.21993072796258,3,18,0.7845758915710764,0.2937302847714164,0.5517255516608962,2,18.0,0.0,4.5,0.0,0.0,traditional_trade,MX-NORTH,human_followup,sales_visit,0
410.73209883793345,8,0,0.8900403131453902,0.31600112279074577,0.24076021184346777,0,9.0,0.0,0.25,310.0,0.0,modern_trade,BR-SE,product_recommendation,promote_core_pack,1
299.03218266614346,3,19,0.4438854021793038,0.4462806013486786,0.40849348698360993,0,7.5,2.5,0.2,295.0,0.05,digital,BR-SE,promotion,targeted_discount,1
336.72397450227055,3,15,0.43089299034671547,0.3952495157519157,0.4691062688214017,3,7.5,2.5,0.2,295.0,0.05,traditional_trade,MX-NORTH,promotion,targeted_discount,0
359.04083744231735,8,23,0.47675108894064044,0.12769199767334283,0.1925905232403516,0,15.5,1.5,0.25,385.0,0.0,traditional_trade,CO-ANDES,bundle,premium_bundle,0
166.9725978345098,4,8,0.8649542053389145,0.7970652180861666,0.5310156499880349,3,7.5,2.5,0.2,295.0,0.05,digital,MX-NORTH,promotion,targeted_discount,1
412.75832674311226,2,11,0.6335459081639533,0.5458709602896464,0.7006502121742251,0,7.5,2.5,0.2,295.0,0.05,traditional_trade,MX-CENTRAL,promotion,targeted_discount,0
369.16891263166383,6,3,0.4377324799009839,0.7153426653347666,0.557291416341356,1,18.0,0.0,4.5,0.0,0.0,digital,CO-ANDES,human_followup,sales_visit,0
339.6684283076529,4,11,0.8001371757751862,0.5085760383226688,0.6149231057317484,3,15.5,1.5,0.25,385.0,0.0,traditional_trade,CO-ANDES,bundle,premium_bundle,0
192.5212515696768,6,22,0.351115157846294,0.3345905536980208,0.7606641616383218,3,7.5,2.5,0.2,295.0,0.05,traditional_trade,BR-SE,promotion,targeted_discount,1
428.0548483037942,3,0,0.5436636308154513,0.5514955906785463,0.494918865784787,1,18.0,0.0,4.5,0.0,0.0,digital,MX-CENTRAL,human_followup,sales_visit,1
238.47097069797204,5,26,0.7292994312846663,0.6371439320191381,0.23515884717487154,3,7.5,2.5,0.2,295.0,0.05,modern_trade,MX-CENTRAL,promotion,targeted_discount,1
333.5707470962026,3,30,0.6022699694500786,0.6639491188495316,0.7011692971509487,3,15.5,1.5,0.25,385.0,0.0,digital,BR-SE,bundle,premium_bundle,0
360.67162000520403,7,24,0.7850326251542094,0.34946938585010956,0.13801692748554745,1,9.0,0.0,0.25,310.0,0.0,traditional_trade,CO-ANDES,product_recommendation,promote_core_pack,1
522.2770321376852,3,12,0.7329759581664026,0.3418613951816721,0.29368214381942787,0,7.5,2.5,0.2,295.0,0.05,digital,CO-ANDES,promotion,targeted_discount,1
279.0973678336429,1,12,0.7496458407477018,0.43898373450415096,0.3430625783642272,3,7.5,2.5,0.2,295.0,0.05,digital,CO-ANDES,promotion,targeted_discount,0
434.2419983616577,4,30,0.815307472232432,0.33213810795868587,0.5412497992623808,3,9.0,0.0,0.25,310.0,0.0,modern_trade,CO-ANDES,product_recommendation,promote_core_pack,1
272.510769779549,5,16,0.6315789438350926,0.5542572606508955,0.1341299423760696,3,18.0,0.0,4.5,0.0,0.0,modern_trade,MX-CENTRAL,human_followup,sales_visit,0
151.9817515562497,10,5,0.9144404825945769,0.3036744040261394,0.7211258053539488,3,15.5,1.5,0.25,385.0,0.0,modern_trade,BR-SE,bundle,premium_bundle,1
312.11503848258735,7,16,0.32553147324142456,0.2427048481884377,0.22672798634535474,3,7.5,2.5,0.2,295.0,0.05,digital,MX-NORTH,promotion,targeted_discount,1
546.6282870063362,7,30,0.5442803383370185,0.32979618170597597,0.6208636284670592,0,18.0,0.0,4.5,0.0,0.0,traditional_trade,MX-CENTRAL,human_followup,sales_visit,1
271.7582403389346,4,13,0.9081380780507147,0.21598820588965134,0.5509204338981525,1,7.5,2.5,0.2,295.0,0.05,traditional_trade,BR-SE,promotion,targeted_discount,0
482.77935568502033,6,6,0.5527505760348332,0.18197482437285734,0.7165518223233583,3,18.0,0.0,4.5,0.0,0.0,modern_trade,MX-NORTH,human_followup,sales_visit,1
384.86698815190493,7,13,0.7297267215656845,0.4954614354043889,0.4469218580454864,3,7.5,2.5,0.2,295.0,0.05,modern_trade,BR-SE,promotion,targeted_discount,1
203.86536742252326,3,16,0.4693676263164599,0.3561474621181699,0.6841598221135813,0,7.5,2.5,0.2,295.0,0.05,digital,MX-NORTH,promotion,targeted_discount,0
263.25699601971877,6,22,0.696241516290448,0.060282542609191796,0.4658420999817448,2,9.0,0.0,0.25,310.0,0.0,modern_trade,CO-ANDES,product_recommendation,promote_core_pack,1
287.61300392054704,4,19,0.5929408934603307,0.34300123397323,0.6703566849117968,1,7.5,2.5,0.2,295.0,0.05,digital,CO-ANDES,promotion,targeted_discount,1
409.64222195610154,2,23,0.4734793485520752,0.4953897170381028,0.24007223788525628,3,18.0,0.0,4.5,0.0,0.0,modern_trade,BR-SE,human_followup,sales_visit,0
291.9141050648325,4,25,0.7712369662063017,0.25838728112995457,0.16363511348826204,1,15.5,1.5,0.25,385.0,0.0,traditional_trade,BR-SE,bundle,premium_bundle,1
340.8993539553016,6,27,0.5613455759141965,0.289080576372297,0.28978702048716776,3,15.5,1.5,0.25,385.0,0.0,traditional_trade,BR-SE,bundle,premium_bundle,0
368.45295669689864,3,17,0.9262830809972306,0.5958522680627147,0.47286064908767567,0,9.0,0.0,0.25,310.0,0.0,digital,MX-NORTH,product_recommendation,promote_core_pack,0
264.0396400854992,4,28,0.9007025375583683,0.4531007242329373,0.37477466280333965,1,9.0,0.0,0.25,310.0,0.0,digital,BR-SE,product_recommendation,promote_core_pack,0
157.48244047736355,7,19,0.8615595710706987,0.8032115343992263,0.42670416269306166,3,15.5,1.5,0.25,385.0,0.0,modern_trade,MX-CENTRAL,bundle,premium_bundle,0
201.96486765636797,3,20,0.5531467374435838,0.5767140806336352,0.2721464466268372,2,15.5,1.5,0.25,385.0,0.0,modern_trade,BR-SE,bundle,premium_bundle,0
303.98136477328177,2,11,0.6445582220915179,0.37676304502129115,0.18375866793471118,0,15.5,1.5,0.25,385.0,0.0,digital,MX-CENTRAL,bundle,premium_bundle,0
248.7626350841635,5,23,0.3112810202359116,0.12108979447443251,0.6711682871958174,1,9.0,0.0,0.25,310.0,0.0,digital,MX-NORTH,product_recommendation,promote_core_pack,0
157.9622573720937,4,17,0.7744211920430016,0.21740793468203545,0.45100378945822245,0,15.5,1.5,0.25,385.0,0.0,traditional_trade,MX-NORTH,bundle,premium_bundle,1
487.0978924627444,7,21,0.6900321405010073,0.6954814389942598,0.5458458667384231,0,7.5,2.5,0.2,295.0,0.05,traditional_trade,BR-SE,promotion,targeted_discount,1
392.546259240826,2,7,0.8482392444862389,0.346990670466343,0.7462561808216787,3,9.0,0.0,0.25,310.0,0.0,traditional_trade,CO-ANDES,product_recommendation,promote_core_pack,1
273.50058029505317,2,16,0.8686711919039185,0.6474435082079872,0.23450212933684064,2,9.0,0.0,0.25,310.0,0.0,digital,MX-CENTRAL,product_recommendation,promote_core_pack,1
284.18410674558254,6,7,0.8579375115433591,0.8132552564945252,0.4424517369338395,1,18.0,0.0,4.5,0.0,0.0,traditional_trade,BR-SE,human_followup,sales_visit,1
248.04561826457834,7,27,0.21579283568203136,0.6959755527654085,0.0414269167973785,3,9.0,0.0,0.25,310.0,0.0,modern_trade,BR-SE,product_recommendation,promote_core_pack,1
331.476621790711,2,3,0.2835232163188468,0.05015979597224723,0.3936938797389386,0,18.0,0.0,4.5,0.0,0.0,traditional_trade,BR-SE,human_followup,sales_visit,1
432.88086811967236,8,24,0.457286522505907,0.3436488141474444,0.5815877583223081,3,7.5,2.5,0.2,295.0,0.05,modern_trade,MX-CENTRAL,promotion,targeted_discount,1
359.05429020486304,4,26,0.7581003019748613,0.40800433095165645,0.4828713748071678,3,9.0,0.0,0.25,310.0,0.0,traditional_trade,BR-SE,product_recommendation,promote_core_pack,0
362.0926907191937,1,4,0.6827642326094051,0.2925520972542583,0.4088498282992627,3,18.0,0.0,4.5,0.0,0.0,modern_trade,MX-CENTRAL,human_followup,sales_visit,0
264.3150488741511,3,14,0.8016801745817266,0.16158273708932405,0.4205579787091369,2,7.5,2.5,0.2,295.0,0.05,modern_trade,BR-SE,promotion,targeted_discount,0
405.9256743260912,4,7,0.9585365437834162,0.29120132217406514,0.3856286240343035,3,7.5,2.5,0.2,295.0,0.05,traditional_trade,MX-CENTRAL,promotion,targeted_discount,1
391.82196710468656,8,10,0.456502935315485,0.29002823411194323,0.39932857821052814,1,9.0,0.0,0.25,310.0,0.0,digital,CO-ANDES,product_recommendation,promote_core_pack,1
383.33816118879224,4,27,0.7171115478123772,0.4953372854376279,0.33071044448740505,2,9.0,0.0,0.25,310.0,0.0,traditional_trade,BR-SE,product_recommendation,promote_core_pack,0
265.2798901750609,4,8,0.748328550031671,0.3363475882529075,0.030903587629593336,2,7.5,2.5,0.2,295.0,0.05,modern_trade,MX-NORTH,promotion,targeted_discount,0
316.31535900721246,2,0,0.6950616067822118,0.38747831792608767,0.3449665577554655,2,9.0,0.0,0.25,310.0,0.0,modern_trade,CO-ANDES,product_recommendation,promote_core_pack,1
171.99450781364416,2,30,0.7084174502611514,0.36865050641239094,0.40034440504953983,0,9.0,0.0,0.25,310.0,0.0,digital,CO-ANDES,product_recommendation,promote_core_pack,0
364.17120211207276,3,14,0.44436096287099247,0.6954172099471134,0.16461835581038,2,15.5,1.5,0.25,385.0,0.0,digital,MX-NORTH,bundle,premium_bundle,1
349.93749057121585,4,4,0.8549798174541539,0.13639611787328115,0.3434941522155401,0,15.5,1.5,0.25,385.0,0.0,modern_trade,BR-SE,bundle,premium_bundle,0
405.7028237042397,5,3,0.5641137928960842,0.563538393155343,0.40534170797223196,2,7.5,2.5,0.2,295.0,0.05,modern_trade,BR-SE,promotion,targeted_discount,0
325.4793507761634,5,11,0.6560807915218593,0.42362818058570884,0.33475956758628045,0,18.0,0.0,4.5,0.0,0.0,modern_trade,CO-ANDES,human_followup,sales_visit,0
294.37183213937266,3,15,0.9043695905292827,0.6359942066651944,0.5333663475321238,3,9.0,0.0,0.25,310.0,0.0,digital,MX-CENTRAL,product_recommendation,promote_core_pack,1
214.61626399859762,2,11,0.45223123784304325,0.5855525566389099,0.32067881699075806,2,9.0,0.0,0.25,310.0,0.0,digital,CO-ANDES,product_recommendation,promote_core_pack,0
542.7028724665059,5,14,0.7860169239945946,0.25274929741843594,0.40151411670099413,1,7.5,2.5,0.2,295.0,0.05,digital,CO-ANDES,promotion,targeted_discount,0
304.89164202531015,3,11,0.7722589011123423,0.2984775973476714,0.284487082256137,3,18.0,0.0,4.5,0.0,0.0,traditional_trade,MX-CENTRAL,human_followup,sales_visit,1
316.35207420323434,4,16,0.5456757644974329,0.2674005768349409,0.38682740612964045,1,18.0,0.0,4.5,0.0,0.0,digital,MX-CENTRAL,human_followup,sales_visit,0
338.3179713585418,5,26,0.4508159658309657,0.45600917611618574,0.20336963793058394,0,9.0,0.0,0.25,310.0,0.0,modern_trade,CO-ANDES,product_recommendation,promote_core_pack,1
335.9554308764427,2,22,0.55125428758144,0.7824575067452293,0.2154082206217118,2,7.5,2.5,0.2,295.0,0.05,traditional_trade,MX-NORTH,promotion,targeted_discount,1
412.9769882943656,2,25,0.4555173103733792,0.4257488439991559,0.23145483411924953,0,15.5,1.5,0.25,385.0,0.0,digital,MX-CENTRAL,bundle,premium_bundle,0
227.28136918064342,3,3,0.8464533578151849,0.3244340996958472,0.41002630810423635,2,15.5,1.5,0.25,385.0,0.0,modern_trade,BR-SE,bundle,premium_bundle,1
351.5619241740462,3,27,0.5950623941592501,0.22139531185886396,0.46556879925808886,3,15.5,1.5,0.25,385.0,0.0,traditional_trade,BR-SE,bundle,premium_bundle,0
423.8377022118316,4,28,0.42172648237557375,0.6048138825094922,0.23324378963198547,1,7.5,2.5,0.2,295.0,0.05,traditional_trade,MX-NORTH,promotion,targeted_discount,0
340.8224949224498,6,2,0.4834496176235048,0.42219486607021567,0.37620615139397834,0,9.0,0.0,0.25,310.0,0.0,digital,MX-NORTH,product_recommendation,promote_core_pack,1
299.9116707735739,6,25,0.6263071252659163,0.4547763102979662,0.5467959919434441,3,15.5,1.5,0.25,385.0,0.0,traditional_trade,CO-ANDES,bundle,premium_bundle,1
337.20473859895543,6,20,0.4719106439604933,0.3063195035145691,0.09467112931561861,1,7.5,2.5,0.2,295.0,0.05,traditional_trade,MX-CENTRAL,promotion,targeted_discount,0
317.7875795628845,3,23,0.6593033487214912,0.5013595222066936,0.6503551508053285,3,9.0,0.0,0.25,310.0,0.0,digital,MX-CENTRAL,product_recommendation,promote_core_pack,1
279.1141849860189,7,27,0.6730636967964373,0.17233560322546446,0.20705332150290856,0,7.5,2.5,0.2,295.0,0.05,modern_trade,BR-SE,promotion,targeted_discount,1
388.5937106177401,6,15,0.6182240709614863,0.45834696150001125,0.5433396784611066,3,15.5,1.5,0.25,385.0,0.0,digital,CO-ANDES,bundle,premium_bundle,1
392.9034598390057,7,3,0.9389170089362451,0.34819960854202997,0.3157890412556997,3,9.0,0.0,0.25,310.0,0.0,digital,CO-ANDES,product_recommendation,promote_core_pack,1
341.7612509689503,4,26,0.3341360946708461,0.16051413537607637,0.5222883397606826,2,9.0,0.0,0.25,310.0,0.0,traditional_trade,BR-SE,product_recommendation,promote_core_pack,0
180.17598438727055,2,29,0.6442834694040256,0.4678848871547279,0.4850769902375937,0,15.5,1.5,0.25,385.0,0.0,digital,CO-ANDES,bundle,premium_bundle,0
298.4244305956252,5,10,0.7175366174311746,0.22483648168887152,0.7731519568191636,3,18.0,0.0,4.5,0.0,0.0,traditional_trade,CO-ANDES,human_followup,sales_visit,0
247.21461791794505,4,3,0.4984496931348093,0.6273171304604408,0.4766651973297658,1,15.5,1.5,0.25,385.0,0.0,traditional_trade,BR-SE,bundle,premium_bundle,0
324.00705183169924,3,8,0.2226653864557152,0.4325363978199644,0.4706533379131871,3,7.5,2.5,0.2,295.0,0.05,modern_trade,CO-ANDES,promotion,targeted_discount,0
218.43561995472112,7,19,0.7672501345757157,0.14157831180931787,0.14138433108643234,0,9.0,0.0,0.25,310.0,0.0,modern_trade,BR-SE,product_recommendation,promote_core_pack,1
341.73112747990166,10,4,0.4200205970274701,0.6605291574085499,0.4517562041877059,1,7.5,2.5,0.2,295.0,0.05,modern_trade,MX-CENTRAL,promotion,targeted_discount,1
441.1276458982436,7,26,0.6754198383488992,0.3417349278650875,0.5276352005463772,1,7.5,2.5,0.2,295.0,0.05,traditional_trade,MX-CENTRAL,promotion,targeted_discount,1
519.8968826475182,8,24,0.7355337497947947,0.2889515044838633,0.7385956315338223,1,9.0,0.0,0.25,310.0,0.0,modern_trade,MX-CENTRAL,product_recommendation,promote_core_pack,1
371.9197910649523,2,19,0.6519210689316169,0.6499142444422118,0.40548269347214,2,18.0,0.0,4.5,0.0,0.0,traditional_trade,CO-ANDES,human_followup,sales_visit,1
457.93761355200274,4,9,0.6200379979954593,0.14993619784173276,0.4412032404632474,1,9.0,0.0,0.25,310.0,0.0,digital,BR-SE,product_recommendation,promote_core_pack,1
352.7015589786692,5,14,0.6964808386927666,0.5987145862131202,0.4998343333734983,1,15.5,1.5,0.25,385.0,0.0,modern_trade,MX-NORTH,bundle,premium_bundle,0
325.8778155912139,3,14,0.5255646500821687,0.3015767303176078,0.15511118020567954,0,18.0,0.0,4.5,0.0,0.0,traditional_trade,CO-ANDES,human_followup,sales_visit,0
390.19683660739435,2,7,0.5440633545329054,0.26116820859830625,0.6191422796923807,1,18.0,0.0,4.5,0.0,0.0,traditional_trade,BR-SE,human_followup,sales_visit,0
473.04285916308663,7,7,0.755061786151211,0.2621642646058099,0.6876906268728945,1,15.5,1.5,0.25,385.0,0.0,traditional_trade,MX-NORTH,bundle,premium_bundle,1
315.78505265224504,11,10,0.8079121273479185,0.4800641271985946,0.48917792588492764,1,15.5,1.5,0.25,385.0,0.0,modern_trade,MX-CENTRAL,bundle,premium_bundle,1
296.58452921571995,10,21,0.5896822854864804,0.7301879113519995,0.7623726995413985,1,9.0,0.0,0.25,310.0,0.0,traditional_trade,BR-SE,product_recommendation,promote_core_pack,1
405.27572313310685,4,23,0.741009478842864,0.16850771924232213,0.24142101136218,1,7.5,2.5,0.2,295.0,0.05,traditional_trade,MX-NORTH,promotion,targeted_discount,1
339.9922557004461,4,15,0.5898630368057727,0.5994973987275066,0.08939526955801406,0,9.0,0.0,0.25,310.0,0.0,digital,MX-NORTH,product_recommendation,promote_core_pack,1
322.381271598043,5,22,0.8790781374399149,0.5137253647682394,0.6694961933401983,2,18.0,0.0,4.5,0.0,0.0,digital,MX-NORTH,human_followup,sales_visit,0
307.80357642529293,5,3,0.5812597061438588,0.6516590831440586,0.3063576244068648,2,18.0,0.0,4.5,0.0,0.0,digital,MX-CENTRAL,human_followup,sales_visit,1
294.245324784553,3,10,0.6392981529249249,0.4278114639669615,0.08825141685646674,3,9.0,0.0,0.25,310.0,0.0,traditional_trade,MX-NORTH,product_recommendation,promote_core_pack,0
297.3638193162496,3,22,0.7178578804255272,0.5570616971120617,0.4799715081194388,3,9.0,0.0,0.25,310.0,0.0,modern_trade,CO-ANDES,product_recommendation,promote_core_pack,0
384.6719822588398,7,6,0.5867084257953927,0.3945963501117403,0.22554188117310858,2,18.0,0.0,4.5,0.0,0.0,modern_trade,MX-CENTRAL,human_followup,sales_visit,1
350.9833872833383,5,15,0.5972394933341587,0.5478162528719005,0.6208862293814367,1,9.0,0.0,0.25,310.0,0.0,digital,MX-CENTRAL,product_recommendation,promote_core_pack,1
317.0397368844919,2,29,0.6115293770023066,0.4721571554070657,0.20301526749474105,0,15.5,1.5,0.25,385.0,0.0,digital,CO-ANDES,bundle,premium_bundle,1
239.81261295201648,8,18,0.6777236552302615,0.37311297677071764,0.2565308318381846,1,18.0,0.0,4.5,0.0,0.0,traditional_trade,CO-ANDES,human_followup,sales_visit,1
398.4090354612798,6,9,0.8659706958247625,0.7241756171085708,0.595509322693592,3,15.5,1.5,0.25,385.0,0.0,digital,MX-CENTRAL,bundle,premium_bundle,1
108.63342176114884,7,15,0.5301612742548387,0.3420851554345607,0.38748157800187927,2,9.0,0.0,0.25,310.0,0.0,modern_trade,CO-ANDES,product_recommendation,promote_core_pack,0
275.2096665017626,5,30,0.6059292409996084,0.5857033421940402,0.714890867728449,1,18.0,0.0,4.5,0.0,0.0,traditional_trade,CO-ANDES,human_followup,sales_visit,0
274.15115235274845,4,13,0.6552759949652206,0.8325314603570667,0.209707093330963,0,18.0,0.0,4.5,0.0,0.0,traditional_trade,MX-NORTH,human_followup,sales_visit,1
446.86898176923995,5,5,0.8751007043873971,0.47541481247833267,0.5979554579208411,2,15.5,1.5,0.25,385.0,0.0,modern_trade,MX-NORTH,bundle,premium_bundle,1
222.53048160672085,8,30,0.8037639257376901,0.50293883782002,0.3806802891810651,0,7.5,2.5,0.2,295.0,0.05,modern_trade,CO-ANDES,promotion,targeted_discount,0
391.12429177473024,5,27,0.7741702694777324,0.6453652145140204,0.2074016028008757,3,15.5,1.5,0.25,385.0,0.0,digital,MX-NORTH,bundle,premium_bundle,1
414.08418071948466,5,30,0.5769990928840464,0.8228372020765315,0.5498521432700205,0,18.0,0.0,4.5,0.0,0.0,traditional_trade,MX-NORTH,human_followup,sales_visit,0
381.94393491118416,4,22,0.533575482888544,0.13913451812567065,0.22977043637946487,0,18.0,0.0,4.5,0.0,0.0,traditional_trade,MX-NORTH,human_followup,sales_visit,0
267.6193043226566,7,25,0.965665442424274,0.4887764964318998,0.5708448541838316,0,15.5,1.5,0.25,385.0,0.0,digital,MX-CENTRAL,bundle,premium_bundle,0
410.17595301291885,5,12,0.6551029687789148,0.408731845954792,0.06138925972289341,2,9.0,0.0,0.25,310.0,0.0,modern_trade,MX-NORTH,product_recommendation,promote_core_pack,1
485.7742538094392,5,7,0.625227732244229,0.5643587084706785,0.28864964622393047,0,9.0,0.0,0.25,310.0,0.0,traditional_trade,MX-CENTRAL,product_recommendation,promote_core_pack,1
417.5984497999285,2,5,0.731956158755736,0.4997662841031105,0.08196027107912889,2,7.5,2.5,0.2,295.0,0.05,digital,MX-NORTH,promotion,targeted_discount,0
392.21951672939156,7,10,0.8855971055418439,0.23219972845681894,0.2118137867870685,1,15.5,1.5,0.25,385.0,0.0,digital,MX-NORTH,bundle,premium_bundle,1
649.5672591560233,6,28,0.4944190065497549,0.0969776231508432,0.4851434648867076,0,18.0,0.0,4.5,0.0,0.0,modern_trade,MX-CENTRAL,human_followup,sales_visit,0
327.2221261047903,4,3,0.3138926963258583,0.8667594732199263,0.24962763932239512,2,15.5,1.5,0.25,385.0,0.0,traditional_trade,MX-CENTRAL,bundle,premium_bundle,0
274.7156416950474,2,22,0.7282459850219961,0.22699079402697306,0.2651088392070896,1,7.5,2.5,0.2,295.0,0.05,traditional_trade,BR-SE,promotion,targeted_discount,1
234.4812992077795,3,17,0.5285099563284298,0.7942061581220501,0.09354599352169163,3,15.5,1.5,0.25,385.0,0.0,traditional_trade,MX-CENTRAL,bundle,premium_bundle,0
432.5865777740717,2,28,0.582458400403451,0.4371730409175727,0.7703522827316472,2,9.0,0.0,0.25,310.0,0.0,modern_trade,MX-NORTH,product_recommendation,promote_core_pack,1
347.15939254123236,4,6,0.450592598834816,0.20197433022235922,0.11715467495017169,3,18.0,0.0,4.5,0.0,0.0,digital,MX-CENTRAL,human_followup,sales_visit,1
384.2269146566784,4,14,0.5012905650982167,0.3354100936667558,0.23335920127445892,2,7.5,2.5,0.2,295.0,0.05,traditional_trade,CO-ANDES,promotion,targeted_discount,0
208.80208055692844,3,15,0.6535473456457979,0.7230877962911433,0.12555535520294314,2,9.0,0.0,0.25,310.0,0.0,modern_trade,MX-NORTH,product_recommendation,promote_core_pack,0
328.497121447973,5,10,0.6359726992916853,0.7538594027453815,0.20770786481709214,2,15.5,1.5,0.25,385.0,0.0,traditional_trade,MX-NORTH,bundle,premium_bundle,1
138.6650558403594,9,19,0.8859591105635767,0.514454771757962,0.17913569722972125,1,18.0,0.0,4.5,0.0,0.0,modern_trade,MX-NORTH,human_followup,sales_visit,1
359.9328193943458,1,6,0.5252952410921414,0.7570797821686274,0.2088760837519514,2,18.0,0.0,4.5,0.0,0.0,digital,MX-NORTH,human_followup,sales_visit,1
444.4791022218617,4,11,0.31007443718485295,0.178913074305289,0.7894615005157238,2,15.5,1.5,0.25,385.0,0.0,digital,MX-CENTRAL,bundle,premium_bundle,0
261.5426160855578,3,15,0.579471666255413,0.37010487925439445,0.6909318285877266,0,9.0,0.0,0.25,310.0,0.0,modern_trade,MX-NORTH,product_recommendation,promote_core_pack,0
397.6357962156955,7,9,0.7992131135343024,0.25827205927703745,0.6131870251735794,1,15.5,1.5,0.25,385.0,0.0,traditional_trade,BR-SE,bundle,premium_bundle,1
369.49473184908857,7,22,0.45411966643541546,0.5371862887227054,0.24874745508414794,3,9.0,0.0,0.25,310.0,0.0,traditional_trade,CO-ANDES,product_recommendation,promote_core_pack,1
265.11593255116725,5,22,0.37445786386107166,0.5494859943231467,0.4845108067042744,2,7.5,2.5,0.2,295.0,0.05,digital,MX-NORTH,promotion,targeted_discount,0
477.4109812151888,5,21,0.6646273742570006,0.6412742571008949,0.07685170317940877,2,18.0,0.0,4.5,0.0,0.0,modern_trade,MX-CENTRAL,human_followup,sales_visit,1
348.0152298829508,4,9,0.29336277105528874,0.4643523210783671,0.16164512503580128,3,7.5,2.5,0.2,295.0,0.05,modern_trade,MX-NORTH,promotion,targeted_discount,1
309.97385683630273,8,1,0.6594935733476094,0.14464901351288748,0.44700479712018015,0,7.5,2.5,0.2,295.0,0.05,traditional_trade,CO-ANDES,promotion,targeted_discount,1
316.70710755029097,6,10,0.8207276394124928,0.6491363811079539,0.23632874297777343,2,15.5,1.5,0.25,385.0,0.0,traditional_trade,BR-SE,bundle,premium_bundle,0
387.99995238683397,3,24,0.6277136580661105,0.12854241534829738,0.23002182431145146,3,9.0,0.0,0.25,310.0,0.0,modern_trade,BR-SE,product_recommendation,promote_core_pack,0
537.6931916647407,11,1,0.5517491718709342,0.5723732424536723,0.2670835935479197,1,18.0,0.0,4.5,0.0,0.0,traditional_trade,MX-NORTH,human_followup,sales_visit,1
319.72538170799595,9,19,0.9532734456521367,0.47541514421967224,0.5092643185765818,1,15.5,1.5,0.25,385.0,0.0,traditional_trade,MX-NORTH,bundle,premium_bundle,1
330.7006430250665,6,2,0.7316707066429973,0.3896823432580261,0.32126039601621487,1,15.5,1.5,0.25,385.0,0.0,digital,MX-NORTH,bundle,premium_bundle,0
361.28313369427775,9,30,0.8860973745088964,0.28595455997320085,0.4233073804801866,2,7.5,2.5,0.2,295.0,0.05,modern_trade,BR-SE,promotion,targeted_discount,1
313.07768803609616,4,1,0.7903225384715898,0.495925273844586,0.6937998269766286,3,18.0,0.0,4.5,0.0,0.0,digital,MX-NORTH,human_followup,sales_visit,1
210.7650074018486,6,20,0.7667307367030314,0.6693111289210365,0.7613301445649265,0,18.0,0.0,4.5,0.0,0.0,traditional_trade,BR-SE,human_followup,sales_visit,1
359.7091567751835,7,4,0.7409523601598543,0.6575172774597233,0.2809699709685886,0,15.5,1.5,0.25,385.0,0.0,traditional_trade,MX-CENTRAL,bundle,premium_bundle,1
227.42263328046334,3,0,0.35234814841445655,0.38932216945659914,0.5823726390485775,2,7.5,2.5,0.2,295.0,0.05,traditional_trade,BR-SE,promotion,targeted_discount,0
313.6529260860621,3,18,0.5175998323691069,0.4931001026054849,0.17964671436819316,0,7.5,2.5,0.2,295.0,0.05,modern_trade,MX-NORTH,promotion,targeted_discount,0
358.1004431477142,3,17,0.7896115200472174,0.31607893187055947,0.5774014027858791,3,18.0,0.0,4.5,0.0,0.0,modern_trade,BR-SE,human_followup,sales_visit,1
340.5408735083456,6,25,0.9885474288383944,0.5755116909704489,0.4986469183663546,1,18.0,0.0,4.5,0.0,0.0,traditional_trade,MX-CENTRAL,human_followup,sales_visit,0
420.11955303007625,3,0,0.7921813786193236,0.33036361155985333,0.6823169042497936,3,18.0,0.0,4.5,0.0,0.0,traditional_trade,MX-CENTRAL,human_followup,sales_visit,0
357.5474446403323,4,24,0.5138260282605046,0.42987476824363996,0.2777047786132808,2,9.0,0.0,0.25,310.0,0.0,modern_trade,MX-NORTH,product_recommendation,promote_core_pack,0
320.16571856950856,6,8,0.7851575434768417,0.48883774028440596,0.35079301034742816,2,9.0,0.0,0.25,310.0,0.0,modern_trade,MX-CENTRAL,product_recommendation,promote_core_pack,0
216.47190650275877,6,8,0.6954294153674652,0.49032030514629543,0.36971772190543833,3,7.5,2.5,0.2,295.0,0.05,modern_trade,BR-SE,promotion,targeted_discount,1
283.8589299905505,10,12,0.6618095309099861,0.3485223264130546,0.3950486003695171,1,9.0,0.0,0.25,310.0,0.0,modern_trade,BR-SE,product_recommendation,promote_core_pack,1
367.59597847812154,3,27,0.7109339491266848,0.3092312523992387,0.3167890471347378,0,15.5,1.5,0.25,385.0,0.0,modern_trade,BR-SE,bundle,premium_bundle,0
288.76765902461347,10,7,0.8559797438052641,0.7179784976368399,0.15512251577124045,3,9.0,0.0,0.25,310.0,0.0,modern_trade,BR-SE,product_recommendation,promote_core_pack,0
337.236576580488,8,27,0.798394863526449,0.2899485223798455,0.007935108594495451,0,15.5,1.5,0.25,385.0,0.0,digital,BR-SE,bundle,premium_bundle,1
318.6229122985145,6,29,0.44522678603770005,0.17942524371853028,0.734789220078616,1,18.0,0.0,4.5,0.0,0.0,digital,MX-CENTRAL,human_followup,sales_visit,1
304.60637841493616,9,14,0.7917443038394054,0.5122636957787573,0.2770369922110786,0,15.5,1.5,0.25,385.0,0.0,modern_trade,BR-SE,bundle,premium_bundle,1
375.7445458810036,7,10,0.8135089138304488,0.9170203173210706,0.3103047226283275,2,7.5,2.5,0.2,295.0,0.05,digital,MX-NORTH,promotion,targeted_discount,1
354.04311511487936,7,7,0.46053822121679117,0.570870532809506,0.2756327379970535,3,18.0,0.0,4.5,0.0,0.0,traditional_trade,MX-CENTRAL,human_followup,sales_visit,0
319.4778993244004,3,12,0.6082335933615203,0.38409838919251166,0.29956913558650256,0,18.0,0.0,4.5,0.0,0.0,traditional_trade,MX-CENTRAL,human_followup,sales_visit,0
220.1126863027747,6,12,0.7694203878606577,0.5549512272098777,0.4929433425082996,3,9.0,0.0,0.25,310.0,0.0,modern_trade,CO-ANDES,product_recommendation,promote_core_pack,0
369.7770974438471,6,27,0.29078808590230804,0.21456800513625482,0.23021950919001896,3,15.5,1.5,0.25,385.0,0.0,modern_trade,MX-NORTH,bundle,premium_bundle,0
331.9561140998159,6,15,0.680860775040209,0.7563998334082596,0.34728852115347203,2,18.0,0.0,4.5,0.0,0.0,digital,BR-SE,human_followup,sales_visit,0
351.60386925351986,1,26,0.6464518190859125,0.6298341185891095,0.7749261052686459,2,9.0,0.0,0.25,310.0,0.0,traditional_trade,MX-CENTRAL,product_recommendation,promote_core_pack,0
258.984791334656,3,22,0.6406340066753036,0.4285488224255244,0.20991860765766215,0,18.0,0.0,4.5,0.0,0.0,traditional_trade,CO-ANDES,human_followup,sales_visit,1
437.24917509340696,8,1,0.9269549785511464,0.2653122744088788,0.4700118371342111,2,7.5,2.5,0.2,295.0,0.05,traditional_trade,CO-ANDES,promotion,targeted_discount,1
491.81221126041635,7,4,0.8219977836524793,0.2104550939907591,0.1385707609016296,1,18.0,0.0,4.5,0.0,0.0,digital,MX-NORTH,human_followup,sales_visit,1
384.57438837095464,3,28,0.8593553350590315,0.8471986733043346,0.7343982444107386,0,7.5,2.5,0.2,295.0,0.05,traditional_trade,BR-SE,promotion,targeted_discount,0
274.61835980727085,3,30,0.507328516026949,0.10881084967188034,0.5730771640888505,3,9.0,0.0,0.25,310.0,0.0,digital,BR-SE,product_recommendation,promote_core_pack,0
378.1517620169683,5,27,0.9184219609607231,0.26784116460428053,0.04984328155049235,2,18.0,0.0,4.5,0.0,0.0,modern_trade,BR-SE,human_followup,sales_visit,0
263.3582361992522,4,8,0.6226075177527769,0.5888696883810016,0.31739287335189925,2,9.0,0.0,0.25,310.0,0.0,traditional_trade,BR-SE,product_recommendation,promote_core_pack,1
426.42073791573665,5,11,0.6632282782187887,0.7109859698064017,0.6051044247597972,0,9.0,0.0,0.25,310.0,0.0,traditional_trade,CO-ANDES,product_recommendation,promote_core_pack,1
388.04564767130694,7,1,0.4908299573264365,0.5602775796315926,0.6716614850676962,2,7.5,2.5,0.2,295.0,0.05,modern_trade,BR-SE,promotion,targeted_discount,0
96.44547573953614,6,27,0.7103746640800221,0.6603286972162109,0.07514509012766467,2,15.5,1.5,0.25,385.0,0.0,digital,MX-NORTH,bundle,premium_bundle,0
521.0898680094765,8,9,0.8736151034827313,0.37763704269169224,0.18880362035411435,3,9.0,0.0,0.25,310.0,0.0,modern_trade,BR-SE,product_recommendation,promote_core_pack,1
312.6693198364402,7,12,0.5423022775108516,0.4716341717255185,0.37412872235532607,0,9.0,0.0,0.25,310.0,0.0,traditional_trade,BR-SE,product_recommendation,promote_core_pack,1
323.84720168183054,5,23,0.7776971985748883,0.6067891087882346,0.484474310571841,2,18.0,0.0,4.5,0.0,0.0,digital,CO-ANDES,human_followup,sales_visit,0
370.633573231554,6,4,0.24277332863496295,0.594111409414108,0.18874251454188848,0,7.5,2.5,0.2,295.0,0.05,digital,MX-CENTRAL,promotion,targeted_discount,1
190.1890925780502,6,18,0.6907237494698041,0.7326201189081669,0.03967561333839629,0,15.5,1.5,0.25,385.0,0.0,modern_trade,BR-SE,bundle,premium_bundle,1
375.21949617775806,4,18,0.7682425555040233,0.397690960400257,0.5545491359720363,1,18.0,0.0,4.5,0.0,0.0,modern_trade,BR-SE,human_followup,sales_visit,0
425.1490575616431,4,5,0.5868812745238667,0.11747977016792925,0.28642796054670083,0,18.0,0.0,4.5,0.0,0.0,digital,BR-SE,human_followup,sales_visit,1
132.559370115487,8,25,0.5148404931452931,0.47827971304525246,0.33649349836161946,1,9.0,0.0,0.25,310.0,0.0,traditional_trade,CO-ANDES,product_recommendation,promote_core_pack,0
406.0441111109037,4,7,0.7906282931941285,0.701550046382006,0.22016112674412167,0,7.5,2.5,0.2,295.0,0.05,modern_trade,MX-CENTRAL,promotion,targeted_discount,1
350.8026831275742,2,25,0.4989973937510986,0.5572039991115227,0.5912672950929947,1,18.0,0.0,4.5,0.0,0.0,modern_trade,MX-NORTH,human_followup,sales_visit,0
243.6456735376927,7,26,0.8012619394654824,0.6159393931151015,0.2539711465861245,2,9.0,0.0,0.25,310.0,0.0,digital,CO-ANDES,product_recommendation,promote_core_pack,1
228.8321121641618,7,3,0.8207460340492253,0.23317730630316544,0.5138985444377113,0,15.5,1.5,0.25,385.0,0.0,modern_trade,BR-SE,bundle,premium_bundle,1
321.6867861997709,10,12,0.583962478093057,0.36988103907175945,0.544184696318545,2,9.0,0.0,0.25,310.0,0.0,modern_trade,BR-SE,product_recommendation,promote_core_pack,1
336.47649323034045,7,5,0.7112672818825886,0.13621417465694302,0.6873503153032553,0,7.5,2.5,0.2,295.0,0.05,traditional_trade,CO-ANDES,promotion,targeted_discount,0
402.32004699323716,7,7,0.49950480733229247,0.7210951136976158,0.15816849187060655,1,18.0,0.0,4.5,0.0,0.0,digital,BR-SE,human_followup,sales_visit,1
389.71207742465594,12,7,0.519473421811943,0.12048316566850033,0.37227279517891504,2,15.5,1.5,0.25,385.0,0.0,traditional_trade,BR-SE,bundle,premium_bundle,0
251.79613354666458,5,0,0.4389087558423964,0.18040336724989428,0.4532340338915451,2,15.5,1.5,0.25,385.0,0.0,traditional_trade,MX-CENTRAL,bundle,premium_bundle,1
450.60414162176784,6,19,0.4832221492626589,0.727391864520717,0.1135088153949665,1,18.0,0.0,4.5,0.0,0.0,digital,BR-SE,human_followup,sales_visit,0
448.89489249197266,7,5,0.9501350516841408,0.4443148929588538,0.1261295156090883,3,15.5,1.5,0.25,385.0,0.0,digital,MX-NORTH,bundle,premium_bundle,1
288.2995855755387,6,14,0.6903605897954888,0.5624355049275829,0.1272053355611082,2,9.0,0.0,0.25,310.0,0.0,digital,MX-NORTH,product_recommendation,promote_core_pack,0
376.773558354858,4,26,0.9010385800966754,0.8007585961902964,0.09566756812520921,0,15.5,1.5,0.25,385.0,0.0,traditional_trade,BR-SE,bundle,premium_bundle,1
377.6256906258207,2,14,0.816443808232641,0.29601496102901215,0.15318721688166712,2,9.0,0.0,0.25,310.0,0.0,digital,MX-NORTH,product_recommendation,promote_core_pack,1
158.13409934753787,0,9,0.5222380428633718,0.57226863261829,0.26039850117267127,1,9.0,0.0,0.25,310.0,0.0,digital,BR-SE,product_recommendation,promote_core_pack,0
306.71740624703955,2,30,0.46754098361681773,0.6162638448085922,0.40726801488906966,2,7.5,2.5,0.2,295.0,0.05,digital,MX-CENTRAL,promotion,targeted_discount,1
397.9981919024957,9,22,0.5250264294118007,0.41809120888779544,0.6207476997156158,2,9.0,0.0,0.25,310.0,0.0,digital,MX-NORTH,product_recommendation,promote_core_pack,0
538.8409351633989,4,2,0.6380807998107318,0.4154275498882305,0.0626502707114866,2,18.0,0.0,4.5,0.0,0.0,modern_trade,CO-ANDES,human_followup,sales_visit,0
383.3985399572815,3,22,0.8942111849913205,0.45994983989695215,0.07994686163993496,1,9.0,0.0,0.25,310.0,0.0,traditional_trade,BR-SE,product_recommendation,promote_core_pack,1
328.1869989597901,9,4,0.4907710162466548,0.6757780766057778,0.39636182674397297,2,9.0,0.0,0.25,310.0,0.0,traditional_trade,MX-CENTRAL,product_recommendation,promote_core_pack,0
332.2864772942653,1,18,0.8960874577683164,0.7370122903092062,0.6063497150322962,1,9.0,0.0,0.25,310.0,0.0,digital,CO-ANDES,product_recommendation,promote_core_pack,1
372.6310932359298,2,17,0.40988525206851983,0.7108010476465834,0.6580603776570053,3,18.0,0.0,4.5,0.0,0.0,digital,CO-ANDES,human_followup,sales_visit,0
154.42033025283138,7,1,0.9679708587137899,0.4141858544772921,0.2251497592939838,3,15.5,1.5,0.25,385.0,0.0,digital,BR-SE,bundle,premium_bundle,1
363.7035971861681,5,21,0.9599993936363769,0.8769153896471973,0.5261383877175208,2,7.5,2.5,0.2,295.0,0.05,traditional_trade,MX-NORTH,promotion,targeted_discount,0
363.16404247647966,5,15,0.9245841999823472,0.31656373808472654,0.20477696545975002,0,15.5,1.5,0.25,385.0,0.0,traditional_trade,BR-SE,bundle,premium_bundle,1
98.61581843945928,6,15,0.697003381330325,0.5644187200584918,0.32697637651455713,1,9.0,0.0,0.25,310.0,0.0,traditional_trade,MX-NORTH,product_recommendation,promote_core_pack,1
385.2794909610691,6,24,0.6399087228184999,0.674653533876418,0.3692067941680233,2,15.5,1.5,0.25,385.0,0.0,modern_trade,BR-SE,bundle,premium_bundle,1
304.3431618715238,3,2,0.6055631660711444,0.7530518452931115,0.49237889596613266,3,7.5,2.5,0.2,295.0,0.05,traditional_trade,MX-CENTRAL,promotion,targeted_discount,1
318.7627057405827,7,22,0.7377232862751189,0.8132676931045305,0.7114025407907997,0,18.0,0.0,4.5,0.0,0.0,digital,MX-CENTRAL,human_followup,sales_visit,1
354.5703210984219,9,2,0.6176211692921123,0.24084193831907474,0.27822172950091345,1,9.0,0.0,0.25,310.0,0.0,traditional_trade,MX-CENTRAL,product_recommendation,promote_core_pack,1
327.5013074514069,4,8,0.9221490073731857,0.6269761829911338,0.15531161154555884,3,15.5,1.5,0.25,385.0,0.0,modern_trade,MX-NORTH,bundle,premium_bundle,0
344.1882728888921,6,28,0.8252169150846976,0.27807838067606483,0.3898268374368837,1,18.0,0.0,4.5,0.0,0.0,digital,MX-CENTRAL,human_followup,sales_visit,1
361.6892816972058,6,18,0.6107118378637632,0.7243656427581526,0.4639423787720424,0,7.5,2.5,0.2,295.0,0.05,digital,BR-SE,promotion,targeted_discount,1
147.24866333845603,4,18,0.8054922381054611,0.36791163287196765,0.17205251835160287,0,7.5,2.5,0.2,295.0,0.05,traditional_trade,MX-NORTH,promotion,targeted_discount,0
362.9043534154707,4,2,0.7605530739995329,0.5163943575299421,0.4644915086587663,1,9.0,0.0,0.25,310.0,0.0,digital,CO-ANDES,product_recommendation,promote_core_pack,1
283.04392827863705,3,9,0.731157444142692,0.3013656979428634,0.32664922188207074,0,7.5,2.5,0.2,295.0,0.05,digital,BR-SE,promotion,targeted_discount,1
285.66868393381196,8,1,0.8020075632059049,0.4240688580605723,0.43014411272056524,2,9.0,0.0,0.25,310.0,0.0,traditional_trade,MX-NORTH,product_recommendation,promote_core_pack,1
287.99322208267387,4,30,0.8770649479363298,0.5198881036337255,0.23650784300673888,2,7.5,2.5,0.2,295.0,0.05,digital,CO-ANDES,promotion,targeted_discount,1
253.3593934956907,3,18,0.5605159413974911,0.456063983629358,0.7976059014883289,3,15.5,1.5,0.25,385.0,0.0,digital,MX-CENTRAL,bundle,premium_bundle,0
337.49775370154725,8,26,0.5484323122184294,0.42678905081576196,0.41296547835852254,1,18.0,0.0,4.5,0.0,0.0,modern_trade,MX-CENTRAL,human_followup,sales_visit,0
393.7550518658841,6,8,0.880089839008334,0.14964873910901044,0.2970446643737431,1,7.5,2.5,0.2,295.0,0.05,digital,CO-ANDES,promotion,targeted_discount,1
325.293917720876,6,5,0.7137254411814936,0.42822480632904547,0.1847284173125668,0,18.0,0.0,4.5,0.0,0.0,digital,BR-SE,human_followup,sales_visit,1
439.5323150236565,4,23,0.37497923779723963,0.4442633534101576,0.3725293610486866,1,7.5,2.5,0.2,295.0,0.05,digital,MX-CENTRAL,promotion,targeted_discount,0
268.8274410921426,7,12,0.7794853723167343,0.2920122646968326,0.2877279049620056,1,18.0,0.0,4.5,0.0,0.0,digital,MX-NORTH,human_followup,sales_visit,1
396.4965606610922,7,25,0.7443767926179787,0.13279119680215143,0.04261460480105016,1,7.5,2.5,0.2,295.0,0.05,digital,BR-SE,promotion,targeted_discount,0
394.72202859779026,7,27,0.7425660190345366,0.3206677836497482,0.3551272982140805,1,18.0,0.0,4.5,0.0,0.0,modern_trade,MX-NORTH,human_followup,sales_visit,1
362.9399182094732,4,27,0.8557303375172208,0.609966997471603,0.6740316966136027,3,7.5,2.5,0.2,295.0,0.05,traditional_trade,MX-NORTH,promotion,targeted_discount,1
337.0056944392163,6,7,0.7727661393024,0.2505396863199998,0.5235305741584912,2,15.5,1.5,0.25,385.0,0.0,modern_trade,MX-CENTRAL,bundle,premium_bundle,0
339.96248861435015,6,13,0.7985726327203653,0.413510490484452,0.17297128874786255,0,15.5,1.5,0.25,385.0,0.0,digital,CO-ANDES,bundle,premium_bundle,1
556.7945978482487,7,0,0.8280769281965273,0.37834933491861206,0.32373452013460624,0,15.5,1.5,0.25,385.0,0.0,modern_trade,MX-NORTH,bundle,premium_bundle,1
232.64200527125848,3,2,0.7226878302456238,0.1214170851422264,0.5301252262010122,3,15.5,1.5,0.25,385.0,0.0,traditional_trade,MX-NORTH,bundle,premium_bundle,0
413.6167631139941,6,17,0.7189472936342035,0.16853261928191088,0.15155978610119542,3,7.5,2.5,0.2,295.0,0.05,modern_trade,CO-ANDES,promotion,targeted_discount,0
392.2095429642941,5,22,0.9676747777062142,0.38215782988311153,0.28255223475447677,1,15.5,1.5,0.25,385.0,0.0,traditional_trade,BR-SE,bundle,premium_bundle,0
359.0142772541309,5,16,0.7927555949907482,0.6680122433502153,0.4167268493595832,3,9.0,0.0,0.25,310.0,0.0,digital,BR-SE,product_recommendation,promote_core_pack,0
421.388347921258,5,2,0.3409657290366597,0.5794255312250438,0.4959298743663908,3,18.0,0.0,4.5,0.0,0.0,traditional_trade,MX-NORTH,human_followup,sales_visit,1
322.01850269449733,8,9,0.8217924624938479,0.7137173791745189,0.4175169265842322,0,18.0,0.0,4.5,0.0,0.0,modern_trade,BR-SE,human_followup,sales_visit,0
326.3325987749329,7,10,0.5297908816350518,0.33756442347509336,0.6432980870283754,3,7.5,2.5,0.2,295.0,0.05,traditional_trade,MX-NORTH,promotion,targeted_discount,0
305.1808124338218,5,4,0.578298039137419,0.36624119918239273,0.2685050286659522,2,9.0,0.0,0.25,310.0,0.0,traditional_trade,MX-CENTRAL,product_recommendation,promote_core_pack,1
360.3206931228377,3,27,0.22799000828291696,0.4102153856002294,0.5701137987493453,3,15.5,1.5,0.25,385.0,0.0,traditional_trade,CO-ANDES,bundle,premium_bundle,0
432.60566974726817,4,26,0.6693134459543137,0.4197422405144372,0.4607419304054068,0,7.5,2.5,0.2,295.0,0.05,traditional_trade,MX-NORTH,promotion,targeted_discount,0
194.98365537671802,4,3,0.47671356025003075,0.5906166370482935,0.6186863173218504,1,7.5,2.5,0.2,295.0,0.05,traditional_trade,MX-NORTH,promotion,targeted_discount,0
407.95682526228074,6,20,0.9511727485197776,0.28841542078938387,0.25550428103378053,2,18.0,0.0,4.5,0.0,0.0,modern_trade,MX-NORTH,human_followup,sales_visit,1
217.47793058105458,4,23,0.7737695428743007,0.4651318015192988,0.9441090822494596,0,7.5,2.5,0.2,295.0,0.05,modern_trade,MX-CENTRAL,promotion,targeted_discount,0
331.2766113556699,6,23,0.7053286061191972,0.6322881887146458,0.5411934144354622,0,18.0,0.0,4.5,0.0,0.0,traditional_trade,BR-SE,human_followup,sales_visit,0
450.9439947596235,4,20,0.683177250705246,0.3019800317768097,0.3760080138025647,2,9.0,0.0,0.25,310.0,0.0,digital,BR-SE,product_recommendation,promote_core_pack,1
257.3757253698151,6,16,0.6742236978820172,0.21034943263647157,0.4218853909455946,2,18.0,0.0,4.5,0.0,0.0,digital,MX-CENTRAL,human_followup,sales_visit,1
192.9584477479503,2,22,0.5740043734408481,0.7255742692757691,0.24703487032069316,2,7.5,2.5,0.2,295.0,0.05,digital,MX-CENTRAL,promotion,targeted_discount,0
405.8165864772101,3,16,0.762357429402589,0.31814849179643534,0.07278178408260179,2,9.0,0.0,0.25,310.0,0.0,traditional_trade,MX-NORTH,product_recommendation,promote_core_pack,0
291.89735622945403,4,16,0.3455389164184809,0.723541314525426,0.4017355613036584,0,18.0,0.0,4.5,0.0,0.0,traditional_trade,CO-ANDES,human_followup,sales_visit,0
230.56197809578904,3,18,0.7692499060564618,0.2693856408778261,0.40034596839972214,3,9.0,0.0,0.25,310.0,0.0,modern_trade,CO-ANDES,product_recommendation,promote_core_pack,0
363.28048732606374,3,30,0.5361658598043187,0.4950863216933778,0.5491648572187742,2,18.0,0.0,4.5,0.0,0.0,digital,BR-SE,human_followup,sales_visit,0
281.8039972336218,1,22,0.6835700345139955,0.5018864265401135,0.59542929298966,2,15.5,1.5,0.25,385.0,0.0,digital,BR-SE,bundle,premium_bundle,1
251.1125268258417,0,13,0.7036373744254124,0.3542661862043531,0.3580718618954174,2,7.5,2.5,0.2,295.0,0.05,modern_trade,BR-SE,promotion,targeted_discount,1
254.57909890528035,4,27,0.7714638671283331,0.09629413868545551,0.4606356775603237,3,7.5,2.5,0.2,295.0,0.05,digital,MX-CENTRAL,promotion,targeted_discount,0
389.95843716514065,7,22,0.7763894308525782,0.4881219035026347,0.5354509337871887,0,18.0,0.0,4.5,0.0,0.0,traditional_trade,BR-SE,human_followup,sales_visit,0
385.86288801152557,8,16,0.3376951147886095,0.49977966386381506,0.3579086005959506,3,9.0,0.0,0.25,310.0,0.0,modern_trade,CO-ANDES,product_recommendation,promote_core_pack,0
413.9165114523279,5,29,0.9051829730083039,0.18086079730145913,0.1827114097915714,1,15.5,1.5,0.25,385.0,0.0,digital,BR-SE,bundle,premium_bundle,1
318.366819783457,3,20,0.607948735609193,0.5516237649391208,0.12464136427267297,1,15.5,1.5,0.25,385.0,0.0,traditional_trade,BR-SE,bundle,premium_bundle,0
314.35264172284434,5,14,0.7482000093001696,0.27231965583192086,0.5309177118482941,1,9.0,0.0,0.25,310.0,0.0,traditional_trade,MX-NORTH,product_recommendation,promote_core_pack,1
293.0116012249834,7,1,0.7157228462903813,0.5513741959308239,0.19282658736079367,0,9.0,0.0,0.25,310.0,0.0,modern_trade,MX-NORTH,product_recommendation,promote_core_pack,1
330.7865692727391,9,19,0.4802724883949622,0.2783157128268863,0.3959419650267257,3,18.0,0.0,4.5,0.0,0.0,digital,MX-CENTRAL,human_followup,sales_visit,0
371.8845989071991,7,14,0.9471659370638944,0.8625085937305257,0.5124197690042839,1,18.0,0.0,4.5,0.0,0.0,traditional_trade,BR-SE,human_followup,sales_visit,0
322.632327735508,4,23,0.5064776424405166,0.25262863557885074,0.5249186049675796,1,7.5,2.5,0.2,295.0,0.05,traditional_trade,BR-SE,promotion,targeted_discount,1
245.8787945241642,8,8,0.6760558052668734,0.3350142702039489,0.4773953945052608,3,18.0,0.0,4.5,0.0,0.0,modern_trade,MX-NORTH,human_followup,sales_visit,1
270.81697117119165,4,29,0.6882704537902922,0.3659205565155136,0.3922357384692821,3,18.0,0.0,4.5,0.0,0.0,traditional_trade,BR-SE,human_followup,sales_visit,0
343.437916181873,6,5,0.44627279434181266,0.5660374681385748,0.5315416956225198,3,15.5,1.5,0.25,385.0,0.0,modern_trade,CO-ANDES,bundle,premium_bundle,0
423.0217057866832,8,30,0.606685966253235,0.774717617973698,0.5102984059517061,2,18.0,0.0,4.5,0.0,0.0,modern_trade,MX-NORTH,human_followup,sales_visit,0
263.5537286404026,5,22,0.7760362189672453,0.4990567447737514,0.41248340842275094,3,15.5,1.5,0.25,385.0,0.0,traditional_trade,MX-CENTRAL,bundle,premium_bundle,0
80.0,1,20,0.8109595397695467,0.5963778013261458,0.14556749455872092,3,15.5,1.5,0.25,385.0,0.0,digital,MX-CENTRAL,bundle,premium_bundle,0
204.43538833083755,2,14,0.8541256743756165,0.22482398397012812,0.07203590588657513,0,18.0,0.0,4.5,0.0,0.0,digital,MX-NORTH,human_followup,sales_visit,1
497.8644124434195,1,7,0.743730828998157,0.18439212311826061,0.8272551126749674,0,9.0,0.0,0.25,310.0,0.0,traditional_trade,MX-CENTRAL,product_recommendation,promote_core_pack,1
348.3382729013545,2,1,0.7069474543401969,0.44029703756899186,0.37840807028004403,3,9.0,0.0,0.25,310.0,0.0,modern_trade,MX-NORTH,product_recommendation,promote_core_pack,0
430.0284340995513,8,19,0.9306156055117,0.40687212244819565,0.48982735604314415,1,15.5,1.5,0.25,385.0,0.0,traditional_trade,MX-CENTRAL,bundle,premium_bundle,1
248.32920136593395,3,15,0.6169822345801999,0.07137644630458276,0.3387130599319302,3,7.5,2.5,0.2,295.0,0.05,digital,CO-ANDES,promotion,targeted_discount,1
390.43322114715306,5,28,0.6677161168860097,0.3264423695223112,0.44914781782579805,1,18.0,0.0,4.5,0.0,0.0,traditional_trade,MX-NORTH,human_followup,sales_visit,0
520.1896858637087,6,21,0.736163247448733,0.18553729675985445,0.323063299169743,1,7.5,2.5,0.2,295.0,0.05,modern_trade,MX-CENTRAL,promotion,targeted_discount,1
261.6992571126551,7,28,0.8969844465311517,0.25240585822518635,0.16977357866195794,0,7.5,2.5,0.2,295.0,0.05,modern_trade,MX-NORTH,promotion,targeted_discount,1
526.4117693741987,5,3,0.7962997101802569,0.17189766358286698,0.6281013463426356,1,15.5,1.5,0.25,385.0,0.0,traditional_trade,CO-ANDES,bundle,premium_bundle,1
251.42278905334382,7,5,0.485893800522716,0.6509567138665534,0.48057752863965963,1,7.5,2.5,0.2,295.0,0.05,traditional_trade,BR-SE,promotion,targeted_discount,1
217.08993024128364,4,2,0.7719919854856264,0.3440034096299414,0.19012844779602375,3,18.0,0.0,4.5,0.0,0.0,modern_trade,CO-ANDES,human_followup,sales_visit,0
323.17774696589663,3,10,0.7495179896785145,0.3261806106816655,0.2421594688988674,1,18.0,0.0,4.5,0.0,0.0,traditional_trade,BR-SE,human_followup,sales_visit,0
248.97088368386028,4,22,0.9716632715942493,0.3564509649200172,0.5515536948204635,3,7.5,2.5,0.2,295.0,0.05,modern_trade,BR-SE,promotion,targeted_discount,1
389.9451228242559,6,27,0.892098853473906,0.2930649021211591,0.33646738296655365,3,7.5,2.5,0.2,295.0,0.05,modern_trade,BR-SE,promotion,targeted_discount,0
326.24774378359507,1,21,0.8113825756332188,0.5684790706599713,0.014899553327460464,2,9.0,0.0,0.25,310.0,0.0,modern_trade,BR-SE,product_recommendation,promote_core_pack,1
275.0139983006208,3,19,0.6156416700155186,0.613708054617066,0.22370512526672437,1,7.5,2.5,0.2,295.0,0.05,traditional_trade,MX-CENTRAL,promotion,targeted_discount,1
276.00747109289057,4,2,0.6860805680252623,0.2678211539799493,0.10903674788628068,0,15.5,1.5,0.25,385.0,0.0,digital,MX-CENTRAL,bundle,premium_bundle,1
330.8200424823244,4,17,0.602694198421269,0.30748843205300086,0.6461970855589317,0,7.5,2.5,0.2,295.0,0.05,digital,CO-ANDES,promotion,targeted_discount,1
554.2534234699378,8,14,0.7297882122002213,0.754226939307977,0.5848131312712121,0,18.0,0.0,4.5,0.0,0.0,traditional_trade,BR-SE,human_followup,sales_visit,1
392.9084158747039,4,10,0.5789248389610742,0.7010750287800233,0.24654917691486747,3,18.0,0.0,4.5,0.0,0.0,modern_trade,MX-NORTH,human_followup,sales_visit,0
397.12075872066134,5,4,0.6899190164169302,0.19916270570307948,0.1669258960061396,2,15.5,1.5,0.25,385.0,0.0,digital,MX-CENTRAL,bundle,premium_bundle,1
296.6143662629345,3,9,0.6229225841478014,0.339222249947522,0.35739638158527215,2,9.0,0.0,0.25,310.0,0.0,traditional_trade,MX-CENTRAL,product_recommendation,promote_core_pack,0
262.49570190441125,7,17,0.7442628773810802,0.5315111996055469,0.2838690983467419,3,9.0,0.0,0.25,310.0,0.0,digital,MX-NORTH,product_recommendation,promote_core_pack,0
470.1734667508571,3,9,0.35820793428617176,0.5848756582635185,0.05507638000125099,0,9.0,0.0,0.25,310.0,0.0,modern_trade,CO-ANDES,product_recommendation,promote_core_pack,0
322.49622217232223,5,7,0.4647928699845185,0.4004373866699327,0.32526654806788097,2,15.5,1.5,0.25,385.0,0.0,modern_trade,BR-SE,bundle,premium_bundle,0
270.59401853469524,3,19,0.7059496481688541,0.6700804685407844,0.46475318072628163,2,9.0,0.0,0.25,310.0,0.0,traditional_trade,BR-SE,product_recommendation,promote_core_pack,1
338.3095696583581,4,19,0.6308851666662381,0.6350933239295184,0.24105896773552948,3,7.5,2.5,0.2,295.0,0.05,traditional_trade,MX-CENTRAL,promotion,targeted_discount,1
302.191794367363,4,26,0.44483619615357356,0.19612979433713384,0.47597682657831714,2,18.0,0.0,4.5,0.0,0.0,traditional_trade,MX-CENTRAL,human_followup,sales_visit,0
316.9133527799085,4,0,0.21633940766578547,0.7296110497039106,0.529510923216337,3,9.0,0.0,0.25,310.0,0.0,traditional_trade,MX-NORTH,product_recommendation,promote_core_pack,0
375.63448186062567,7,22,0.5869497141647428,0.5416590879664774,0.14960231135235627,2,9.0,0.0,0.25,310.0,0.0,traditional_trade,BR-SE,product_recommendation,promote_core_pack,0
225.820345793658,7,25,0.8724801814684671,0.5044486071982133,0.7855858770971459,2,18.0,0.0,4.5,0.0,0.0,digital,CO-ANDES,human_followup,sales_visit,0
305.5303044600271,5,1,0.32796808655330517,0.34087485361117265,0.7478681577513907,0,18.0,0.0,4.5,0.0,0.0,traditional_trade,BR-SE,human_followup,sales_visit,1
383.3511029100305,4,21,0.6099371173574611,0.4480880713800155,0.5635280568302379,2,9.0,0.0,0.25,310.0,0.0,traditional_trade,BR-SE,product_recommendation,promote_core_pack,0
341.1392118563493,6,23,0.8950075157601615,0.15369674181038695,0.09785889168594651,1,7.5,2.5,0.2,295.0,0.05,traditional_trade,CO-ANDES,promotion,targeted_discount,0
335.3337790167179,0,19,0.7725502274479978,0.46234291774921404,0.0472696023731097,0,9.0,0.0,0.25,310.0,0.0,traditional_trade,MX-CENTRAL,product_recommendation,promote_core_pack,1
226.89911350861706,7,28,0.8635151232457181,0.603807472182631,0.3175541694730126,0,15.5,1.5,0.25,385.0,0.0,traditional_trade,BR-SE,bundle,premium_bundle,0
379.377457160976,6,26,0.5197841070951561,0.3423932679276442,0.26022943944045274,0,18.0,0.0,4.5,0.0,0.0,digital,CO-ANDES,human_followup,sales_visit,0
275.22806166049907,11,3,0.36090043007944567,0.16021100175698985,0.5369236798920964,1,15.5,1.5,0.25,385.0,0.0,modern_trade,CO-ANDES,bundle,premium_bundle,0
267.88021552671336,4,2,0.909395788735923,0.5795490123336724,0.4411216787908612,2,18.0,0.0,4.5,0.0,0.0,digital,MX-NORTH,human_followup,sales_visit,0
392.16795505556115,1,15,0.7403128275589628,0.8635657057102625,0.3708269537609789,1,9.0,0.0,0.25,310.0,0.0,traditional_trade,MX-NORTH,product_recommendation,promote_core_pack,1
277.0766780220666,4,18,0.8205036713728584,0.18052144365579145,0.19411198940858443,0,9.0,0.0,0.25,310.0,0.0,digital,MX-CENTRAL,product_recommendation,promote_core_pack,0
397.1588777505264,6,20,0.7738834531966163,0.3459797417679221,0.5076997957919602,0,18.0,0.0,4.5,0.0,0.0,traditional_trade,BR-SE,human_followup,sales_visit,1
276.7159695157661,2,3,0.7455874005193497,0.18925012356299672,0.7990843944503052,3,15.5,1.5,0.25,385.0,0.0,digital,MX-NORTH,bundle,premium_bundle,0
426.25181748262037,6,1,0.5548426080429596,0.8524925166770304,0.6546161019457782,3,7.5,2.5,0.2,295.0,0.05,traditional_trade,MX-CENTRAL,promotion,targeted_discount,1
385.78536072444274,6,21,0.8289916477155036,0.21205436753713838,0.33294066859333815,0,18.0,0.0,4.5,0.0,0.0,traditional_trade,MX-CENTRAL,human_followup,sales_visit,1
330.80312288132467,5,0,0.6575100170835978,0.47330559536021993,0.3254024013449925,1,15.5,1.5,0.25,385.0,0.0,modern_trade,BR-SE,bundle,premium_bundle,0
446.44867495082946,3,27,0.6494675308611346,0.7978783724776274,0.17552099953424075,3,7.5,2.5,0.2,295.0,0.05,modern_trade,MX-CENTRAL,promotion,targeted_discount,1
375.97153551374055,5,16,0.5125221486963799,0.1112694222995085,0.8840806859907986,0,7.5,2.5,0.2,295.0,0.05,traditional_trade,BR-SE,promotion,targeted_discount,1
350.28635803121927,6,9,0.8485191713377097,0.426860914570535,0.433633576867554,0,7.5,2.5,0.2,295.0,0.05,modern_trade,CO-ANDES,promotion,targeted_discount,1
292.6340802260757,4,4,0.8476929236600639,0.5485149423238289,0.19352305556690164,0,18.0,0.0,4.5,0.0,0.0,digital,BR-SE,human_followup,sales_visit,1
187.36149920569954,6,30,0.2746149520820409,0.8377499998754084,0.45227278348459593,3,18.0,0.0,4.5,0.0,0.0,traditional_trade,MX-NORTH,human_followup,sales_visit,1
310.548478520602,5,20,0.7230499455555159,0.4707527844298099,0.44423711801233373,2,7.5,2.5,0.2,295.0,0.05,traditional_trade,CO-ANDES,promotion,targeted_discount,0
293.53878677969396,6,20,0.9505266331169435,0.7163834389544704,0.8776360348120447,2,9.0,0.0,0.25,310.0,0.0,traditional_trade,MX-CENTRAL,product_recommendation,promote_core_pack,1
285.9983820665805,4,27,0.6117310904121015,0.39635880316712085,0.12041024896257141,1,18.0,0.0,4.5,0.0,0.0,digital,CO-ANDES,human_followup,sales_visit,1
370.78003639576764,7,2,0.8253841475351347,0.5835295262043272,0.5528904733630214,1,18.0,0.0,4.5,0.0,0.0,traditional_trade,MX-NORTH,human_followup,sales_visit,0
320.8513343903382,4,2,0.5498552495872908,0.15208639079008238,0.16776953922495005,1,9.0,0.0,0.25,310.0,0.0,digital,CO-ANDES,product_recommendation,promote_core_pack,1
399.3115391258598,4,7,0.7340646754557002,0.7818443657501042,0.11417807982042764,3,18.0,0.0,4.5,0.0,0.0,traditional_trade,BR-SE,human_followup,sales_visit,1
320.50492218910813,2,2,0.6912339338843823,0.3735165721811075,0.5099120666831883,2,9.0,0.0,0.25,310.0,0.0,modern_trade,CO-ANDES,product_recommendation,promote_core_pack,0
467.8505494333533,8,24,0.7493128140074571,0.2801769481285942,0.20756708481581534,3,15.5,1.5,0.25,385.0,0.0,modern_trade,CO-ANDES,bundle,premium_bundle,0
330.02912425718506,8,12,0.8544124004698016,0.4515008476486092,0.3225301876179795,0,18.0,0.0,4.5,0.0,0.0,modern_trade,MX-CENTRAL,human_followup,sales_visit,1
385.4695209429145,6,29,0.7127918256248719,0.48937950390810037,0.4993718856480397,0,9.0,0.0,0.25,310.0,0.0,modern_trade,MX-CENTRAL,product_recommendation,promote_core_pack,0
348.32010782300546,10,13,0.43734435542887024,0.8185881028525873,0.4971408995436969,0,7.5,2.5,0.2,295.0,0.05,traditional_trade,MX-CENTRAL,promotion,targeted_discount,1
352.93814408193214,5,30,0.7584801201556752,0.21995652519988085,0.1084175863961946,2,7.5,2.5,0.2,295.0,0.05,modern_trade,MX-NORTH,promotion,targeted_discount,0
447.803354217451,5,22,0.6741405926754614,0.18473892574222825,0.5252344792534148,0,9.0,0.0,0.25,310.0,0.0,digital,MX-NORTH,product_recommendation,promote_core_pack,1
413.7878877548311,4,24,0.6339346439111834,0.6269763123540462,0.27666774864011645,0,9.0,0.0,0.25,310.0,0.0,digital,BR-SE,product_recommendation,promote_core_pack,1
338.8611396376139,7,4,0.7051135697670842,0.6277024693807062,0.07347720063933255,2,9.0,0.0,0.25,310.0,0.0,traditional_trade,CO-ANDES,product_recommendation,promote_core_pack,1
260.6784337646644,7,27,0.8530428697685432,0.8090869909131497,0.7949388195921279,1,18.0,0.0,4.5,0.0,0.0,traditional_trade,BR-SE,human_followup,sales_visit,1
307.59566520458594,5,3,0.7331248079106659,0.3139063577423299,0.3866582821447225,0,18.0,0.0,4.5,0.0,0.0,modern_trade,CO-ANDES,human_followup,sales_visit,1
335.5887829205181,2,26,0.6399722234842601,0.9274669374325353,0.36294629808495804,2,18.0,0.0,4.5,0.0,0.0,modern_trade,BR-SE,human_followup,sales_visit,0
274.9677281039491,4,6,0.5289822224038087,0.6493604897110016,0.22134031736295567,1,15.5,1.5,0.25,385.0,0.0,modern_trade,BR-SE,bundle,premium_bundle,1
291.34845122238823,2,22,0.6379818746964944,0.5948850966250102,0.3665161205330588,0,9.0,0.0,0.25,310.0,0.0,modern_trade,MX-NORTH,product_recommendation,promote_core_pack,0
326.0765501966538,4,9,0.7745752469975601,0.31180711558221236,0.28354743248130393,3,18.0,0.0,4.5,0.0,0.0,traditional_trade,MX-CENTRAL,human_followup,sales_visit,0
369.5843852652598,6,4,0.7575223146101779,0.2417013477387659,0.5256490521732229,2,7.5,2.5,0.2,295.0,0.05,traditional_trade,MX-CENTRAL,promotion,targeted_discount,0
451.9398199884917,5,15,0.9310384155549629,0.8839810083761965,0.06291114779147874,2,18.0,0.0,4.5,0.0,0.0,modern_trade,CO-ANDES,human_followup,sales_visit,1
344.41581138353376,4,11,0.4937802767679208,0.5646648653950231,0.21852823834026167,0,9.0,0.0,0.25,310.0,0.0,modern_trade,CO-ANDES,product_recommendation,promote_core_pack,1
340.1067282113988,6,7,0.39439728168656085,0.5529897200956765,0.5074568218773816,1,7.5,2.5,0.2,295.0,0.05,traditional_trade,MX-CENTRAL,promotion,targeted_discount,0
271.6202900981486,1,24,0.679964925382228,0.8892122504491788,0.4858456508540783,1,18.0,0.0,4.5,0.0,0.0,traditional_trade,CO-ANDES,human_followup,sales_visit,0
294.7339290147336,6,22,0.8664168389676302,0.464090648501907,0.7001166427616612,3,7.5,2.5,0.2,295.0,0.05,modern_trade,CO-ANDES,promotion,targeted_discount,1
355.81408489712845,6,23,0.7931144845255927,0.2296838887601124,0.5100158726446549,3,18.0,0.0,4.5,0.0,0.0,modern_trade,MX-CENTRAL,human_followup,sales_visit,0
354.7910522530695,3,28,0.897820131865557,0.3247401285183062,0.26928197942262505,3,18.0,0.0,4.5,0.0,0.0,modern_trade,CO-ANDES,human_followup,sales_visit,1
229.60096958612164,4,13,0.4022507731143106,0.3761534261709865,0.3536496723923479,2,18.0,0.0,4.5,0.0,0.0,digital,CO-ANDES,human_followup,sales_visit,0
369.68591107764956,6,18,0.844361078946941,0.09893760558320011,0.4622249208940178,0,9.0,0.0,0.25,310.0,0.0,digital,MX-CENTRAL,product_recommendation,promote_core_pack,1
423.0351928796939,4,10,0.8610476182974067,0.6998042147597987,0.15456715825361564,0,9.0,0.0,0.25,310.0,0.0,modern_trade,BR-SE,product_recommendation,promote_core_pack,0
186.38837647442804,5,22,0.3927005490919876,0.39417628339056154,0.5526034654318296,3,18.0,0.0,4.5,0.0,0.0,digital,BR-SE,human_followup,sales_visit,1
281.82544913204447,4,15,0.8568221488959719,0.14701943121309957,0.6601931745792312,0,9.0,0.0,0.25,310.0,0.0,digital,BR-SE,product_recommendation,promote_core_pack,1
296.4589092662464,4,8,0.6004941474066806,0.10640811239018372,0.20926030374840518,0,15.5,1.5,0.25,385.0,0.0,modern_trade,MX-CENTRAL,bundle,premium_bundle,1
171.99618574097175,7,17,0.7127657620116933,0.7186210778100779,0.29654760322680934,1,7.5,2.5,0.2,295.0,0.05,digital,CO-ANDES,promotion,targeted_discount,1
390.3120071691669,5,14,0.6576637395313872,0.35779760944508887,0.327918487119589,3,15.5,1.5,0.25,385.0,0.0,traditional_trade,MX-CENTRAL,bundle,premium_bundle,0
335.86811259527667,7,14,0.7159220859444873,0.5024170807765054,0.7869414573800289,2,9.0,0.0,0.25,310.0,0.0,traditional_trade,CO-ANDES,product_recommendation,promote_core_pack,0
281.0570386017163,1,17,0.5564860974674585,0.429344538526658,0.11932547200891593,2,7.5,2.5,0.2,295.0,0.05,digital,BR-SE,promotion,targeted_discount,0
255.98766643579717,2,26,0.8080388971683075,0.41096478168062633,0.4444049610936192,1,9.0,0.0,0.25,310.0,0.0,modern_trade,BR-SE,product_recommendation,promote_core_pack,0
373.4729353973021,5,27,0.49265207958121965,0.42721522204292106,0.17184879114059773,0,9.0,0.0,0.25,310.0,0.0,traditional_trade,MX-NORTH,product_recommendation,promote_core_pack,0
381.5417090217097,5,29,0.9148043521384012,0.31572216069966785,0.2995306911871007,3,9.0,0.0,0.25,310.0,0.0,digital,BR-SE,product_recommendation,promote_core_pack,1
313.59424520759063,9,16,0.9010917408195855,0.7077533190681765,0.6145835101631931,3,7.5,2.5,0.2,295.0,0.05,traditional_trade,MX-NORTH,promotion,targeted_discount,1
365.8684368764118,5,21,0.6263821320785439,0.46772901604044015,0.6309979761074833,3,9.0,0.0,0.25,310.0,0.0,modern_trade,MX-NORTH,product_recommendation,promote_core_pack,0
322.7466696640877,2,25,0.7518790495651234,0.7634273701031696,0.3496575536752132,3,18.0,0.0,4.5,0.0,0.0,modern_trade,MX-NORTH,human_followup,sales_visit,0
286.7321190494817,8,8,0.89594865727954,0.5292495909155774,0.255039448225407,0,9.0,0.0,0.25,310.0,0.0,traditional_trade,MX-NORTH,product_recommendation,promote_core_pack,1
303.45425777827217,2,8,0.805124475318128,0.6837945307029522,0.3752725162871701,1,15.5,1.5,0.25,385.0,0.0,digital,MX-NORTH,bundle,premium_bundle,0
361.64060267404204,6,28,0.5533401232976886,0.3745323585628804,0.5737936426561606,1,9.0,0.0,0.25,310.0,0.0,traditional_trade,BR-SE,product_recommendation,promote_core_pack,0
369.97216207287863,7,1,0.22865088112329468,0.2761894437919881,0.3846357581028988,0,9.0,0.0,0.25,310.0,0.0,digital,CO-ANDES,product_recommendation,promote_core_pack,1
284.0014257733024,10,0,0.49747479823712754,0.581271758673297,0.6595130608214218,0,9.0,0.0,0.25,310.0,0.0,modern_trade,MX-CENTRAL,product_recommendation,promote_core_pack,0
363.3078116928448,5,8,0.409915631975606,0.39866257096123003,0.1695206043390199,2,18.0,0.0,4.5,0.0,0.0,digital,MX-CENTRAL,human_followup,sales_visit,0
285.0265364723937,4,2,0.42530242870891216,0.7476313907260981,0.34862101661826295,2,18.0,0.0,4.5,0.0,0.0,traditional_trade,BR-SE,human_followup,sales_visit,0
301.12498035405275,2,19,0.8927108250751945,0.7126500793853171,0.16560427084248022,3,15.5,1.5,0.25,385.0,0.0,digital,CO-ANDES,bundle,premium_bundle,0
376.5941738617385,6,4,0.950414589837381,0.4472941049915837,0.25822017201678815,2,18.0,0.0,4.5,0.0,0.0,traditional_trade,BR-SE,human_followup,sales_visit,1
453.49989344242454,4,3,0.8250855873891516,0.4100415745857209,0.4118488523844959,1,15.5,1.5,0.25,385.0,0.0,modern_trade,MX-CENTRAL,bundle,premium_bundle,1
379.8472478887801,3,18,0.45041070662859833,0.049747198686088144,0.2986220617287904,1,9.0,0.0,0.25,310.0,0.0,digital,CO-ANDES,product_recommendation,promote_core_pack,1
257.78366794412716,8,1,0.8389459922493826,0.3118488173638616,0.5008968327232031,1,15.5,1.5,0.25,385.0,0.0,digital,CO-ANDES,bundle,premium_bundle,0
304.52694185615474,5,28,0.9615599626822764,0.5088670138563779,0.34680847245433677,2,15.5,1.5,0.25,385.0,0.0,traditional_trade,BR-SE,bundle,premium_bundle,0
389.18823449439935,9,7,0.11924801008785473,0.41598038915665525,0.24240208690540127,0,7.5,2.5,0.2,295.0,0.05,digital,MX-NORTH,promotion,targeted_discount,1
364.50044959134704,6,16,0.6107823133419885,0.860893398137061,0.33534427163079866,1,9.0,0.0,0.25,310.0,0.0,digital,MX-CENTRAL,product_recommendation,promote_core_pack,1
275.02678890120825,5,6,0.9167022495466435,0.35664975435618984,0.5113061407071389,0,7.5,2.5,0.2,295.0,0.05,digital,MX-CENTRAL,promotion,targeted_discount,0
415.957458667684,12,30,0.8313510455027175,0.673812462136944,0.48862314668611395,0,9.0,0.0,0.25,310.0,0.0,digital,CO-ANDES,product_recommendation,promote_core_pack,0
221.23789876555514,5,16,0.4163970032631516,0.8487281723120265,0.5207504759610322,0,18.0,0.0,4.5,0.0,0.0,modern_trade,MX-CENTRAL,human_followup,sales_visit,1
411.32140580662053,3,15,0.8889117049485504,0.13596302530102117,0.4663127899550346,0,7.5,2.5,0.2,295.0,0.05,digital,MX-NORTH,promotion,targeted_discount,1
87.34000627641109,3,15,0.917352219479288,0.6579338640763105,0.3254818094386243,0,18.0,0.0,4.5,0.0,0.0,digital,MX-CENTRAL,human_followup,sales_visit,0
282.80703450369924,8,27,0.6680854194050363,0.21318218593942212,0.8054172077352026,3,9.0,0.0,0.25,310.0,0.0,digital,BR-SE,product_recommendation,promote_core_pack,1
284.1612313629237,2,10,0.9780393900385086,0.9168639621556167,0.6553447527489031,0,18.0,0.0,4.5,0.0,0.0,modern_trade,MX-CENTRAL,human_followup,sales_visit,1
217.8199764547674,7,23,0.4130975111229893,0.7869024809213713,0.2548117884853616,1,15.5,1.5,0.25,385.0,0.0,modern_trade,MX-NORTH,bundle,premium_bundle,0
345.8855989715762,7,25,0.7770246738987128,0.3280454219355876,0.21209284975112375,2,15.5,1.5,0.25,385.0,0.0,digital,CO-ANDES,bundle,premium_bundle,1
334.5121940522023,4,0,0.7850206246694098,0.6778305003921798,0.13553790198474916,1,18.0,0.0,4.5,0.0,0.0,digital,CO-ANDES,human_followup,sales_visit,1
395.8288106281997,7,21,0.9396675474037072,0.17749724374367642,0.7882276821979071,1,9.0,0.0,0.25,310.0,0.0,traditional_trade,MX-NORTH,product_recommendation,promote_core_pack,1
121.15884379939973,4,27,0.8505874305502381,0.24082232061862902,0.12679256674166067,1,15.5,1.5,0.25,385.0,0.0,traditional_trade,MX-NORTH,bundle,premium_bundle,0
394.81514095707996,2,28,0.7491502871351736,0.5916143712454907,0.17966791047393824,0,18.0,0.0,4.5,0.0,0.0,traditional_trade,CO-ANDES,human_followup,sales_visit,0
435.09153562560965,5,28,0.7685971456873569,0.7116489000730726,0.45609846757636685,2,15.5,1.5,0.25,385.0,0.0,modern_trade,CO-ANDES,bundle,premium_bundle,1
346.37829027117243,6,21,0.4853735354472163,0.45666557135522706,0.6521092944998936,0,7.5,2.5,0.2,295.0,0.05,digital,BR-SE,promotion,targeted_discount,1
559.6405608904367,10,18,0.8240817356597351,0.5612265398487272,0.7962974548705303,2,7.5,2.5,0.2,295.0,0.05,traditional_trade,BR-SE,promotion,targeted_discount,1
428.78258615083394,4,9,0.7758960841312733,0.648780723772458,0.8098227167692245,3,15.5,1.5,0.25,385.0,0.0,traditional_trade,MX-CENTRAL,bundle,premium_bundle,1
186.7219071873879,7,5,0.5866449069049554,0.44142306131991016,0.24808560414656491,3,7.5,2.5,0.2,295.0,0.05,traditional_trade,CO-ANDES,promotion,targeted_discount,0
414.7119284823219,6,11,0.7600892069333025,0.5603677996326198,0.7019385130483732,3,18.0,0.0,4.5,0.0,0.0,digital,MX-NORTH,human_followup,sales_visit,1
399.8235720025838,3,15,0.9191999144929018,0.6713620154155264,0.11100681680900769,3,9.0,0.0,0.25,310.0,0.0,modern_trade,MX-NORTH,product_recommendation,promote_core_pack,1
301.33547721940323,5,5,0.5452054367892588,0.6930076045729324,0.0296457383997447,0,15.5,1.5,0.25,385.0,0.0,digital,MX-NORTH,bundle,premium_bundle,1
384.06964346456175,3,7,0.6938797808696587,0.3542919110863223,0.22881257969535254,2,18.0,0.0,4.5,0.0,0.0,digital,MX-CENTRAL,human_followup,sales_visit,0
316.01365256375294,6,29,0.5393280382966699,0.4559814777360084,0.2068661809726882,1,9.0,0.0,0.25,310.0,0.0,modern_trade,MX-CENTRAL,product_recommendation,promote_core_pack,0
339.91864499502765,9,5,0.6597291587129077,0.782071651044662,0.5287356343282181,0,9.0,0.0,0.25,310.0,0.0,traditional_trade,MX-CENTRAL,product_recommendation,promote_core_pack,1
238.05989682657724,3,1,0.8953468937343396,0.36978931230250256,0.4567660596073727,0,9.0,0.0,0.25,310.0,0.0,traditional_trade,BR-SE,product_recommendation,promote_core_pack,1
424.94476012861264,5,9,0.5252773792578944,0.8656931974000988,0.31693240594436944,1,15.5,1.5,0.25,385.0,0.0,traditional_trade,BR-SE,bundle,premium_bundle,0
278.98944125812307,4,20,0.39934842789874514,0.4580008762879988,0.30311478232569294,1,9.0,0.0,0.25,310.0,0.0,traditional_trade,CO-ANDES,product_recommendation,promote_core_pack,1
350.82584897222665,6,9,0.7902360174206835,0.18540074325009978,0.30948070835721986,2,7.5,2.5,0.2,295.0,0.05,digital,CO-ANDES,promotion,targeted_discount,1
203.67495566889386,7,1,0.5519870583680457,0.4399548758716289,0.4465692300626388,3,7.5,2.5,0.2,295.0,0.05,digital,MX-NORTH,promotion,targeted_discount,0
425.2297619601186,8,24,0.6932631166686405,0.2455122563545228,0.44968154439832614,2,7.5,2.5,0.2,295.0,0.05,modern_trade,MX-CENTRAL,promotion,targeted_discount,0
556.2528802504407,6,25,0.8788148023653378,0.12314846191165843,0.570350137173333,2,15.5,1.5,0.25,385.0,0.0,traditional_trade,MX-NORTH,bundle,premium_bundle,1
393.8220513704637,3,28,0.87413685606247,0.06605125277526427,0.43725662305273133,2,7.5,2.5,0.2,295.0,0.05,modern_trade,MX-CENTRAL,promotion,targeted_discount,1
292.1428112058464,5,26,0.5541206594119624,0.5207659965465603,0.3060654329688006,1,15.5,1.5,0.25,385.0,0.0,modern_trade,MX-NORTH,bundle,premium_bundle,0
370.8361346484687,7,8,0.2862080683111663,0.35499758785198005,0.4591691338285573,0,15.5,1.5,0.25,385.0,0.0,digital,MX-CENTRAL,bundle,premium_bundle,0
407.7342444006596,5,1,0.7108128576140383,0.14549372482009434,0.09229983569853852,0,7.5,2.5,0.2,295.0,0.05,digital,BR-SE,promotion,targeted_discount,1
406.883344375964,5,4,0.6854290090768694,0.3973667579672381,0.3111379866092751,2,7.5,2.5,0.2,295.0,0.05,modern_trade,MX-NORTH,promotion,targeted_discount,1
447.77685038262644,2,18,0.3021701083394252,0.25102162528974264,0.7922327294909397,0,15.5,1.5,0.25,385.0,0.0,modern_trade,CO-ANDES,bundle,premium_bundle,1
335.35047293382075,5,11,0.4433577443760502,0.3142778051664085,0.7998491316796689,0,15.5,1.5,0.25,385.0,0.0,digital,BR-SE,bundle,premium_bundle,0
234.4654748598768,4,24,0.7603717617315197,0.6159519670593973,0.4587768899972645,0,9.0,0.0,0.25,310.0,0.0,modern_trade,MX-CENTRAL,product_recommendation,promote_core_pack,0
315.3334313586344,3,0,0.6582016475250817,0.4031230479866271,0.027208429132854872,2,18.0,0.0,4.5,0.0,0.0,traditional_trade,MX-NORTH,human_followup,sales_visit,1
400.2411485035096,3,29,0.5647044423618082,0.19036799689969527,0.5805281838251914,1,18.0,0.0,4.5,0.0,0.0,modern_trade,MX-CENTRAL,human_followup,sales_visit,0
398.81793891574654,12,28,0.8747753106233583,0.6593024714946208,0.20364764962501142,3,9.0,0.0,0.25,310.0,0.0,modern_trade,BR-SE,product_recommendation,promote_core_pack,0
340.1214121072144,12,6,0.8337236593241943,0.7193373118464709,0.028237248612004343,3,18.0,0.0,4.5,0.0,0.0,digital,MX-CENTRAL,human_followup,sales_visit,1
245.29797205668763,4,1,0.685065246824727,0.5170053470847069,0.5779413468847449,3,9.0,0.0,0.25,310.0,0.0,traditional_trade,MX-NORTH,product_recommendation,promote_core_pack,0
242.93148330377494,2,23,0.6797749364025776,0.40046755336199624,0.5459072236848441,1,18.0,0.0,4.5,0.0,0.0,traditional_trade,BR-SE,human_followup,sales_visit,0
441.6065814354324,4,12,0.5784830901501384,0.48472601743282395,0.7259696395357802,2,18.0,0.0,4.5,0.0,0.0,digital,MX-CENTRAL,human_followup,sales_visit,1
357.52161466984086,6,3,0.7437014805880053,0.19056277949289244,0.5892481956532867,1,15.5,1.5,0.25,385.0,0.0,traditional_trade,CO-ANDES,bundle,premium_bundle,0
338.05562122470616,3,9,0.6304740373212145,0.25933190358361247,0.6827498349307564,0,7.5,2.5,0.2,295.0,0.05,traditional_trade,BR-SE,promotion,targeted_discount,1
395.76609539791883,7,12,0.7619729724534565,0.3612872883518778,0.5923684557894777,1,9.0,0.0,0.25,310.0,0.0,modern_trade,MX-NORTH,product_recommendation,promote_core_pack,1
265.47370670643306,6,9,0.6430647735810845,0.5080639952766925,0.47827471918807435,3,9.0,0.0,0.25,310.0,0.0,traditional_trade,MX-CENTRAL,product_recommendation,promote_core_pack,1
262.5786354133525,9,20,0.28396103892167285,0.2891549843260368,0.1763091622547442,0,18.0,0.0,4.5,0.0,0.0,modern_trade,BR-SE,human_followup,sales_visit,1
374.7625607639318,4,3,0.8060586839833898,0.8729703928835679,0.33140331054178834,0,9.0,0.0,0.25,310.0,0.0,modern_trade,BR-SE,product_recommendation,promote_core_pack,0
333.6023425477591,5,16,0.8224870855699419,0.49687220521029,0.3356201101630117,2,15.5,1.5,0.25,385.0,0.0,modern_trade,CO-ANDES,bundle,premium_bundle,0
245.60685150178256,7,4,0.6699253050414536,0.37833750281588296,0.47429338069241606,0,18.0,0.0,4.5,0.0,0.0,traditional_trade,BR-SE,human_followup,sales_visit,1
430.96520174328606,6,24,0.7724505848824484,0.26018184626230667,0.12941923520911747,3,15.5,1.5,0.25,385.0,0.0,digital,CO-ANDES,bundle,premium_bundle,1
448.25421914313756,5,20,0.5888031094360813,0.27084579674241704,0.34622430494952594,0,9.0,0.0,0.25,310.0,0.0,digital,CO-ANDES,product_recommendation,promote_core_pack,1
371.62543740865425,8,4,0.900331604618826,0.19962515400881184,0.1654578768087932,0,15.5,1.5,0.25,385.0,0.0,digital,MX-NORTH,bundle,premium_bundle,1
246.07650686854836,9,28,0.890432254173236,0.5170322767743056,0.4232393705077044,0,18.0,0.0,4.5,0.0,0.0,digital,CO-ANDES,human_followup,sales_visit,1
465.1914550097871,6,26,0.8854429336364245,0.650671998988756,0.5822335226847107,0,15.5,1.5,0.25,385.0,0.0,modern_trade,CO-ANDES,bundle,premium_bundle,0
470.7510027866763,3,15,0.9633226212991519,0.3207432841512714,0.037269739173947984,3,18.0,0.0,4.5,0.0,0.0,digital,MX-NORTH,human_followup,sales_visit,1
387.7564740043583,4,7,0.6303269077501743,0.6663101625603698,0.46986671670684943,2,18.0,0.0,4.5,0.0,0.0,traditional_trade,MX-NORTH,human_followup,sales_visit,1
270.8927807656767,8,17,0.7030025931283256,0.5540812422211552,0.5999241908190207,0,7.5,2.5,0.2,295.0,0.05,modern_trade,MX-NORTH,promotion,targeted_discount,0
336.858337045522,4,14,0.45582466623115114,0.1945217995707963,0.08592006702820854,1,15.5,1.5,0.25,385.0,0.0,traditional_trade,BR-SE,bundle,premium_bundle,0
364.2120781303162,5,7,0.9736253540630275,0.5597999143773713,0.4586498991871485,3,9.0,0.0,0.25,310.0,0.0,traditional_trade,CO-ANDES,product_recommendation,promote_core_pack,1
263.58471750168644,5,0,0.78412036111343,0.6447895607977283,0.4058774995943839,1,7.5,2.5,0.2,295.0,0.05,digital,BR-SE,promotion,targeted_discount,1
386.28231475698743,5,0,0.5937656692688923,0.2783683581415195,0.6104065409505837,2,18.0,0.0,4.5,0.0,0.0,traditional_trade,BR-SE,human_followup,sales_visit,0
217.12799612467182,4,20,0.8611601028980108,0.4959822848948368,0.5721892709373548,1,15.5,1.5,0.25,385.0,0.0,traditional_trade,MX-CENTRAL,bundle,premium_bundle,0
204.84392397058036,5,18,0.7436831414407341,0.2197949431319713,0.506823709082827,3,15.5,1.5,0.25,385.0,0.0,traditional_trade,BR-SE,bundle,premium_bundle,0
319.52775048481016,3,8,0.4844055160730974,0.49282042726407455,0.22276492302629028,0,7.5,2.5,0.2,295.0,0.05,digital,BR-SE,promotion,targeted_discount,1
304.9648588776089,9,3,0.9232333738580647,0.4426091741953197,0.10574693123930322,3,9.0,0.0,0.25,310.0,0.0,traditional_trade,MX-NORTH,product_recommendation,promote_core_pack,1
320.4779549979187,6,24,0.6077317905903928,0.5965757758819773,0.3360606893354709,3,7.5,2.5,0.2,295.0,0.05,traditional_trade,BR-SE,promotion,targeted_discount,1
376.25866227637476,8,28,0.8607568589221529,0.5300177376132645,0.40228237072561773,1,7.5,2.5,0.2,295.0,0.05,modern_trade,CO-ANDES,promotion,targeted_discount,1
344.1004108874713,4,22,0.5382709221748917,0.5263819293525188,0.4308363102622491,1,18.0,0.0,4.5,0.0,0.0,modern_trade,BR-SE,human_followup,sales_visit,0
247.46582440240255,6,2,0.727045761375203,0.41522886628219174,0.5990003151924108,0,18.0,0.0,4.5,0.0,0.0,digital,CO-ANDES,human_followup,sales_visit,1
424.923679389038,6,2,0.6642442739086345,0.6018609910581265,0.581217483362089,0,18.0,0.0,4.5,0.0,0.0,modern_trade,MX-CENTRAL,human_followup,sales_visit,0
421.0084633974701,6,23,0.7760504963917786,0.5557695232086625,0.7901013235926277,1,18.0,0.0,4.5,0.0,0.0,digital,BR-SE,human_followup,sales_visit,0
467.627804422166,4,9,0.7164660348604363,0.15937740727430333,0.5736089708530252,1,15.5,1.5,0.25,385.0,0.0,modern_trade,MX-NORTH,bundle,premium_bundle,1
345.822313898764,6,12,0.8333693715919795,0.5555155517159335,0.49049148720338076,3,9.0,0.0,0.25,310.0,0.0,digital,BR-SE,product_recommendation,promote_core_pack,1
80.0,3,14,0.42428688647288,0.2869611171258045,0.2719171090349555,3,18.0,0.0,4.5,0.0,0.0,digital,BR-SE,human_followup,sales_visit,0
247.64242280851147,7,18,0.23103848717388006,0.3693816712209614,0.5562563997346701,0,9.0,0.0,0.25,310.0,0.0,digital,CO-ANDES,product_recommendation,promote_core_pack,0
213.8677036917748,4,6,0.8585000422202145,0.34040854815187016,0.17913555194682498,1,7.5,2.5,0.2,295.0,0.05,traditional_trade,BR-SE,promotion,targeted_discount,1
398.10322419686804,2,6,0.8137511663254966,0.5494930864989801,0.34635005337995917,3,18.0,0.0,4.5,0.0,0.0,modern_trade,MX-NORTH,human_followup,sales_visit,1
271.43207574212386,2,26,0.6511528617605723,0.41265335909680595,0.6367047779417017,1,15.5,1.5,0.25,385.0,0.0,digital,CO-ANDES,bundle,premium_bundle,0
324.58646067610294,5,13,0.4934270224055323,0.4428083226963656,0.5861206836183117,1,7.5,2.5,0.2,295.0,0.05,modern_trade,BR-SE,promotion,targeted_discount,1
526.8614350804768,8,29,0.7233318068168632,0.5019632712428315,0.2033750848094669,2,15.5,1.5,0.25,385.0,0.0,traditional_trade,MX-NORTH,bundle,premium_bundle,1
361.6061063982165,5,29,0.31336857873012197,0.585308600004495,0.6842782831471995,2,7.5,2.5,0.2,295.0,0.05,digital,MX-NORTH,promotion,targeted_discount,0
230.165708960965,5,9,0.36314600782551293,0.17750358369509237,0.4948307121823946,1,15.5,1.5,0.25,385.0,0.0,digital,MX-NORTH,bundle,premium_bundle,0
413.2050561636155,9,8,0.5836062283096216,0.5447913803107798,0.15223566860289406,1,9.0,0.0,0.25,310.0,0.0,digital,MX-NORTH,product_recommendation,promote_core_pack,0
302.4651751078823,6,2,0.7713001563929446,0.6416694334287951,0.7789524799065782,0,15.5,1.5,0.25,385.0,0.0,traditional_trade,MX-NORTH,bundle,premium_bundle,1
315.673070011646,4,7,0.6964497163979838,0.5746022500497797,0.456746268729468,2,7.5,2.5,0.2,295.0,0.05,traditional_trade,MX-NORTH,promotion,targeted_discount,0
291.56996815262795,5,14,0.5521911514777575,0.5011609377676479,0.1901357237664838,2,9.0,0.0,0.25,310.0,0.0,traditional_trade,MX-NORTH,product_recommendation,promote_core_pack,0
351.95783395782115,5,2,0.516201724275881,0.33421660423295224,0.4672006461575966,3,18.0,0.0,4.5,0.0,0.0,traditional_trade,CO-ANDES,human_followup,sales_visit,0
462.57660241988555,7,10,0.58861337984093,0.2384626802890475,0.24274389225696277,2,7.5,2.5,0.2,295.0,0.05,digital,MX-CENTRAL,promotion,targeted_discount,1
272.4311994013898,3,19,0.5682661401029553,0.7044210044941251,0.09425214632494251,0,7.5,2.5,0.2,295.0,0.05,digital,MX-NORTH,promotion,targeted_discount,0
262.8983704551083,5,3,0.7658419287381392,0.3306418130881749,0.8431081352494314,1,7.5,2.5,0.2,295.0,0.05,digital,MX-CENTRAL,promotion,targeted_discount,0
353.7779406434267,6,10,0.6625047424904611,0.430966451121109,0.5905518933956279,1,7.5,2.5,0.2,295.0,0.05,traditional_trade,MX-CENTRAL,promotion,targeted_discount,1
417.0649637384429,3,17,0.23687889953651697,0.7475028090505405,0.5178906931389419,1,18.0,0.0,4.5,0.0,0.0,modern_trade,MX-CENTRAL,human_followup,sales_visit,0
348.5301740506592,6,20,0.46141468303825395,0.5999430284232946,0.186390405568065,1,9.0,0.0,0.25,310.0,0.0,digital,MX-CENTRAL,product_recommendation,promote_core_pack,1
312.69432806839933,2,24,0.7326315913999655,0.2920298360195105,0.3200461488836536,1,15.5,1.5,0.25,385.0,0.0,modern_trade,CO-ANDES,bundle,premium_bundle,0
441.70153964132896,6,11,0.6796887539810261,0.46339573385810595,0.6127921671136894,3,9.0,0.0,0.25,310.0,0.0,traditional_trade,CO-ANDES,product_recommendation,promote_core_pack,0
203.54542501794657,3,15,0.3274298331551329,0.10461458566038334,0.708321118015423,1,15.5,1.5,0.25,385.0,0.0,modern_trade,BR-SE,bundle,premium_bundle,0
431.88754241947663,6,29,0.6073264620682609,0.4265969684354218,0.2765340980324901,3,18.0,0.0,4.5,0.0,0.0,traditional_trade,BR-SE,human_followup,sales_visit,0
296.4499724935078,4,3,0.5256393726259978,0.2455415753720067,0.868069876824468,1,7.5,2.5,0.2,295.0,0.05,modern_trade,MX-NORTH,promotion,targeted_discount,1
318.82513730746894,6,28,0.6781671864211852,0.2878808365635077,0.6532931591915236,0,7.5,2.5,0.2,295.0,0.05,traditional_trade,CO-ANDES,promotion,targeted_discount,1
333.0780318303445,6,5,0.5366647872937117,0.2370235369565574,0.3264174508945325,3,7.5,2.5,0.2,295.0,0.05,modern_trade,BR-SE,promotion,targeted_discount,1
393.8747469211703,2,13,0.6978728307920495,0.5775821008872989,0.23027606916759294,3,15.5,1.5,0.25,385.0,0.0,traditional_trade,MX-CENTRAL,bundle,premium_bundle,0
368.58884269362943,6,28,0.7691996093916856,0.3266658489299731,0.6030017399966557,1,15.5,1.5,0.25,385.0,0.0,modern_trade,MX-CENTRAL,bundle,premium_bundle,1
365.51039818846743,4,4,0.8937394278731343,0.38248176377676085,0.380112742842211,2,7.5,2.5,0.2,295.0,0.05,modern_trade,MX-NORTH,promotion,targeted_discount,1
390.84883809369694,10,11,0.8003869061393167,0.17172742942078106,0.24644243114927403,0,9.0,0.0,0.25,310.0,0.0,digital,MX-CENTRAL,product_recommendation,promote_core_pack,1
282.8640504569713,4,17,0.6317417478148311,0.661761133818892,0.6315120773512677,2,9.0,0.0,0.25,310.0,0.0,traditional_trade,CO-ANDES,product_recommendation,promote_core_pack,0
386.07589407906994,6,12,0.7480609406690472,0.2337723804140352,0.34507518120175684,3,7.5,2.5,0.2,295.0,0.05,digital,BR-SE,promotion,targeted_discount,1
178.43360132113608,8,17,0.6257258498178069,0.6004086834508506,0.6695150895264143,1,9.0,0.0,0.25,310.0,0.0,traditional_trade,BR-SE,product_recommendation,promote_core_pack,0
270.03747808242883,8,18,0.6860437572394248,0.1317327808489883,0.34033376599216564,3,7.5,2.5,0.2,295.0,0.05,modern_trade,CO-ANDES,promotion,targeted_discount,1
354.5294428176226,6,26,0.829165284787348,0.3401910648035707,0.3393241894438892,2,9.0,0.0,0.25,310.0,0.0,traditional_trade,BR-SE,product_recommendation,promote_core_pack,1
392.39141305287814,6,30,0.5047931908656356,0.4865858290246454,0.19191410761869795,3,18.0,0.0,4.5,0.0,0.0,digital,MX-CENTRAL,human_followup,sales_visit,1
284.4045090040802,4,3,0.5387831709139363,0.4664965400785004,0.038825503405603916,1,18.0,0.0,4.5,0.0,0.0,digital,MX-NORTH,human_followup,sales_visit,0
262.8978415841171,7,19,0.7713103937894443,0.40915722068218663,0.5772991894183842,3,9.0,0.0,0.25,310.0,0.0,traditional_trade,BR-SE,product_recommendation,promote_core_pack,0
119.5455886703217,9,30,0.5382811273838044,0.24403731258715414,0.43514231409355747,0,18.0,0.0,4.5,0.0,0.0,digital,MX-CENTRAL,human_followup,sales_visit,1
397.41506179116743,5,12,0.5362735504920546,0.498171590340551,0.6744615432741321,1,9.0,0.0,0.25,310.0,0.0,digital,MX-CENTRAL,product_recommendation,promote_core_pack,1
373.29161924431423,5,3,0.6194313291871257,0.7160227959872637,0.41739361700087496,0,18.0,0.0,4.5,0.0,0.0,modern_trade,MX-CENTRAL,human_followup,sales_visit,0
507.8117308866149,5,29,0.6589025775114167,0.7354337080633443,0.2802124672980214,1,9.0,0.0,0.25,310.0,0.0,modern_trade,CO-ANDES,product_recommendation,promote_core_pack,0
198.12030432633188,12,8,0.7363686146492704,0.3143929070102912,0.7136216288002455,0,7.5,2.5,0.2,295.0,0.05,modern_trade,CO-ANDES,promotion,targeted_discount,1
243.07314244003948,3,30,0.8709850310447406,0.3794486835164365,0.4046660117632802,3,15.5,1.5,0.25,385.0,0.0,digital,MX-NORTH,bundle,premium_bundle,1
286.1295276501605,5,1,0.6175220186215684,0.18437436768625448,0.3246502485825166,0,18.0,0.0,4.5,0.0,0.0,modern_trade,CO-ANDES,human_followup,sales_visit,1
315.81379560869,9,22,0.9462872713505177,0.2569116586604232,0.4346369115530479,3,15.5,1.5,0.25,385.0,0.0,traditional_trade,BR-SE,bundle,premium_bundle,1
399.1378404480122,10,30,0.5536202556113969,0.11309362653569308,0.12041519327000597,3,7.5,2.5,0.2,295.0,0.05,modern_trade,MX-CENTRAL,promotion,targeted_discount,0
324.9568617035627,6,1,0.7145831646311471,0.16288286908082067,0.43313449619105643,3,7.5,2.5,0.2,295.0,0.05,modern_trade,BR-SE,promotion,targeted_discount,1
365.9253441479582,6,7,0.7348428269452889,0.5317975642381274,0.11995850839849033,0,7.5,2.5,0.2,295.0,0.05,modern_trade,MX-CENTRAL,promotion,targeted_discount,0
392.08763054102087,6,22,0.597072355004685,0.30471455142506515,0.5925774773354465,1,7.5,2.5,0.2,295.0,0.05,traditional_trade,CO-ANDES,promotion,targeted_discount,0
125.73383129878616,6,22,0.5966779034274003,0.5078325463658709,0.212351793173871,2,7.5,2.5,0.2,295.0,0.05,modern_trade,BR-SE,promotion,targeted_discount,0
418.7761903773011,3,11,0.8579989986202535,0.34665213082390695,0.3875621430137053,1,18.0,0.0,4.5,0.0,0.0,traditional_trade,MX-NORTH,human_followup,sales_visit,1
314.9080403170256,4,15,0.7785093545056803,0.4138518049380756,0.2236827976770195,2,7.5,2.5,0.2,295.0,0.05,digital,MX-CENTRAL,promotion,targeted_discount,1
385.59094876558265,3,20,0.5621140505943772,0.4013427101759675,0.44083961407833755,1,18.0,0.0,4.5,0.0,0.0,modern_trade,CO-ANDES,human_followup,sales_visit,1
286.213375739574,6,20,0.3999905610487259,0.37456771360662144,0.10860051600472254,2,15.5,1.5,0.25,385.0,0.0,traditional_trade,MX-CENTRAL,bundle,premium_bundle,1
118.0674739611583,3,21,0.6948354493751594,0.4006734499022956,0.11375409578325513,3,7.5,2.5,0.2,295.0,0.05,traditional_trade,MX-CENTRAL,promotion,targeted_discount,0
211.82763313990333,4,14,0.7038083464499347,0.22372219596626647,0.451599137225199,1,9.0,0.0,0.25,310.0,0.0,modern_trade,BR-SE,product_recommendation,promote_core_pack,1
437.19563437237406,6,22,0.69844985152081,0.3013724737399152,0.2232365888090396,3,9.0,0.0,0.25,310.0,0.0,digital,BR-SE,product_recommendation,promote_core_pack,0
154.40256450847528,2,24,0.3362723469273258,0.6858415151647617,0.12489471029921448,0,9.0,0.0,0.25,310.0,0.0,traditional_trade,CO-ANDES,product_recommendation,promote_core_pack,0
302.45839581464014,4,27,0.6533276561637409,0.157523905655059,0.6644322967918653,1,18.0,0.0,4.5,0.0,0.0,modern_trade,MX-NORTH,human_followup,sales_visit,0
441.0876784758677,6,15,0.7515777888778845,0.23762005965944039,0.08715591004827669,3,9.0,0.0,0.25,310.0,0.0,digital,CO-ANDES,product_recommendation,promote_core_pack,1
254.82622463001098,5,15,0.6768512063528331,0.44895048999496634,0.1838536334054818,1,15.5,1.5,0.25,385.0,0.0,traditional_trade,MX-CENTRAL,bundle,premium_bundle,1
315.568565467647,1,13,0.507529186890764,0.5353857767462602,0.15346535073413106,1,15.5,1.5,0.25,385.0,0.0,digital,MX-CENTRAL,bundle,premium_bundle,1
285.383740941257,4,23,0.34047697104181174,0.8067969214279361,0.49796125412276243,2,9.0,0.0,0.25,310.0,0.0,traditional_trade,MX-NORTH,product_recommendation,promote_core_pack,0
151.64993089255904,3,12,0.5707434925158686,0.3281419604839069,0.19917437687755407,0,15.5,1.5,0.25,385.0,0.0,traditional_trade,CO-ANDES,bundle,premium_bundle,1
229.05051823384795,5,5,0.47530184707890855,0.2984696653507606,0.45790436762663295,2,9.0,0.0,0.25,310.0,0.0,modern_trade,BR-SE,product_recommendation,promote_core_pack,0
399.7075478972473,4,14,0.8345336960733686,0.2257242759243284,0.6167368524725766,3,7.5,2.5,0.2,295.0,0.05,traditional_trade,BR-SE,promotion,targeted_discount,0
388.2925445425713,6,23,0.779325876288267,0.5432333068650429,0.4213005308597172,2,15.5,1.5,0.25,385.0,0.0,digital,MX-CENTRAL,bundle,premium_bundle,0
421.8563866471016,3,29,0.860477572966953,0.12042252844841358,0.517330052025943,0,18.0,0.0,4.5,0.0,0.0,modern_trade,MX-CENTRAL,human_followup,sales_visit,0
242.03714870266685,6,1,0.8523370221453207,0.44723917231496274,0.5217148870231911,2,9.0,0.0,0.25,310.0,0.0,digital,CO-ANDES,product_recommendation,promote_core_pack,1
372.36113969466845,5,18,0.865968299521693,0.2191649209754282,0.6086352261755847,1,15.5,1.5,0.25,385.0,0.0,traditional_trade,CO-ANDES,bundle,premium_bundle,0
168.55235004261985,6,27,0.8869658397214936,0.6171185715801436,0.2999827947965424,2,7.5,2.5,0.2,295.0,0.05,modern_trade,CO-ANDES,promotion,targeted_discount,1
90.44944371593624,3,10,0.4771128481756647,0.6707973415487324,0.4501885717359277,0,18.0,0.0,4.5,0.0,0.0,traditional_trade,BR-SE,human_followup,sales_visit,1
353.25703196767745,5,6,0.8573173826616634,0.21078620771062423,0.5842320323178324,2,7.5,2.5,0.2,295.0,0.05,modern_trade,BR-SE,promotion,targeted_discount,1
290.5679858342446,11,24,0.6927739727637131,0.09150719725050879,0.9360660570720863,2,18.0,0.0,4.5,0.0,0.0,modern_trade,CO-ANDES,human_followup,sales_visit,1
291.25605023543164,4,16,0.5062880449464321,0.226034291168045,0.39750983723980854,0,7.5,2.5,0.2,295.0,0.05,traditional_trade,MX-NORTH,promotion,targeted_discount,0
409.1022848930875,1,1,0.6304686182881757,0.42613075292274083,0.5014695410808709,0,9.0,0.0,0.25,310.0,0.0,modern_trade,MX-NORTH,product_recommendation,promote_core_pack,1
350.60338867621317,1,5,0.7460840969522943,0.6410054110556834,0.31194914418663294,3,18.0,0.0,4.5,0.0,0.0,traditional_trade,CO-ANDES,human_followup,sales_visit,0
291.7934775931078,4,24,0.5836371004590769,0.6659808152722563,0.7225280103352412,3,15.5,1.5,0.25,385.0,0.0,traditional_trade,MX-CENTRAL,bundle,premium_bundle,0
375.72203609306234,6,27,0.631355938829696,0.16815698422400563,0.8254596846734861,3,9.0,0.0,0.25,310.0,0.0,digital,MX-CENTRAL,product_recommendation,promote_core_pack,1
240.19172115560002,4,6,0.8740394697874415,0.1920376248835933,0.589676503722515,0,15.5,1.5,0.25,385.0,0.0,traditional_trade,CO-ANDES,bundle,premium_bundle,1
499.14379568125014,3,23,0.7032866325982264,0.3018571836159926,0.3692999141633721,3,18.0,0.0,4.5,0.0,0.0,traditional_trade,BR-SE,human_followup,sales_visit,1
266.9895979140828,2,24,0.7137449086678702,0.17304586455031357,0.7121188482770437,3,7.5,2.5,0.2,295.0,0.05,modern_trade,MX-CENTRAL,promotion,targeted_discount,1
272.95242739249164,5,14,0.6877160376782375,0.32520672253756905,0.6736517462002131,1,18.0,0.0,4.5,0.0,0.0,modern_trade,CO-ANDES,human_followup,sales_visit,1
296.3425552865817,2,20,0.8215263042273889,0.11564828081347146,0.48156266121621527,3,7.5,2.5,0.2,295.0,0.05,digital,MX-CENTRAL,promotion,targeted_discount,0
332.92257733051224,5,13,0.7697498577888027,0.7625900543941533,0.43374820563076294,0,15.5,1.5,0.25,385.0,0.0,digital,BR-SE,bundle,premium_bundle,1
318.56269977101994,4,2,0.7770803307429673,0.11168288064295052,0.4543267274103607,1,7.5,2.5,0.2,295.0,0.05,modern_trade,CO-ANDES,promotion,targeted_discount,1
364.4340946357039,5,3,0.744863050560037,0.2780249732687174,0.442480956837568,1,18.0,0.0,4.5,0.0,0.0,modern_trade,CO-ANDES,human_followup,sales_visit,1
341.24826994677875,10,5,0.5729666780951587,0.43061758640380055,0.21402653195662394,1,18.0,0.0,4.5,0.0,0.0,traditional_trade,CO-ANDES,human_followup,sales_visit,1
128.2333231654619,7,4,0.6445931810837281,0.6365978142109111,0.12119168758014177,1,9.0,0.0,0.25,310.0,0.0,digital,CO-ANDES,product_recommendation,promote_core_pack,1
302.72142393344365,5,23,0.6267403482275794,0.8599483890638535,0.41742515624928,2,15.5,1.5,0.25,385.0,0.0,digital,MX-NORTH,bundle,premium_bundle,0
229.55791056313922,3,16,0.8374367128275794,0.6353115765539271,0.365132390441477,3,15.5,1.5,0.25,385.0,0.0,traditional_trade,MX-CENTRAL,bundle,premium_bundle,0
276.99909816805376,3,13,0.70415932641117,0.685137432233907,0.5447717923312551,3,9.0,0.0,0.25,310.0,0.0,modern_trade,MX-CENTRAL,product_recommendation,promote_core_pack,1
414.0426795424409,4,22,0.8011135726464463,0.6670682415703912,0.5529282274994068,0,9.0,0.0,0.25,310.0,0.0,digital,BR-SE,product_recommendation,promote_core_pack,0
165.28880257906215,4,21,0.860344748263349,0.5138375196065301,0.3261417509368013,3,7.5,2.5,0.2,295.0,0.05,traditional_trade,CO-ANDES,promotion,targeted_discount,0
322.07978607890624,2,5,0.7948109254721639,0.4182148812531536,0.42003683880998305,2,15.5,1.5,0.25,385.0,0.0,modern_trade,MX-NORTH,bundle,premium_bundle,0
575.5933445882038,3,1,0.57905626570393,0.6902584830013629,0.2492445413088322,2,7.5,2.5,0.2,295.0,0.05,digital,MX-NORTH,promotion,targeted_discount,1
361.7904551490803,3,25,0.8520998784158051,0.2031008012383943,0.9036343319964802,1,9.0,0.0,0.25,310.0,0.0,digital,BR-SE,product_recommendation,promote_core_pack,1
305.3527572940714,3,30,0.23820962480077107,0.5821879687878118,0.1287322191332789,3,15.5,1.5,0.25,385.0,0.0,digital,BR-SE,bundle,premium_bundle,0
316.3795650747388,2,7,0.3287991046272663,0.7206229884871548,0.5695541822424512,0,15.5,1.5,0.25,385.0,0.0,modern_trade,CO-ANDES,bundle,premium_bundle,0
407.728472566375,6,1,0.6182787208906766,0.6332414036500709,0.39682546817289516,0,15.5,1.5,0.25,385.0,0.0,digital,MX-CENTRAL,bundle,premium_bundle,1
442.50342951808375,8,4,0.9403432213400782,0.3832632923984283,0.2657115335802624,0,18.0,0.0,4.5,0.0,0.0,traditional_trade,CO-ANDES,human_followup,sales_visit,1
244.88786606424216,6,28,0.8501269503482679,0.10995316578160404,0.6381993497205575,1,15.5,1.5,0.25,385.0,0.0,modern_trade,BR-SE,bundle,premium_bundle,1
263.97405050146006,9,20,0.7691016404373459,0.2590508059748844,0.6634734032866251,3,18.0,0.0,4.5,0.0,0.0,traditional_trade,MX-CENTRAL,human_followup,sales_visit,1
361.1086771198207,5,4,0.771659016492982,0.6300391469303243,0.14472483940621947,0,7.5,2.5,0.2,295.0,0.05,traditional_trade,CO-ANDES,promotion,targeted_discount,1
335.7868929231386,4,19,0.8448319463480373,0.4743614055770315,0.3376632265936642,1,9.0,0.0,0.25,310.0,0.0,traditional_trade,MX-NORTH,product_recommendation,promote_core_pack,0
312.81093925443474,5,29,0.9261430712789245,0.6843126605789404,0.4650619691194372,2,7.5,2.5,0.2,295.0,0.05,digital,MX-NORTH,promotion,targeted_discount,1
427.5501933702985,4,25,0.29469115641604404,0.5927275706883521,0.22704522874877112,3,18.0,0.0,4.5,0.0,0.0,modern_trade,BR-SE,human_followup,sales_visit,0
299.0372932263049,5,13,0.6908254747989819,0.5832522119740702,0.8837818693100602,0,15.5,1.5,0.25,385.0,0.0,digital,BR-SE,bundle,premium_bundle,1
282.28856521864003,6,28,0.8155364455331973,0.30819078965151264,0.6900921535953609,1,18.0,0.0,4.5,0.0,0.0,modern_trade,MX-NORTH,human_followup,sales_visit,1
313.0631707457167,5,7,0.6032464046582967,0.30641509722914745,0.5431264519363006,1,7.5,2.5,0.2,295.0,0.05,traditional_trade,MX-CENTRAL,promotion,targeted_discount,1
562.1032332615443,3,23,0.8898921064478418,0.364569254060417,0.17613472430707192,2,18.0,0.0,4.5,0.0,0.0,traditional_trade,CO-ANDES,human_followup,sales_visit,1
383.2844921225744,10,28,0.6945110323022302,0.5001893673739477,0.4746390799828036,0,15.5,1.5,0.25,385.0,0.0,traditional_trade,CO-ANDES,bundle,premium_bundle,1
317.13459180303636,5,14,0.5262033467713192,0.20582537366026774,0.15215619142970674,1,15.5,1.5,0.25,385.0,0.0,modern_trade,MX-CENTRAL,bundle,premium_bundle,1
446.6093745653044,8,16,0.6533993964001703,0.2968866431388701,0.23794092503856434,2,18.0,0.0,4.5,0.0,0.0,digital,BR-SE,human_followup,sales_visit,1
270.2853253375282,4,12,0.5646216901891478,0.9713766054074313,0.09887507954406217,3,9.0,0.0,0.25,310.0,0.0,modern_trade,BR-SE,product_recommendation,promote_core_pack,0
249.30962225637117,3,29,0.6776416272335073,0.363313677101557,0.6545993375887684,2,15.5,1.5,0.25,385.0,0.0,modern_trade,CO-ANDES,bundle,premium_bundle,0
532.500508680287,10,6,0.5992004992883917,0.5641148355388492,0.23310740035562522,2,9.0,0.0,0.25,310.0,0.0,modern_trade,MX-CENTRAL,product_recommendation,promote_core_pack,1
470.7950451519858,2,19,0.9552300076830759,0.5734293345501245,0.17732036920395045,2,9.0,0.0,0.25,310.0,0.0,modern_trade,MX-NORTH,product_recommendation,promote_core_pack,0
341.1752155295362,6,20,0.7266187736587304,0.31017738675945794,0.49936856777022604,2,18.0,0.0,4.5,0.0,0.0,modern_trade,CO-ANDES,human_followup,sales_visit,1
347.5681572820693,4,12,0.6705364215842584,0.7030106050427961,0.2975319567575941,2,7.5,2.5,0.2,295.0,0.05,digital,CO-ANDES,promotion,targeted_discount,1
437.2972527717272,6,13,0.8509353410720466,0.23696176069612046,0.16193322036950422,3,15.5,1.5,0.25,385.0,0.0,modern_trade,MX-NORTH,bundle,premium_bundle,1
371.06032294727993,4,28,0.7435017866320233,0.20718212866219227,0.36538812323392883,0,18.0,0.0,4.5,0.0,0.0,traditional_trade,CO-ANDES,human_followup,sales_visit,1
345.2217964999669,6,14,0.8535679215856763,0.32752767147092404,0.12240432996762028,0,18.0,0.0,4.5,0.0,0.0,traditional_trade,MX-NORTH,human_followup,sales_visit,1
421.22701902383506,3,18,0.6689864802868556,0.7946196739259341,0.672510389450425,3,9.0,0.0,0.25,310.0,0.0,modern_trade,BR-SE,product_recommendation,promote_core_pack,1
317.1720892076596,5,12,0.7091925831542147,0.25864192900057337,0.10747432525555817,2,9.0,0.0,0.25,310.0,0.0,modern_trade,MX-NORTH,product_recommendation,promote_core_pack,0
232.50676684863538,1,1,0.6225916295055611,0.451536872154755,0.31159639638452935,2,18.0,0.0,4.5,0.0,0.0,digital,BR-SE,human_followup,sales_visit,1
264.5342907519692,1,26,0.8702527507198018,0.6975256633064685,0.5547073130703731,0,9.0,0.0,0.25,310.0,0.0,modern_trade,MX-CENTRAL,product_recommendation,promote_core_pack,0
351.14844728162944,5,14,0.5739883537123572,0.2836957107499092,0.6555125382640566,0,9.0,0.0,0.25,310.0,0.0,modern_trade,BR-SE,product_recommendation,promote_core_pack,1
314.62754710951265,5,16,0.6827552846686712,0.255205768441861,0.12144241273695755,1,9.0,0.0,0.25,310.0,0.0,traditional_trade,BR-SE,product_recommendation,promote_core_pack,1
274.54147103606425,5,21,0.9561837260469104,0.3819636649090346,0.25981533756633807,3,15.5,1.5,0.25,385.0,0.0,digital,BR-SE,bundle,premium_bundle,0
403.461530404758,4,24,0.4150660186435524,0.2841729978138382,0.26611011084507463,1,7.5,2.5,0.2,295.0,0.05,modern_trade,CO-ANDES,promotion,targeted_discount,0
221.08582566946754,6,13,0.7760119901144132,0.7479952732522153,0.11690849193154787,3,18.0,0.0,4.5,0.0,0.0,traditional_trade,CO-ANDES,human_followup,sales_visit,0
269.8727795083057,5,29,0.5735640423418876,0.13151453388520953,0.46129115166864987,2,18.0,0.0,4.5,0.0,0.0,modern_trade,CO-ANDES,human_followup,sales_visit,0
421.42439196375517,3,11,0.8406250506840675,0.3667561968660129,0.7109351077427817,0,9.0,0.0,0.25,310.0,0.0,modern_trade,MX-CENTRAL,product_recommendation,promote_core_pack,1
371.73812563132213,4,30,0.9097345375065636,0.33830174318313855,0.37665375783451077,2,9.0,0.0,0.25,310.0,0.0,traditional_trade,MX-NORTH,product_recommendation,promote_core_pack,1
354.77928504997874,2,17,0.8397126749735618,0.5849482613253432,0.7766379359585126,3,15.5,1.5,0.25,385.0,0.0,digital,CO-ANDES,bundle,premium_bundle,0
426.27357815579455,6,29,0.7532525769794575,0.7472493140229243,0.16876459211183997,2,9.0,0.0,0.25,310.0,0.0,traditional_trade,MX-NORTH,product_recommendation,promote_core_pack,1
341.00361229943684,5,23,0.34264974597530107,0.5325508236197071,0.6627146468184194,2,9.0,0.0,0.25,310.0,0.0,modern_trade,CO-ANDES,product_recommendation,promote_core_pack,1
416.24008445715316,4,1,0.6988379483041763,0.6695689458337791,0.18733082678621296,0,7.5,2.5,0.2,295.0,0.05,modern_trade,MX-NORTH,promotion,targeted_discount,0
295.2369408200088,5,12,0.3968994020482621,0.7518162622473209,0.3958103908730229,3,15.5,1.5,0.25,385.0,0.0,modern_trade,MX-NORTH,bundle,premium_bundle,0
420.20582578355135,2,7,0.417473549184455,0.8144936610862719,0.36664182964970476,1,7.5,2.5,0.2,295.0,0.05,digital,CO-ANDES,promotion,targeted_discount,0
240.2812518442969,7,28,0.7168119389531985,0.41514603791515414,0.23966533695001405,0,18.0,0.0,4.5,0.0,0.0,modern_trade,MX-NORTH,human_followup,sales_visit,0
363.4361334955393,5,18,0.8434060518586253,0.8120969425714407,0.6290717812545332,1,7.5,2.5,0.2,295.0,0.05,traditional_trade,MX-NORTH,promotion,targeted_discount,1
311.72893173782126,6,26,0.8415397865696426,0.4830186251466326,0.13996636599493142,1,9.0,0.0,0.25,310.0,0.0,digital,CO-ANDES,product_recommendation,promote_core_pack,1
186.30155797222372,5,18,0.3009579793921501,0.2314681212239046,0.6255597529437358,3,18.0,0.0,4.5,0.0,0.0,traditional_trade,CO-ANDES,human_followup,sales_visit,0
369.40398146149954,2,29,0.8527032357054015,0.1843772486137004,0.23257515167362477,3,9.0,0.0,0.25,310.0,0.0,traditional_trade,MX-CENTRAL,product_recommendation,promote_core_pack,1
350.1136079946611,3,28,0.6212697073265213,0.8800652734155134,0.4127072186654873,3,9.0,0.0,0.25,310.0,0.0,traditional_trade,MX-CENTRAL,product_recommendation,promote_core_pack,0
225.33491786925828,5,24,0.6704662135308399,0.4567649586546201,0.507843302880913,3,9.0,0.0,0.25,310.0,0.0,traditional_trade,BR-SE,product_recommendation,promote_core_pack,0
307.4957379439301,7,20,0.8457026342741865,0.04850473887850923,0.2419044756920751,2,18.0,0.0,4.5,0.0,0.0,modern_trade,MX-CENTRAL,human_followup,sales_visit,1
371.02981127084,9,18,0.6905726322002338,0.7559984219856232,0.11201632586397543,0,18.0,0.0,4.5,0.0,0.0,modern_trade,CO-ANDES,human_followup,sales_visit,1
374.68247463933164,4,18,0.45163865766662814,0.1469458880615772,0.7705634380948684,2,7.5,2.5,0.2,295.0,0.05,traditional_trade,BR-SE,promotion,targeted_discount,0
518.1433163466503,4,5,0.5104773263593293,0.270846114124352,0.0616793534259597,0,15.5,1.5,0.25,385.0,0.0,modern_trade,MX-NORTH,bundle,premium_bundle,1
283.40217572333097,6,13,0.7644161328661275,0.3939521285347086,0.5978653224556755,2,7.5,2.5,0.2,295.0,0.05,digital,CO-ANDES,promotion,targeted_discount,1
168.85961386623887,7,5,0.39749993512091203,0.35606954117921724,0.6363433798372838,0,9.0,0.0,0.25,310.0,0.0,modern_trade,MX-NORTH,product_recommendation,promote_core_pack,0
335.01884994379947,8,10,0.6663263440014732,0.5712684961781239,0.6611980529260886,1,9.0,0.0,0.25,310.0,0.0,digital,MX-NORTH,product_recommendation,promote_core_pack,1
225.7688143221049,5,20,0.6327507444310287,0.6588850248347197,0.5327025728282132,3,9.0,0.0,0.25,310.0,0.0,traditional_trade,BR-SE,product_recommendation,promote_core_pack,0
398.7968493318899,3,17,0.4857186259709226,0.5404399646090011,0.5412979263815335,1,9.0,0.0,0.25,310.0,0.0,traditional_trade,BR-SE,product_recommendation,promote_core_pack,0
307.3634171049912,10,12,0.6504935672448015,0.35107689631789074,0.5522638053608243,3,9.0,0.0,0.25,310.0,0.0,modern_trade,BR-SE,product_recommendation,promote_core_pack,1
271.7403141183971,2,29,0.8206116890148988,0.40467948658209946,0.7142285718344719,0,9.0,0.0,0.25,310.0,0.0,digital,BR-SE,product_recommendation,promote_core_pack,0
243.23937095378517,9,12,0.5974726235788678,0.2722347695857758,0.2380955178193805,0,7.5,2.5,0.2,295.0,0.05,digital,CO-ANDES,promotion,targeted_discount,1
279.4878840062764,5,22,0.6951014333342772,0.5392031817502219,0.2842192132038429,2,15.5,1.5,0.25,385.0,0.0,digital,MX-CENTRAL,bundle,premium_bundle,0
390.12845387744335,6,8,0.6806921104062063,0.5538746493120863,0.119883152438047,2,7.5,2.5,0.2,295.0,0.05,traditional_trade,MX-NORTH,promotion,targeted_discount,0
337.8400794127405,6,27,0.8588784792017381,0.5763842884967183,0.24551509071114483,3,7.5,2.5,0.2,295.0,0.05,traditional_trade,CO-ANDES,promotion,targeted_discount,1
518.2039478416744,8,22,0.7515416073893179,0.871699654098718,0.19552407640157662,2,15.5,1.5,0.25,385.0,0.0,modern_trade,MX-NORTH,bundle,premium_bundle,0
219.3286139577515,3,18,0.5391761157664468,0.2810273020408067,0.14085676315731355,1,7.5,2.5,0.2,295.0,0.05,traditional_trade,BR-SE,promotion,targeted_discount,1
275.3020084314337,5,26,0.6335209729818483,0.6328532169152606,0.4825532203609835,1,15.5,1.5,0.25,385.0,0.0,modern_trade,MX-NORTH,bundle,premium_bundle,0
273.2642112037333,4,29,0.8004300492942071,0.8347106067603522,0.7882920329882709,2,9.0,0.0,0.25,310.0,0.0,digital,CO-ANDES,product_recommendation,promote_core_pack,1
384.986465492811,6,16,0.5122977125332374,0.2828208979028727,0.11921671425230129,0,9.0,0.0,0.25,310.0,0.0,modern_trade,CO-ANDES,product_recommendation,promote_core_pack,1
461.29573151635816,1,26,0.6207647164689528,0.5123410353219072,0.4868078965922763,3,15.5,1.5,0.25,385.0,0.0,modern_trade,CO-ANDES,bundle,premium_bundle,1
207.18370108290674,8,13,0.7290712618516476,0.1532681108701421,0.17665294475572596,1,18.0,0.0,4.5,0.0,0.0,traditional_trade,MX-CENTRAL,human_followup,sales_visit,0
346.0526531449131,6,17,0.4631843703219569,0.4706082673886534,0.7619296932408509,0,7.5,2.5,0.2,295.0,0.05,digital,BR-SE,promotion,targeted_discount,1
358.2684961462455,2,11,0.8860753834981966,0.20081282653636034,0.2873816886938279,1,7.5,2.5,0.2,295.0,0.05,traditional_trade,MX-CENTRAL,promotion,targeted_discount,0
296.4974501560351,2,4,0.7921317522249886,0.3498655495289011,0.33242924454655437,3,18.0,0.0,4.5,0.0,0.0,digital,MX-NORTH,human_followup,sales_visit,0
299.86251735138137,2,23,0.8849291442725317,0.6533832705685478,0.23756728340317743,0,15.5,1.5,0.25,385.0,0.0,modern_trade,CO-ANDES,bundle,premium_bundle,0
309.49569765291176,4,0,0.3794298417249034,0.3085240844938283,0.3701417031791077,2,7.5,2.5,0.2,295.0,0.05,traditional_trade,CO-ANDES,promotion,targeted_discount,1
216.3729238431704,4,11,0.7143396031088558,0.2996605845211336,0.3013425817786858,0,15.5,1.5,0.25,385.0,0.0,digital,CO-ANDES,bundle,premium_bundle,1
471.2345662634404,2,26,0.6898527763355483,0.5215929587001054,0.5828191947656168,1,9.0,0.0,0.25,310.0,0.0,traditional_trade,BR-SE,product_recommendation,promote_core_pack,1
306.2654417999833,7,21,0.6438053440547348,0.7230430601105368,0.9104320706678605,0,9.0,0.0,0.25,310.0,0.0,digital,CO-ANDES,product_recommendation,promote_core_pack,0
241.31080000725575,8,25,0.3094107423030424,0.8025866819852773,0.08103002500827416,0,15.5,1.5,0.25,385.0,0.0,digital,CO-ANDES,bundle,premium_bundle,0
304.0367865531068,7,9,0.8546483777343987,0.6692907295522365,0.4566808405117861,1,15.5,1.5,0.25,385.0,0.0,digital,MX-NORTH,bundle,premium_bundle,0
330.3669262079138,6,22,0.5928434620389021,0.5770424662747897,0.34050857007461177,2,18.0,0.0,4.5,0.0,0.0,modern_trade,MX-NORTH,human_followup,sales_visit,0
319.03211978874765,8,17,0.7316313401609976,0.36814973458920297,0.29517188733707794,0,7.5,2.5,0.2,295.0,0.05,modern_trade,BR-SE,promotion,targeted_discount,1
392.27615607143383,5,20,0.9418879530144235,0.527939041636208,0.4836468581884818,3,9.0,0.0,0.25,310.0,0.0,modern_trade,CO-ANDES,product_recommendation,promote_core_pack,0
245.67621690415308,11,2,0.4615748034403029,0.2925745196980644,0.16283205184352997,0,7.5,2.5,0.2,295.0,0.05,modern_trade,CO-ANDES,promotion,targeted_discount,1
108.55806166924648,7,28,0.767601134027007,0.39179503857568904,0.45983685023544857,3,15.5,1.5,0.25,385.0,0.0,traditional_trade,CO-ANDES,bundle,premium_bundle,0
328.86096505625477,4,13,0.6239124188258355,0.7749210961159843,0.8262177377386991,1,15.5,1.5,0.25,385.0,0.0,modern_trade,BR-SE,bundle,premium_bundle,0
418.1459001718432,8,17,0.3751634864571618,0.5684567043677897,0.4786400018511156,3,15.5,1.5,0.25,385.0,0.0,digital,MX-CENTRAL,bundle,premium_bundle,0
549.2876497963687,8,10,0.7336610977665383,0.7276949741693957,0.3836717774896947,3,18.0,0.0,4.5,0.0,0.0,digital,MX-CENTRAL,human_followup,sales_visit,1
305.8691410172799,6,20,0.8186432753647045,0.5935994406017991,0.5429816781817003,3,15.5,1.5,0.25,385.0,0.0,digital,BR-SE,bundle,premium_bundle,0
471.1088541323044,8,20,0.8515321185561332,0.6929067588851796,0.20326138983543537,0,15.5,1.5,0.25,385.0,0.0,modern_trade,BR-SE,bundle,premium_bundle,0
379.2152201283474,2,8,0.6387852117702726,0.5029431509361678,0.240349652199166,1,18.0,0.0,4.5,0.0,0.0,digital,BR-SE,human_followup,sales_visit,0
260.9848520279362,7,22,0.7614479216191159,0.5847478385177045,0.03384140397954602,0,18.0,0.0,4.5,0.0,0.0,traditional_trade,BR-SE,human_followup,sales_visit,0
374.5745934981663,3,16,0.8501186166455406,0.4043184475478932,0.34189631131427933,2,15.5,1.5,0.25,385.0,0.0,modern_trade,MX-NORTH,bundle,premium_bundle,0
260.917118647627,1,11,0.645729724212917,0.43663544535919613,0.07641218189756457,3,18.0,0.0,4.5,0.0,0.0,traditional_trade,CO-ANDES,human_followup,sales_visit,0
392.416179758367,0,20,0.5598420818763187,0.317805221758231,0.09312440714445148,1,15.5,1.5,0.25,385.0,0.0,traditional_trade,MX-CENTRAL,bundle,premium_bundle,0
313.2156428654696,9,3,0.9129949147791826,0.6670383073882514,0.19449922667880043,2,9.0,0.0,0.25,310.0,0.0,digital,MX-CENTRAL,product_recommendation,promote_core_pack,1
144.9230303543319,7,15,0.6269612030614268,0.5547143565106187,0.6308606586515254,3,7.5,2.5,0.2,295.0,0.05,modern_trade,BR-SE,promotion,targeted_discount,0
258.2355705789637,9,23,0.3881932696682896,0.6168428787479738,0.41905818809913714,2,18.0,0.0,4.5,0.0,0.0,traditional_trade,MX-NORTH,human_followup,sales_visit,0
210.65676939168912,6,14,0.7834815136622073,0.6293083664081114,0.10543877186514876,1,7.5,2.5,0.2,295.0,0.05,traditional_trade,MX-NORTH,promotion,targeted_discount,1
350.69305741993514,4,8,0.5375036046584634,0.8195290806656255,0.24818987339220175,1,9.0,0.0,0.25,310.0,0.0,traditional_trade,MX-NORTH,product_recommendation,promote_core_pack,1
318.53933207125345,9,13,0.6600683119333937,0.4695985784975855,0.2300973780193302,1,18.0,0.0,4.5,0.0,0.0,traditional_trade,MX-CENTRAL,human_followup,sales_visit,1
337.0031289823186,7,1,0.8852036595482331,0.6233782844273819,0.3328781123533593,3,18.0,0.0,4.5,0.0,0.0,traditional_trade,CO-ANDES,human_followup,sales_visit,1
332.7346645114016,5,3,0.7424167413257536,0.4330076242479279,0.07936120172942539,0,18.0,0.0,4.5,0.0,0.0,digital,MX-NORTH,human_followup,sales_visit,1
419.48561825684135,4,14,0.9626374565000282,0.5903597720926458,0.5179230722439082,3,7.5,2.5,0.2,295.0,0.05,modern_trade,CO-ANDES,promotion,targeted_discount,1
328.7312433710037,5,18,0.7650231202431481,0.5623050895251386,0.23247583645597517,2,7.5,2.5,0.2,295.0,0.05,traditional_trade,CO-ANDES,promotion,targeted_discount,1
337.7235403306576,2,25,0.4232669938499102,0.2840665392218308,0.7532984172450193,2,15.5,1.5,0.25,385.0,0.0,modern_trade,MX-CENTRAL,bundle,premium_bundle,0
532.9638125512322,4,0,0.6223646452420142,0.4663282630285145,0.38272768924486084,0,7.5,2.5,0.2,295.0,0.05,digital,MX-NORTH,promotion,targeted_discount,1
275.9053341136152,5,16,0.3990178914045043,0.5816233417893671,0.2626892856704139,3,7.5,2.5,0.2,295.0,0.05,modern_trade,CO-ANDES,promotion,targeted_discount,0
262.3959288976589,5,20,0.7830938283995562,0.42848345107975727,0.4603369881947431,1,15.5,1.5,0.25,385.0,0.0,digital,MX-CENTRAL,bundle,premium_bundle,0
320.5984569193273,7,5,0.45308743134329915,0.5064177720051911,0.15348794283786968,3,18.0,0.0,4.5,0.0,0.0,modern_trade,CO-ANDES,human_followup,sales_visit,0
309.2493019436895,2,18,0.8002151522743759,0.8097427780892293,0.6944924509048152,0,15.5,1.5,0.25,385.0,0.0,digital,BR-SE,bundle,premium_bundle,0
319.81200576402085,2,16,0.6524789524887538,0.49362579954559854,0.2199573831734724,0,18.0,0.0,4.5,0.0,0.0,modern_trade,BR-SE,human_followup,sales_visit,1
359.3517825916291,4,14,0.6430446046601825,0.07599359170018047,0.06759194753946175,1,9.0,0.0,0.25,310.0,0.0,traditional_trade,MX-CENTRAL,product_recommendation,promote_core_pack,1
333.2636189319725,4,23,0.7154486617055527,0.46963798884114116,0.21171764743811894,3,18.0,0.0,4.5,0.0,0.0,traditional_trade,CO-ANDES,human_followup,sales_visit,0
456.0165160838526,3,0,0.7834630999997295,0.06671896330419823,0.060612074158046404,2,9.0,0.0,0.25,310.0,0.0,digital,BR-SE,product_recommendation,promote_core_pack,1
336.2432221412104,4,10,0.581189102912835,0.36509491848156117,0.48071069665485255,1,9.0,0.0,0.25,310.0,0.0,modern_trade,BR-SE,product_recommendation,promote_core_pack,0
245.00452948994842,6,28,0.8677430448405069,0.5736742184623688,0.6649012047818578,3,15.5,1.5,0.25,385.0,0.0,traditional_trade,CO-ANDES,bundle,premium_bundle,0
481.44103642281385,4,23,0.5517216311501832,0.5563256547917086,0.29872157223660956,0,15.5,1.5,0.25,385.0,0.0,digital,CO-ANDES,bundle,premium_bundle,1
372.64253360103004,6,29,0.9779395135430574,0.24664498634525334,0.39828965922495757,2,15.5,1.5,0.25,385.0,0.0,traditional_trade,CO-ANDES,bundle,premium_bundle,1
374.41937081348965,7,14,0.5082132104133913,0.49368159363673536,0.7297461360473763,1,15.5,1.5,0.25,385.0,0.0,digital,MX-CENTRAL,bundle,premium_bundle,1
427.198504821037,4,21,0.7303165021189256,0.4093005520719068,0.13167192292064206,0,7.5,2.5,0.2,295.0,0.05,modern_trade,BR-SE,promotion,targeted_discount,1
278.33858199534416,5,2,0.5042600665473822,0.7328573806564657,0.3906137336662058,1,15.5,1.5,0.25,385.0,0.0,modern_trade,CO-ANDES,bundle,premium_bundle,0
314.3155127377224,4,19,0.9483632977066726,0.18242553540707956,0.6613123851798881,0,9.0,0.0,0.25,310.0,0.0,modern_trade,BR-SE,product_recommendation,promote_core_pack,1
377.881198064496,8,4,0.7733121586355151,0.593172745455983,0.9108357210960797,1,18.0,0.0,4.5,0.0,0.0,traditional_trade,CO-ANDES,human_followup,sales_visit,1
410.1452809618133,5,1,0.6109236673991576,0.28257430596752187,0.26808483382938536,3,9.0,0.0,0.25,310.0,0.0,traditional_trade,MX-NORTH,product_recommendation,promote_core_pack,1
436.24785410058143,4,9,0.798989219510387,0.2232401241739061,0.528894324349661,3,15.5,1.5,0.25,385.0,0.0,modern_trade,BR-SE,bundle,premium_bundle,1
274.62609985540104,8,1,0.6711406496528213,0.4283373839592461,0.7376569268144735,3,7.5,2.5,0.2,295.0,0.05,modern_trade,BR-SE,promotion,targeted_discount,0
366.1140166312166,9,12,0.8604386508307039,0.33833854818641296,0.5388134420056508,1,18.0,0.0,4.5,0.0,0.0,modern_trade,MX-NORTH,human_followup,sales_visit,1
379.2227914069266,3,2,0.9297132548801137,0.25862613344032853,0.2714611288308592,2,7.5,2.5,0.2,295.0,0.05,digital,CO-ANDES,promotion,targeted_discount,0
388.1218633282648,5,19,0.8585227757006452,0.36280886508515725,0.45895524011458616,1,7.5,2.5,0.2,295.0,0.05,modern_trade,MX-CENTRAL,promotion,targeted_discount,1
164.0020690112541,4,14,0.31720963120929224,0.2167742505705754,0.2520943159137125,3,9.0,0.0,0.25,310.0,0.0,modern_trade,MX-CENTRAL,product_recommendation,promote_core_pack,0
246.6549852901373,1,18,0.5102707288325541,0.3617136545843138,0.39791664844380625,3,18.0,0.0,4.5,0.0,0.0,digital,CO-ANDES,human_followup,sales_visit,0
282.39729174086955,1,25,0.6212814217521441,0.7087166066251037,0.270799999148995,0,18.0,0.0,4.5,0.0,0.0,traditional_trade,MX-NORTH,human_followup,sales_visit,0
284.2164617479584,5,9,0.8854286148164725,0.09940206726154607,0.45936864423569235,1,9.0,0.0,0.25,310.0,0.0,traditional_trade,MX-CENTRAL,product_recommendation,promote_core_pack,1
304.7760015671561,6,24,0.5909445309404966,0.3642678804104459,0.8505070940240556,3,18.0,0.0,4.5,0.0,0.0,modern_trade,MX-CENTRAL,human_followup,sales_visit,1
449.05733951382996,6,17,0.7959646470258556,0.7162496507304752,0.6719160444743616,2,9.0,0.0,0.25,310.0,0.0,modern_trade,CO-ANDES,product_recommendation,promote_core_pack,0
475.85762539708173,8,3,0.4851239107555789,0.6368139365306097,0.9203966235477533,0,7.5,2.5,0.2,295.0,0.05,digital,MX-CENTRAL,promotion,targeted_discount,0
179.31494486291655,7,13,0.7395225542959534,0.7193295933853626,0.378281584096912,0,18.0,0.0,4.5,0.0,0.0,modern_trade,MX-CENTRAL,human_followup,sales_visit,1
562.0444547421795,1,28,0.9347152454735945,0.5616298699775563,0.32124588749991734,1,15.5,1.5,0.25,385.0,0.0,traditional_trade,CO-ANDES,bundle,premium_bundle,1
196.66813087931843,7,5,0.6865501525530634,0.419893532676917,0.7366874667582353,3,15.5,1.5,0.25,385.0,0.0,modern_trade,CO-ANDES,bundle,premium_bundle,0
405.4447854790354,4,30,0.6908697604135654,0.4526714085612621,0.5659333558219755,1,15.5,1.5,0.25,385.0,0.0,modern_trade,CO-ANDES,bundle,premium_bundle,0
383.26547905762544,6,28,0.8861848068536081,0.3263776974720311,0.243472412650735,1,9.0,0.0,0.25,310.0,0.0,modern_trade,CO-ANDES,product_recommendation,promote_core_pack,0
417.76227242309756,7,7,0.5732545292474973,0.4961341514315748,0.48772367645626985,3,9.0,0.0,0.25,310.0,0.0,digital,CO-ANDES,product_recommendation,promote_core_pack,0
334.49355199982176,6,17,0.901531365719446,0.49667843547060747,0.3151765867141376,1,7.5,2.5,0.2,295.0,0.05,modern_trade,MX-NORTH,promotion,targeted_discount,1
414.0119624113772,8,2,0.7695690480548886,0.43023678250305164,0.3760318506586945,0,7.5,2.5,0.2,295.0,0.05,modern_trade,CO-ANDES,promotion,targeted_discount,1
429.8327650742436,4,16,0.6528139859665373,0.3766916978853841,0.5262299424146516,1,7.5,2.5,0.2,295.0,0.05,digital,MX-NORTH,promotion,targeted_discount,1
401.3326338444202,8,17,0.7450660255790176,0.6514438320241946,0.011740776788126206,3,7.5,2.5,0.2,295.0,0.05,traditional_trade,CO-ANDES,promotion,targeted_discount,1
268.2808117961293,3,9,0.6731112776485778,0.6383106821488438,0.4013777159887621,3,18.0,0.0,4.5,0.0,0.0,traditional_trade,MX-NORTH,human_followup,sales_visit,0
403.52930702256145,9,10,0.5734991077613855,0.5059133973442124,0.5621376429252393,0,9.0,0.0,0.25,310.0,0.0,traditional_trade,BR-SE,product_recommendation,promote_core_pack,1
359.80722464159953,7,5,0.7420937368102593,0.682462583327149,0.3907255695539118,1,18.0,0.0,4.5,0.0,0.0,digital,CO-ANDES,human_followup,sales_visit,0
162.275957109165,4,1,0.7710189416175479,0.5960083329606414,0.401194902616344,1,15.5,1.5,0.25,385.0,0.0,traditional_trade,MX-NORTH,bundle,premium_bundle,1
410.25406628193923,4,2,0.8757966837653324,0.49380078893526347,0.5079301233452944,0,9.0,0.0,0.25,310.0,0.0,digital,MX-CENTRAL,product_recommendation,promote_core_pack,0
250.54072673410428,2,16,0.7352897358695877,0.6508866527457862,0.3390028988056726,2,18.0,0.0,4.5,0.0,0.0,digital,CO-ANDES,human_followup,sales_visit,0
345.22838039415245,5,15,0.49812429088651516,0.08536220140627634,0.4762211212349516,1,18.0,0.0,4.5,0.0,0.0,modern_trade,BR-SE,human_followup,sales_visit,0
369.4107519637331,5,29,0.49072089047507805,0.05637139305272685,0.2336962636536839,3,18.0,0.0,4.5,0.0,0.0,traditional_trade,BR-SE,human_followup,sales_visit,0
433.1636723992077,3,20,0.6234761009541255,0.14759711798815867,0.49975387277990413,1,15.5,1.5,0.25,385.0,0.0,traditional_trade,MX-NORTH,bundle,premium_bundle,0
338.12380516259657,3,16,0.4387016017420769,0.759156711453503,0.18924249018402764,3,9.0,0.0,0.25,310.0,0.0,traditional_trade,MX-CENTRAL,product_recommendation,promote_core_pack,1
353.32956007066116,5,2,0.6770660737907613,0.6146829177768952,0.41630288446062214,0,7.5,2.5,0.2,295.0,0.05,digital,CO-ANDES,promotion,targeted_discount,1
285.3706378061744,4,2,0.5473641336490566,0.27583523452770703,0.5014304514352438,1,7.5,2.5,0.2,295.0,0.05,modern_trade,MX-NORTH,promotion,targeted_discount,0
305.66584574577973,6,6,0.5199612902150037,0.5674832016700833,0.5022949839088329,2,18.0,0.0,4.5,0.0,0.0,digital,MX-CENTRAL,human_followup,sales_visit,0
261.1773577805152,2,2,0.6511986604724891,0.5099761678941082,0.3903110082457904,1,15.5,1.5,0.25,385.0,0.0,digital,MX-CENTRAL,bundle,premium_bundle,0
281.9381022631974,8,28,0.4690261282167392,0.3655516441473259,0.07598556163436869,2,9.0,0.0,0.25,310.0,0.0,modern_trade,MX-NORTH,product_recommendation,promote_core_pack,1
392.0438684275007,3,17,0.6261077345925546,0.3530491932520465,0.4515170133106738,2,15.5,1.5,0.25,385.0,0.0,traditional_trade,MX-NORTH,bundle,premium_bundle,0
300.4081512507569,4,0,0.3468614149114494,0.43627882481343533,0.2512784333779019,1,18.0,0.0,4.5,0.0,0.0,digital,CO-ANDES,human_followup,sales_visit,1
299.30341218487183,5,5,0.417850045408948,0.6623791324013585,0.5889767580214932,2,7.5,2.5,0.2,295.0,0.05,traditional_trade,CO-ANDES,promotion,targeted_discount,0
279.580813496293,8,8,0.7492554375756524,0.20783913359338801,0.2988326092323446,2,7.5,2.5,0.2,295.0,0.05,digital,MX-CENTRAL,promotion,targeted_discount,0
269.870767205048,2,15,0.9649397640620654,0.40684620463159954,0.4497719555629293,2,9.0,0.0,0.25,310.0,0.0,traditional_trade,MX-NORTH,product_recommendation,promote_core_pack,0
349.00967002339064,8,16,0.588991845759094,0.37389398491399417,0.3145858170016933,0,18.0,0.0,4.5,0.0,0.0,traditional_trade,MX-CENTRAL,human_followup,sales_visit,1
507.215826646749,4,28,0.6481412710673176,0.25464594171139826,0.45153071552785873,0,7.5,2.5,0.2,295.0,0.05,digital,MX-NORTH,promotion,targeted_discount,0
298.88269583698616,5,26,0.7867763519976945,0.5984482230385586,0.6592103500724009,3,9.0,0.0,0.25,310.0,0.0,traditional_trade,BR-SE,product_recommendation,promote_core_pack,0
435.70848591212524,3,1,0.7204563842467867,0.6378881260527095,0.5240372314173163,3,7.5,2.5,0.2,295.0,0.05,traditional_trade,MX-NORTH,promotion,targeted_discount,0
256.8157730365081,7,20,0.43966643815732376,0.456818640387878,0.44243864249658416,1,15.5,1.5,0.25,385.0,0.0,traditional_trade,CO-ANDES,bundle,premium_bundle,1
504.7819366613298,5,7,0.7397130674274034,0.3654219058408921,0.14303980887624887,1,7.5,2.5,0.2,295.0,0.05,digital,MX-NORTH,promotion,targeted_discount,0
262.5412023564426,4,1,0.9050807674743298,0.8126836979889369,0.20693654142931983,0,9.0,0.0,0.25,310.0,0.0,traditional_trade,MX-CENTRAL,product_recommendation,promote_core_pack,1
324.21434831046605,3,19,0.7491033077301231,0.6586867950390987,0.3771435556795096,1,15.5,1.5,0.25,385.0,0.0,digital,MX-NORTH,bundle,premium_bundle,1
454.07581650448446,6,15,0.8008204479656451,0.6226627088717451,0.3087735345811541,1,15.5,1.5,0.25,385.0,0.0,traditional_trade,MX-NORTH,bundle,premium_bundle,1
345.1653984741407,2,21,0.9821749060264809,0.2651372010556647,0.5461453662424066,0,9.0,0.0,0.25,310.0,0.0,modern_trade,BR-SE,product_recommendation,promote_core_pack,1
357.9547504727668,8,16,0.929124325543925,0.2729307609763984,0.5162097882370842,0,18.0,0.0,4.5,0.0,0.0,traditional_trade,MX-CENTRAL,human_followup,sales_visit,0
369.0779452372034,3,3,0.809759230542508,0.3380376332721896,0.28412187827165436,1,9.0,0.0,0.25,310.0,0.0,modern_trade,MX-NORTH,product_recommendation,promote_core_pack,1
249.89527606338748,7,9,0.9408023485296065,0.49054683962386075,0.4518829486096497,1,15.5,1.5,0.25,385.0,0.0,digital,CO-ANDES,bundle,premium_bundle,0
335.1473078108384,10,21,0.7242927783821421,0.49610767426975033,0.2084338346333141,0,18.0,0.0,4.5,0.0,0.0,digital,BR-SE,human_followup,sales_visit,0
488.3219048384343,5,18,0.7079009774905796,0.20962551477099187,0.4200176927485941,2,7.5,2.5,0.2,295.0,0.05,modern_trade,BR-SE,promotion,targeted_discount,0
487.8365298715326,10,7,0.6082669457718185,0.4908719767416106,0.2502369638977376,3,7.5,2.5,0.2,295.0,0.05,traditional_trade,MX-CENTRAL,promotion,targeted_discount,1
433.5802708030287,5,10,0.689983279268993,0.5636288134440922,0.17074299663539733,1,9.0,0.0,0.25,310.0,0.0,digital,BR-SE,product_recommendation,promote_core_pack,0
421.0038713707481,5,14,0.6820575850432884,0.740081749351322,0.2025760636794371,2,15.5,1.5,0.25,385.0,0.0,traditional_trade,BR-SE,bundle,premium_bundle,1
202.9611251223311,7,9,0.638635391337481,0.3433983747043665,0.7534886831650143,0,18.0,0.0,4.5,0.0,0.0,traditional_trade,MX-NORTH,human_followup,sales_visit,1
203.23042396987853,11,1,0.6687867141902933,0.3599572282533671,0.3445830344847313,0,15.5,1.5,0.25,385.0,0.0,modern_trade,BR-SE,bundle,premium_bundle,0
381.31954941600696,8,7,0.8868108236290265,0.3713804318130267,0.43235029522636037,3,18.0,0.0,4.5,0.0,0.0,traditional_trade,MX-CENTRAL,human_followup,sales_visit,1
299.9758314400356,12,26,0.6151501283079502,0.3769064008334428,0.7795436375615017,1,15.5,1.5,0.25,385.0,0.0,traditional_trade,MX-NORTH,bundle,premium_bundle,0
338.8286133385485,7,23,0.7961398749541337,0.5195837023368113,0.32140373671610645,2,9.0,0.0,0.25,310.0,0.0,modern_trade,CO-ANDES,product_recommendation,promote_core_pack,1
292.1981101210847,3,25,0.8285941877213158,0.3068395576320533,0.3726000991145922,2,9.0,0.0,0.25,310.0,0.0,traditional_trade,CO-ANDES,product_recommendation,promote_core_pack,1
391.9370208546124,7,13,0.3991678497969285,0.3082182051549279,0.36381080075108396,2,9.0,0.0,0.25,310.0,0.0,digital,CO-ANDES,product_recommendation,promote_core_pack,0
392.56755456883894,5,9,0.57499425556862,0.6183927650981652,0.592514745843335,0,9.0,0.0,0.25,310.0,0.0,traditional_trade,BR-SE,product_recommendation,promote_core_pack,1
274.72513112411934,4,0,0.7293303645035235,0.757822748747324,0.19490671710926666,3,18.0,0.0,4.5,0.0,0.0,modern_trade,MX-NORTH,human_followup,sales_visit,1
381.01655427030073,3,17,0.5849995313783288,0.6721097458053709,0.5503692462822531,3,9.0,0.0,0.25,310.0,0.0,traditional_trade,BR-SE,product_recommendation,promote_core_pack,0
206.3438207349153,3,28,0.5622935642370921,0.5382360931889609,0.12787334488838328,1,15.5,1.5,0.25,385.0,0.0,digital,BR-SE,bundle,premium_bundle,1
407.747982015375,2,8,0.5792910840678086,0.4181458463481701,0.5964083855712182,0,18.0,0.0,4.5,0.0,0.0,traditional_trade,BR-SE,human_followup,sales_visit,0
327.0883111765185,7,1,0.9427081676700605,0.27416399793861995,0.28204002823351293,2,18.0,0.0,4.5,0.0,0.0,modern_trade,MX-NORTH,human_followup,sales_visit,0
405.1675797061737,4,20,0.5834314231845729,0.48792788014400584,0.3733725639437866,1,18.0,0.0,4.5,0.0,0.0,digital,MX-NORTH,human_followup,sales_visit,0
370.90821890223884,2,23,0.827079261447388,0.3316009210625921,0.2804283352257001,0,15.5,1.5,0.25,385.0,0.0,traditional_trade,BR-SE,bundle,premium_bundle,1
446.8874598223241,9,16,0.7254744560628634,0.686998428871328,0.5647078272612047,0,7.5,2.5,0.2,295.0,0.05,modern_trade,CO-ANDES,promotion,targeted_discount,1
344.62657661544836,9,5,0.7831714323094221,0.6848660704221177,0.6976501245964176,3,9.0,0.0,0.25,310.0,0.0,digital,CO-ANDES,product_recommendation,promote_core_pack,1
339.18609368701465,7,2,0.8939230903501914,0.2937912848515091,0.31903142068713036,0,18.0,0.0,4.5,0.0,0.0,modern_trade,BR-SE,human_followup,sales_visit,1
395.50984129866083,6,24,0.46007100419394964,0.8179934236636057,0.6174019759063044,0,15.5,1.5,0.25,385.0,0.0,digital,BR-SE,bundle,premium_bundle,1
300.83852916449786,6,21,0.7315973428482313,0.7036165392086555,0.5421281611254583,0,15.5,1.5,0.25,385.0,0.0,traditional_trade,MX-NORTH,bundle,premium_bundle,1
289.4794408306361,5,10,0.801805801659555,0.5741691513131135,0.2889743886194765,3,9.0,0.0,0.25,310.0,0.0,traditional_trade,MX-NORTH,product_recommendation,promote_core_pack,0
276.3979527080687,8,2,0.5397944859073979,0.33446578286345097,0.18634249130236522,2,18.0,0.0,4.5,0.0,0.0,traditional_trade,CO-ANDES,human_followup,sales_visit,1
298.2746773124966,5,26,0.7029392388733117,0.14842425923709668,0.7542371642639946,1,18.0,0.0,4.5,0.0,0.0,digital,BR-SE,human_followup,sales_visit,0
391.9391710687794,9,28,0.7056920489152965,0.5088080118964398,0.14733217195370038,2,15.5,1.5,0.25,385.0,0.0,traditional_trade,MX-CENTRAL,bundle,premium_bundle,1
543.7243178521521,5,18,0.5751628592158995,0.41483854260104397,0.8935224093075812,3,7.5,2.5,0.2,295.0,0.05,traditional_trade,BR-SE,promotion,targeted_discount,1
295.7304163325837,8,3,0.7672687305094529,0.29821266399444324,0.48310313951576334,2,18.0,0.0,4.5,0.0,0.0,modern_trade,MX-CENTRAL,human_followup,sales_visit,1
382.66156626136006,6,7,0.39344119828640023,0.043704431346129974,0.3828656993856889,0,15.5,1.5,0.25,385.0,0.0,traditional_trade,MX-CENTRAL,bundle,premium_bundle,0
269.9933402623495,4,18,0.7409453278366782,0.2443130641103892,0.5441876941350587,1,7.5,2.5,0.2,295.0,0.05,modern_trade,CO-ANDES,promotion,targeted_discount,1
268.1376972188518,5,12,0.5695530295773382,0.2788090902332513,0.33403109137827114,3,15.5,1.5,0.25,385.0,0.0,modern_trade,MX-CENTRAL,bundle,premium_bundle,0
309.4435799053195,12,5,0.8623790157091297,0.5451676360853925,0.12121887636382037,0,9.0,0.0,0.25,310.0,0.0,modern_trade,MX-NORTH,product_recommendation,promote_core_pack,1
261.8677779262547,9,28,0.756520150758722,0.3367498245999331,0.592434057300768,3,18.0,0.0,4.5,0.0,0.0,modern_trade,MX-NORTH,human_followup,sales_visit,1
310.1422782797315,1,21,0.697221808322814,0.4839663883107249,0.48091582459504884,3,7.5,2.5,0.2,295.0,0.05,digital,CO-ANDES,promotion,targeted_discount,0
364.0515470300888,7,2,0.7863720601051485,0.3388099774260376,0.6133313725798628,0,15.5,1.5,0.25,385.0,0.0,digital,BR-SE,bundle,premium_bundle,1
369.50013316164365,7,28,0.8192314612228825,0.48674144547704334,0.726001291241209,1,15.5,1.5,0.25,385.0,0.0,digital,CO-ANDES,bundle,premium_bundle,0
334.1994395709895,7,5,0.43494831528608086,0.8726332089953744,0.6444359983224106,3,7.5,2.5,0.2,295.0,0.05,modern_trade,CO-ANDES,promotion,targeted_discount,1
348.91613014974877,8,27,0.804905337197705,0.2890695306565591,0.09312146338418804,3,7.5,2.5,0.2,295.0,0.05,traditional_trade,CO-ANDES,promotion,targeted_discount,0
310.32816114988753,6,8,0.5923069960898394,0.12609922891672795,0.4113184425739657,0,9.0,0.0,0.25,310.0,0.0,traditional_trade,BR-SE,product_recommendation,promote_core_pack,1
318.1645197267882,8,29,0.6860112172036953,0.6474654176158641,0.8376808533205383,3,18.0,0.0,4.5,0.0,0.0,digital,MX-NORTH,human_followup,sales_visit,0
234.73056864564188,11,26,0.6691896881413144,0.6131454888477801,0.5408872372740683,2,15.5,1.5,0.25,385.0,0.0,digital,MX-CENTRAL,bundle,premium_bundle,0
252.2041033239612,4,25,0.6065662292731695,0.7541461388993514,0.3061354161715674,2,15.5,1.5,0.25,385.0,0.0,modern_trade,MX-CENTRAL,bundle,premium_bundle,0
212.00082722385446,6,8,0.7119224084807775,0.35602834753405793,0.3961113129937341,1,15.5,1.5,0.25,385.0,0.0,digital,MX-NORTH,bundle,premium_bundle,0
475.7416077448819,3,4,0.7909511774478991,0.22822426943576224,0.5285752223232777,3,15.5,1.5,0.25,385.0,0.0,digital,MX-CENTRAL,bundle,premium_bundle,0
265.48756338511043,7,27,0.4410246607958802,0.44738597449513096,0.23001310097586963,2,18.0,0.0,4.5,0.0,0.0,digital,MX-NORTH,human_followup,sales_visit,0
413.2772858148412,5,27,0.653938942233101,0.3077154547480388,0.32343953321235963,0,15.5,1.5,0.25,385.0,0.0,traditional_trade,BR-SE,bundle,premium_bundle,0
299.739558296808,3,25,0.8345757272497426,0.7664285702306244,0.7507662460439014,1,15.5,1.5,0.25,385.0,0.0,traditional_trade,MX-CENTRAL,bundle,premium_bundle,0
427.7311258877089,3,30,0.4366331498831254,0.2718500807327731,0.10250284313509407,2,15.5,1.5,0.25,385.0,0.0,modern_trade,CO-ANDES,bundle,premium_bundle,0
374.26319013445016,2,1,0.6409343475185965,0.25774165680538375,0.7372529026569029,2,18.0,0.0,4.5,0.0,0.0,traditional_trade,MX-NORTH,human_followup,sales_visit,0
240.30359399035117,5,25,0.4953181951335353,0.17571543192748248,0.6337358592494949,3,7.5,2.5,0.2,295.0,0.05,traditional_trade,MX-CENTRAL,promotion,targeted_discount,0
249.52950936790296,6,11,0.6118575674062388,0.32247405460030293,0.6262334870742639,3,18.0,0.0,4.5,0.0,0.0,digital,CO-ANDES,human_followup,sales_visit,1
387.6165921556488,8,22,0.5761217517408868,0.2735504323284696,0.6609908787130164,1,15.5,1.5,0.25,385.0,0.0,digital,CO-ANDES,bundle,premium_bundle,0
408.6570134250743,3,16,0.9091679017624263,0.7904928489041053,0.2925534226873618,2,15.5,1.5,0.25,385.0,0.0,traditional_trade,MX-NORTH,bundle,premium_bundle,0
356.004692205163,1,13,0.43381849929817273,0.3868500385530656,0.2313985554781249,1,9.0,0.0,0.25,310.0,0.0,traditional_trade,MX-NORTH,product_recommendation,promote_core_pack,0
363.60200823583915,7,12,0.5393644177228532,0.7640745804988117,0.33846803146396104,3,7.5,2.5,0.2,295.0,0.05,digital,MX-NORTH,promotion,targeted_discount,1
291.57737267137526,4,15,0.2900357622547032,0.3983214077390359,0.4098552764694069,0,9.0,0.0,0.25,310.0,0.0,traditional_trade,MX-NORTH,product_recommendation,promote_core_pack,0
253.4449809485883,5,28,0.6724810688616396,0.07756679577690218,0.5637174263762513,3,9.0,0.0,0.25,310.0,0.0,traditional_trade,MX-CENTRAL,product_recommendation,promote_core_pack,1
397.7872878624389,6,11,0.613115345826426,0.3346320544559829,0.4879409183495865,1,15.5,1.5,0.25,385.0,0.0,digital,MX-NORTH,bundle,premium_bundle,0
435.38066380224075,6,17,0.886989583067143,0.4167165207101012,0.5506652540990574,3,7.5,2.5,0.2,295.0,0.05,digital,BR-SE,promotion,targeted_discount,1
315.8994786535062,3,9,0.5691956682719751,0.2077750245511843,0.11671046446900606,3,18.0,0.0,4.5,0.0,0.0,modern_trade,MX-NORTH,human_followup,sales_visit,0
240.3523257139799,5,1,0.7247769805348665,0.3505325543970985,0.26458946971325126,2,15.5,1.5,0.25,385.0,0.0,modern_trade,CO-ANDES,bundle,premium_bundle,0
336.49757020362347,7,9,0.7188792484224855,0.13184171009880427,0.8099449758505156,1,7.5,2.5,0.2,295.0,0.05,digital,CO-ANDES,promotion,targeted_discount,0
336.58872174378143,7,20,0.7399050034085246,0.2569958212985492,0.21369927753731036,3,7.5,2.5,0.2,295.0,0.05,digital,BR-SE,promotion,targeted_discount,1
489.4816320781323,2,18,0.45590511226035696,0.13838468086366507,0.7449344276196511,1,9.0,0.0,0.25,310.0,0.0,digital,CO-ANDES,product_recommendation,promote_core_pack,1
339.536147195089,7,26,0.6184962714478974,0.6973897192895441,0.5892580372512465,0,18.0,0.0,4.5,0.0,0.0,traditional_trade,CO-ANDES,human_followup,sales_visit,0
162.73114223470066,4,6,0.6456108582364601,0.8051343669050525,0.8559487188665947,3,9.0,0.0,0.25,310.0,0.0,traditional_trade,CO-ANDES,product_recommendation,promote_core_pack,0
363.619000141687,8,19,0.5741699926045698,0.2544260612526963,0.6071321010798478,2,15.5,1.5,0.25,385.0,0.0,modern_trade,BR-SE,bundle,premium_bundle,0
290.55343825989917,9,18,0.8392654825103819,0.5796443850880868,0.22679155133263068,1,7.5,2.5,0.2,295.0,0.05,digital,MX-NORTH,promotion,targeted_discount,1
406.06984410586364,5,29,0.31513334789864245,0.8222733021575419,0.2618594877871825,3,9.0,0.0,0.25,310.0,0.0,traditional_trade,MX-NORTH,product_recommendation,promote_core_pack,0
382.46978417493756,7,13,0.38369192070168034,0.7033622391208814,0.8524752711660627,2,18.0,0.0,4.5,0.0,0.0,modern_trade,CO-ANDES,human_followup,sales_visit,1
276.77230255348127,8,3,0.7591254141623447,0.39304808217543524,0.4359796660395662,0,18.0,0.0,4.5,0.0,0.0,traditional_trade,MX-NORTH,human_followup,sales_visit,1
339.6495252109511,3,8,0.8214885176430201,0.8358993765677594,0.45035658324343286,1,15.5,1.5,0.25,385.0,0.0,modern_trade,CO-ANDES,bundle,premium_bundle,0
268.90038349253007,7,4,0.9070486157689751,0.24384509062201434,0.14191673038983993,3,7.5,2.5,0.2,295.0,0.05,modern_trade,BR-SE,promotion,targeted_discount,1
366.63725323572146,4,24,0.7613121498685795,0.3185404381845044,0.43516737825948193,3,7.5,2.5,0.2,295.0,0.05,traditional_trade,BR-SE,promotion,targeted_discount,1
454.43871154281425,5,7,0.5336995931305754,0.3016629732956407,0.17669339971375436,2,9.0,0.0,0.25,310.0,0.0,traditional_trade,MX-CENTRAL,product_recommendation,promote_core_pack,0
117.82940403618946,1,27,0.6402850420514503,0.24445120251168148,0.4642403325026266,3,7.5,2.5,0.2,295.0,0.05,traditional_trade,MX-CENTRAL,promotion,targeted_discount,0
256.40549614802086,8,3,0.6010736884907574,0.34662742806580454,0.6231308568318611,0,9.0,0.0,0.25,310.0,0.0,modern_trade,BR-SE,product_recommendation,promote_core_pack,1
466.8361365126272,5,21,0.7856273376195247,0.5196692645736711,0.4847542998740807,1,18.0,0.0,4.5,0.0,0.0,traditional_trade,MX-CENTRAL,human_followup,sales_visit,1
243.54339031780808,3,24,0.6046934862581881,0.6160630018711397,0.5877553228146382,2,15.5,1.5,0.25,385.0,0.0,traditional_trade,BR-SE,bundle,premium_bundle,1
311.34160438761467,11,28,0.9616917579822334,0.29540102202005797,0.2554356189777101,0,15.5,1.5,0.25,385.0,0.0,modern_trade,MX-CENTRAL,bundle,premium_bundle,1
336.11841272005387,6,27,0.8426569562555355,0.16733195517250382,0.27492186695449944,0,15.5,1.5,0.25,385.0,0.0,modern_trade,MX-NORTH,bundle,premium_bundle,0
343.00925431521483,8,27,0.5851462090938532,0.02343502691338771,0.1008021120954634,2,15.5,1.5,0.25,385.0,0.0,digital,BR-SE,bundle,premium_bundle,1
452.4836402941469,2,23,0.8649388152654981,0.2366480473251619,0.5054113358505297,2,7.5,2.5,0.2,295.0,0.05,digital,MX-CENTRAL,promotion,targeted_discount,0
345.0503754861936,5,30,0.5288210692759516,0.4169166484568285,0.6189183578858695,0,9.0,0.0,0.25,310.0,0.0,traditional_trade,BR-SE,product_recommendation,promote_core_pack,0
342.8872217441673,11,4,0.8480065231260451,0.5129713249773442,0.2496542536075245,2,18.0,0.0,4.5,0.0,0.0,modern_trade,BR-SE,human_followup,sales_visit,1
283.15651035584676,8,19,0.6038392921261541,0.7289046873591442,0.04911094146638034,0,7.5,2.5,0.2,295.0,0.05,traditional_trade,CO-ANDES,promotion,targeted_discount,1
317.23057634589986,4,15,0.6756378806481792,0.4356026472297662,0.46237350218163065,1,7.5,2.5,0.2,295.0,0.05,traditional_trade,BR-SE,promotion,targeted_discount,0
280.8995175232007,3,28,0.5228508242620089,0.5997308670485464,0.24534660027762809,0,9.0,0.0,0.25,310.0,0.0,modern_trade,MX-NORTH,product_recommendation,promote_core_pack,0
363.8068777833158,5,26,0.7861042482311739,0.36926544057773575,0.7002299772763584,0,7.5,2.5,0.2,295.0,0.05,traditional_trade,MX-CENTRAL,promotion,targeted_discount,1
230.22634082473508,1,5,0.23539886692387782,0.817785017788223,0.23483680538735785,1,7.5,2.5,0.2,295.0,0.05,traditional_trade,MX-NORTH,promotion,targeted_discount,1
301.2922787543297,4,16,0.5827670091980838,0.35894463124871484,0.24084611802122252,2,15.5,1.5,0.25,385.0,0.0,modern_trade,CO-ANDES,bundle,premium_bundle,0
445.25373312873876,7,13,0.7389613027465425,0.2657577471284557,0.4048382914235021,0,7.5,2.5,0.2,295.0,0.05,traditional_trade,MX-NORTH,promotion,targeted_discount,0
245.21601787542656,4,22,0.8694537706394196,0.4996102513708415,0.6561184911035072,0,7.5,2.5,0.2,295.0,0.05,traditional_trade,CO-ANDES,promotion,targeted_discount,0
324.0207197043155,4,11,0.362336867015305,0.20017514151339952,0.5086328407901803,2,7.5,2.5,0.2,295.0,0.05,traditional_trade,MX-CENTRAL,promotion,targeted_discount,0
426.8549415257196,14,9,0.8052580843581006,0.4116390598520269,0.33510510341288974,1,9.0,0.0,0.25,310.0,0.0,traditional_trade,MX-CENTRAL,product_recommendation,promote_core_pack,1
308.21873245004446,2,24,0.37766181046004876,0.6905830488394313,0.24239325889265836,2,9.0,0.0,0.25,310.0,0.0,modern_trade,MX-NORTH,product_recommendation,promote_core_pack,0
326.55895611423915,7,22,0.8403356791448259,0.7477806093411183,0.5005023486404436,3,18.0,0.0,4.5,0.0,0.0,digital,CO-ANDES,human_followup,sales_visit,0
357.4805730101507,5,14,0.13451896069101343,0.7201879965573212,0.6937343832883552,0,15.5,1.5,0.25,385.0,0.0,modern_trade,MX-CENTRAL,bundle,premium_bundle,0
284.61842293847025,5,16,0.9142710645656044,0.5545083151045868,0.7229337777560818,3,7.5,2.5,0.2,295.0,0.05,modern_trade,MX-NORTH,promotion,targeted_discount,1
289.25541077096193,9,24,0.7725936830382644,0.5247095953277402,0.4427695772608263,1,7.5,2.5,0.2,295.0,0.05,digital,BR-SE,promotion,targeted_discount,0
363.70925792003266,5,22,0.9540509160597627,0.35351093348446033,0.5023364704850274,0,15.5,1.5,0.25,385.0,0.0,traditional_trade,MX-NORTH,bundle,premium_bundle,0
359.3652330043475,5,3,0.3139070968862365,0.3345597146546464,0.08402850817782587,1,7.5,2.5,0.2,295.0,0.05,modern_trade,BR-SE,promotion,targeted_discount,1
319.4311454338116,6,4,0.5428977355039093,0.5045334328104564,0.5464568825230638,2,18.0,0.0,4.5,0.0,0.0,traditional_trade,MX-NORTH,human_followup,sales_visit,0
144.51576390315773,7,28,0.7717927504303185,0.5286352906381417,0.5298424721490365,1,18.0,0.0,4.5,0.0,0.0,digital,CO-ANDES,human_followup,sales_visit,1
393.71390752960497,2,29,0.39166596832689654,0.6061086722556065,0.2038191384795618,0,9.0,0.0,0.25,310.0,0.0,traditional_trade,MX-NORTH,product_recommendation,promote_core_pack,0
338.1710342004569,4,29,0.7475634052934922,0.7718257540645281,0.3593715315946424,0,9.0,0.0,0.25,310.0,0.0,digital,CO-ANDES,product_recommendation,promote_core_pack,1
468.70001721171445,7,3,0.559713191446054,0.5053797195869533,0.6681239917380895,3,9.0,0.0,0.25,310.0,0.0,modern_trade,MX-NORTH,product_recommendation,promote_core_pack,1
440.5168021128379,4,20,0.6527659553492033,0.314129361767191,0.11016488006978219,1,9.0,0.0,0.25,310.0,0.0,digital,MX-CENTRAL,product_recommendation,promote_core_pack,1
403.1573264356389,6,9,0.5576869825264229,0.8080457469367912,0.5648245913491343,3,7.5,2.5,0.2,295.0,0.05,modern_trade,BR-SE,promotion,targeted_discount,0
289.4570374016151,1,4,0.25910266339939814,0.7988460963112166,0.701678376677007,3,9.0,0.0,0.25,310.0,0.0,digital,BR-SE,product_recommendation,promote_core_pack,0
294.9924635776358,10,3,0.6885944240009673,0.44989529322959954,0.22922898846561152,3,18.0,0.0,4.5,0.0,0.0,digital,MX-CENTRAL,human_followup,sales_visit,1
151.5732458762732,8,5,0.5199240164270733,0.47988183731984907,0.10506273966322657,3,9.0,0.0,0.25,310.0,0.0,digital,MX-CENTRAL,product_recommendation,promote_core_pack,1
311.95477607590965,8,25,0.834386115166685,0.6018018628957478,0.5238874099147788,2,18.0,0.0,4.5,0.0,0.0,digital,BR-SE,human_followup,sales_visit,1
454.9700851332165,2,28,0.6262058921480401,0.17130521778854224,0.7371634822291431,3,7.5,2.5,0.2,295.0,0.05,digital,MX-NORTH,promotion,targeted_discount,0
199.4935570567436,4,6,0.517466884023046,0.5576061680803367,0.4805083344746007,0,7.5,2.5,0.2,295.0,0.05,traditional_trade,CO-ANDES,promotion,targeted_discount,0
298.02992052407006,5,16,0.9393154327099578,0.42782150575823363,0.16655229601528537,2,18.0,0.0,4.5,0.0,0.0,digital,BR-SE,human_followup,sales_visit,1
425.96740296551525,4,12,0.728099791472259,0.18993501793214476,0.7031483709382098,1,18.0,0.0,4.5,0.0,0.0,modern_trade,MX-CENTRAL,human_followup,sales_visit,1
418.99539353806585,5,30,0.39206428716995106,0.15632847891782262,0.11882725834042338,1,15.5,1.5,0.25,385.0,0.0,modern_trade,BR-SE,bundle,premium_bundle,0
328.04299749090114,3,22,0.8065853750893445,0.5416045792456237,0.1968736590822909,2,9.0,0.0,0.25,310.0,0.0,modern_trade,MX-CENTRAL,product_recommendation,promote_core_pack,0
332.8998185289985,5,25,0.7161660070120573,0.5622811049597816,0.20760461714521752,3,9.0,0.0,0.25,310.0,0.0,modern_trade,CO-ANDES,product_recommendation,promote_core_pack,1
374.1042745182997,3,23,0.8889713351001636,0.6473472510968196,0.35966026955296787,2,18.0,0.0,4.5,0.0,0.0,traditional_trade,CO-ANDES,human_followup,sales_visit,1
467.88783728530836,5,30,0.4057283576267395,0.7345082668276225,0.30962269019870564,3,18.0,0.0,4.5,0.0,0.0,traditional_trade,MX-CENTRAL,human_followup,sales_visit,0
384.83332138420405,3,0,0.3304517872032354,0.9137062772884216,0.37506142380086865,0,9.0,0.0,0.25,310.0,0.0,modern_trade,BR-SE,product_recommendation,promote_core_pack,1
298.4690193277584,6,13,0.8224256659530883,0.5718620541882091,0.40575532847491186,3,18.0,0.0,4.5,0.0,0.0,modern_trade,MX-NORTH,human_followup,sales_visit,0
300.41728115112426,4,27,0.8535295065363178,0.6326234697432782,0.20047108942715489,2,18.0,0.0,4.5,0.0,0.0,traditional_trade,CO-ANDES,human_followup,sales_visit,1
154.03737056313332,3,13,0.7695390708422918,0.4662189238726133,0.5898666891143608,0,18.0,0.0,4.5,0.0,0.0,traditional_trade,BR-SE,human_followup,sales_visit,0
442.6619754621744,8,28,0.7262959338418578,0.5524560502765822,0.44527235830477735,1,9.0,0.0,0.25,310.0,0.0,digital,MX-NORTH,product_recommendation,promote_core_pack,0
322.22819837667197,4,20,0.7081999608864837,0.524646893867708,0.295564507221243,3,9.0,0.0,0.25,310.0,0.0,digital,BR-SE,product_recommendation,promote_core_pack,1
269.86528274571333,6,18,0.43583786253853823,0.25868421183683155,0.18093965088260125,2,18.0,0.0,4.5,0.0,0.0,modern_trade,BR-SE,human_followup,sales_visit,0
430.62598551363675,5,10,0.3352084921789386,0.5254941263099839,0.480409443484885,2,18.0,0.0,4.5,0.0,0.0,modern_trade,MX-NORTH,human_followup,sales_visit,0
475.384616845245,4,30,0.7545511813388492,0.04477669687531859,0.23602474198969303,3,9.0,0.0,0.25,310.0,0.0,digital,MX-NORTH,product_recommendation,promote_core_pack,1
273.8266115432276,4,19,0.8566829066374649,0.38499621643587906,0.27871264787319144,3,9.0,0.0,0.25,310.0,0.0,digital,CO-ANDES,product_recommendation,promote_core_pack,1
205.58606051857555,6,8,0.7111064271373722,0.23219782342670894,0.31153482982465197,1,9.0,0.0,0.25,310.0,0.0,digital,BR-SE,product_recommendation,promote_core_pack,1
273.3417562014168,5,24,0.6428471241188938,0.5226812034162108,0.5610587765569546,0,18.0,0.0,4.5,0.0,0.0,digital,MX-NORTH,human_followup,sales_visit,0
418.41253042149896,4,12,0.5550708632430066,0.41713522318049784,0.47085949682028194,2,15.5,1.5,0.25,385.0,0.0,digital,CO-ANDES,bundle,premium_bundle,1
359.11891251562577,9,12,0.7910633179804831,0.5197961511946315,0.47761784993824985,2,9.0,0.0,0.25,310.0,0.0,digital,BR-SE,product_recommendation,promote_core_pack,1
304.8315034494763,3,9,0.8128729309187086,0.7870532977747733,0.3122783992669371,1,9.0,0.0,0.25,310.0,0.0,traditional_trade,MX-NORTH,product_recommendation,promote_core_pack,1
464.52138867140764,10,20,0.30937608699716185,0.4756796440745518,0.5526991527158049,1,7.5,2.5,0.2,295.0,0.05,digital,BR-SE,promotion,targeted_discount,1
280.8922173481059,4,20,0.6916841327759092,0.41453720094935453,0.3244605936664297,0,7.5,2.5,0.2,295.0,0.05,traditional_trade,MX-CENTRAL,promotion,targeted_discount,1
388.8705616048171,5,28,0.7772045423807472,0.34640778747199713,0.47133407904531477,2,7.5,2.5,0.2,295.0,0.05,digital,MX-CENTRAL,promotion,targeted_discount,1
391.49547489437066,5,21,0.753595563471396,0.5349536149521656,0.3520207738211574,0,18.0,0.0,4.5,0.0,0.0,traditional_trade,MX-CENTRAL,human_followup,sales_visit,1
312.67138545406965,8,4,0.8635605196729014,0.8732136107149547,0.216945249613789,0,7.5,2.5,0.2,295.0,0.05,traditional_trade,BR-SE,promotion,targeted_discount,1
473.94938397612407,11,4,0.6950954824171716,0.2943430348003738,0.5891413340557774,0,18.0,0.0,4.5,0.0,0.0,digital,MX-CENTRAL,human_followup,sales_visit,1
369.67224075565804,9,4,0.8269677522729163,0.37493449444617255,0.5388725395628882,0,7.5,2.5,0.2,295.0,0.05,traditional_trade,MX-CENTRAL,promotion,targeted_discount,1
312.4145309454742,3,20,0.8018775134726337,0.15332144359170438,0.21664456590170275,3,9.0,0.0,0.25,310.0,0.0,traditional_trade,CO-ANDES,product_recommendation,promote_core_pack,1
336.7590433920178,6,30,0.8098120244697689,0.47199283662821473,0.7351694264478744,2,9.0,0.0,0.25,310.0,0.0,modern_trade,MX-NORTH,product_recommendation,promote_core_pack,1
336.5401732389089,6,0,0.6373007463630095,0.2316455412331806,0.38599380287795493,2,9.0,0.0,0.25,310.0,0.0,modern_trade,CO-ANDES,product_recommendation,promote_core_pack,0
347.3562888661175,5,5,0.8243933905655766,0.4189556352065722,0.24869902677408193,0,7.5,2.5,0.2,295.0,0.05,modern_trade,MX-CENTRAL,promotion,targeted_discount,1
293.54233562891534,5,15,0.8629829932289551,0.5808966655674305,0.4414908490127041,1,15.5,1.5,0.25,385.0,0.0,traditional_trade,BR-SE,bundle,premium_bundle,0
324.5417661998708,2,27,0.5669081796426991,0.30755764672769015,0.5859325901189931,3,7.5,2.5,0.2,295.0,0.05,digital,CO-ANDES,promotion,targeted_discount,0
343.2229856549591,7,3,0.8286313448110553,0.7115973850977556,0.27021271014984466,0,15.5,1.5,0.25,385.0,0.0,digital,MX-CENTRAL,bundle,premium_bundle,1
410.7977057516338,11,1,0.778019051402281,0.32590984181866045,0.2898730161150662,0,18.0,0.0,4.5,0.0,0.0,traditional_trade,MX-CENTRAL,human_followup,sales_visit,1
264.31500866362205,4,21,0.7214367172138503,0.17272661539943013,0.7732510675480934,1,18.0,0.0,4.5,0.0,0.0,modern_trade,CO-ANDES,human_followup,sales_visit,1
206.95785862969748,5,25,0.41521355856433767,0.4921262894127678,0.407328267731646,2,7.5,2.5,0.2,295.0,0.05,modern_trade,MX-NORTH,promotion,targeted_discount,1
333.6249133187672,5,0,0.3693675179563832,0.23790466227190862,0.2787618055310039,1,18.0,0.0,4.5,0.0,0.0,digital,MX-NORTH,human_followup,sales_visit,0
353.1896321564185,8,20,0.5379803608310535,0.2903571192448915,0.40895718306222906,0,15.5,1.5,0.25,385.0,0.0,modern_trade,BR-SE,bundle,premium_bundle,0
342.8549627884027,13,23,0.7738169510785503,0.5251105377601714,0.5891588137736702,0,7.5,2.5,0.2,295.0,0.05,digital,CO-ANDES,promotion,targeted_discount,1
382.26019153560406,7,26,0.760016958205186,0.592051933154092,0.11393964995782337,3,18.0,0.0,4.5,0.0,0.0,modern_trade,MX-CENTRAL,human_followup,sales_visit,0
375.7841212585892,5,21,0.7735807004808248,0.47488747106227475,0.19935714896724466,1,15.5,1.5,0.25,385.0,0.0,traditional_trade,CO-ANDES,bundle,premium_bundle,0
272.32597879300914,4,2,0.17942052053507238,0.830766619759536,0.2715628767747048,1,15.5,1.5,0.25,385.0,0.0,digital,MX-NORTH,bundle,premium_bundle,1
464.66481770904215,7,17,0.36440233031949365,0.19644158534461328,0.4825206521122472,0,18.0,0.0,4.5,0.0,0.0,digital,BR-SE,human_followup,sales_visit,0
261.02203431445116,8,13,0.7845063602917554,0.47139436610328084,0.2556758531155867,0,9.0,0.0,0.25,310.0,0.0,modern_trade,BR-SE,product_recommendation,promote_core_pack,1
392.00569222563774,4,26,0.9631767257339121,0.1338105759439326,0.8506043783189058,3,15.5,1.5,0.25,385.0,0.0,digital,BR-SE,bundle,premium_bundle,0
161.5590134084005,5,9,0.44540259133913657,0.44992959057836424,0.5243166387423068,1,18.0,0.0,4.5,0.0,0.0,digital,MX-NORTH,human_followup,sales_visit,0
303.23029393819724,4,13,0.795574962427706,0.2458840840207567,0.3715486852699247,0,18.0,0.0,4.5,0.0,0.0,digital,CO-ANDES,human_followup,sales_visit,1
253.20099652232872,1,26,0.335482996689865,0.27907969758791235,0.8278532757245923,1,18.0,0.0,4.5,0.0,0.0,modern_trade,MX-CENTRAL,human_followup,sales_visit,0
293.72953590449856,3,20,0.6578497970817256,0.5778861654256043,0.4968114052888265,1,7.5,2.5,0.2,295.0,0.05,modern_trade,BR-SE,promotion,targeted_discount,0
209.01392762951366,6,24,0.5154706121569904,0.5235575810221854,0.1784461513097196,2,18.0,0.0,4.5,0.0,0.0,traditional_trade,CO-ANDES,human_followup,sales_visit,1
381.34810066273656,9,18,0.7917314677673819,0.26110446090320766,0.5066807641098158,2,7.5,2.5,0.2,295.0,0.05,modern_trade,CO-ANDES,promotion,targeted_discount,1
310.883650411482,6,19,0.654154490260479,0.39334847646840343,0.47438088532489264,2,18.0,0.0,4.5,0.0,0.0,digital,BR-SE,human_followup,sales_visit,1
559.3294264864168,7,24,0.7455077972695096,0.5081930332689745,0.2861563729943832,3,7.5,2.5,0.2,295.0,0.05,digital,MX-NORTH,promotion,targeted_discount,1
262.385961559026,6,7,0.8565956624322654,0.335582664103721,0.7092128431293143,1,9.0,0.0,0.25,310.0,0.0,traditional_trade,BR-SE,product_recommendation,promote_core_pack,0
356.26857498410646,2,2,0.7951563158725692,0.19212055630239397,0.29636921048021214,0,9.0,0.0,0.25,310.0,0.0,traditional_trade,MX-NORTH,product_recommendation,promote_core_pack,1
384.83044174002373,6,28,0.8256534293009038,0.34164072825986913,0.3102030761435003,2,18.0,0.0,4.5,0.0,0.0,traditional_trade,MX-CENTRAL,human_followup,sales_visit,1
324.10517174564814,4,23,0.7527101824184531,0.5541651565391823,0.24201053623845517,1,9.0,0.0,0.25,310.0,0.0,traditional_trade,CO-ANDES,product_recommendation,promote_core_pack,0
323.3971760427642,8,6,0.7146399683316698,0.50078037713102,0.23200255251341081,0,18.0,0.0,4.5,0.0,0.0,traditional_trade,MX-NORTH,human_followup,sales_visit,1
326.1916092410137,4,18,0.5535753783267315,0.19029819253281882,0.14395806743783435,0,15.5,1.5,0.25,385.0,0.0,traditional_trade,BR-SE,bundle,premium_bundle,0
215.0629964084,9,19,0.7186021528662591,0.18536241586180177,0.34482921729815685,2,7.5,2.5,0.2,295.0,0.05,modern_trade,MX-NORTH,promotion,targeted_discount,1
352.5129857165528,2,15,0.7873299472219045,0.45697368775377145,0.8967865305854508,0,18.0,0.0,4.5,0.0,0.0,digital,BR-SE,human_followup,sales_visit,0
307.0104306584314,5,6,0.815972314665378,0.5687000305383252,0.13818551129100481,1,7.5,2.5,0.2,295.0,0.05,digital,MX-CENTRAL,promotion,targeted_discount,0
243.89952565900245,9,20,0.2366643725353666,0.7157191169157752,0.2199132588772905,3,18.0,0.0,4.5,0.0,0.0,digital,MX-CENTRAL,human_followup,sales_visit,1
299.42213090002093,9,12,0.6050916941292636,0.4439900379044499,0.5850514768838825,3,15.5,1.5,0.25,385.0,0.0,digital,MX-NORTH,bundle,premium_bundle,1
383.9568855292056,3,14,0.8710423091839227,0.8517812266147884,0.42565506117820123,0,18.0,0.0,4.5,0.0,0.0,traditional_trade,BR-SE,human_followup,sales_visit,1
253.1441752872966,3,25,0.9694099701186908,0.6958110481685107,0.4591542830205539,2,7.5,2.5,0.2,295.0,0.05,modern_trade,MX-CENTRAL,promotion,targeted_discount,1
446.0498003849543,5,8,0.7501451178681633,0.40240118854516266,0.10657031411735263,3,15.5,1.5,0.25,385.0,0.0,digital,MX-CENTRAL,bundle,premium_bundle,0
419.1413811438772,7,20,0.7139991497929609,0.8615360769190782,0.6762121371519465,3,18.0,0.0,4.5,0.0,0.0,traditional_trade,BR-SE,human_followup,sales_visit,0
336.12541459990706,4,4,0.4435554962433575,0.8821429541890362,0.4422759971714034,3,7.5,2.5,0.2,295.0,0.05,traditional_trade,CO-ANDES,promotion,targeted_discount,0
285.7491368685085,4,13,0.487122193656864,0.14000914546608775,0.3026231863783947,2,18.0,0.0,4.5,0.0,0.0,modern_trade,MX-NORTH,human_followup,sales_visit,0
256.80349643924217,5,29,0.8141087500213188,0.5682184370841324,0.20755116448015748,3,7.5,2.5,0.2,295.0,0.05,digital,BR-SE,promotion,targeted_discount,0
372.9863682804358,7,28,0.5996884555536823,0.5448937757245812,0.42683269159335846,2,18.0,0.0,4.5,0.0,0.0,traditional_trade,BR-SE,human_followup,sales_visit,1
347.9778144545761,6,15,0.7200989460828056,0.5372737664876935,0.3687429889675598,0,7.5,2.5,0.2,295.0,0.05,traditional_trade,CO-ANDES,promotion,targeted_discount,1
312.2228887722132,7,20,0.8690857098546834,0.20284295712312028,0.39739156611942117,3,15.5,1.5,0.25,385.0,0.0,digital,MX-CENTRAL,bundle,premium_bundle,1
240.1014811731971,1,26,0.5364712764292098,0.6583528687522139,0.30664108004121504,1,15.5,1.5,0.25,385.0,0.0,modern_trade,MX-CENTRAL,bundle,premium_bundle,1
440.4878304627109,10,23,0.6030081851390716,0.8658841722157138,0.677701022664581,2,7.5,2.5,0.2,295.0,0.05,digital,CO-ANDES,promotion,targeted_discount,0
391.97924525291353,2,9,0.8220674183561415,0.4893422786089409,0.7011549210641111,0,15.5,1.5,0.25,385.0,0.0,digital,MX-CENTRAL,bundle,premium_bundle,0
281.70166959963063,4,23,0.7186693484701174,0.8737870537985599,0.6891762705691061,3,15.5,1.5,0.25,385.0,0.0,digital,MX-NORTH,bundle,premium_bundle,0
417.05706571510484,2,0,0.7161965606316055,0.7471875323379252,0.18056401040795506,1,9.0,0.0,0.25,310.0,0.0,modern_trade,CO-ANDES,product_recommendation,promote_core_pack,0
315.93407677598805,2,12,0.7863864359118546,0.4738922778960019,0.8397867726732332,2,18.0,0.0,4.5,0.0,0.0,modern_trade,MX-CENTRAL,human_followup,sales_visit,1
358.69217246245904,4,2,0.33660425484656686,0.5675832317061889,0.4958053149992038,0,18.0,0.0,4.5,0.0,0.0,digital,MX-NORTH,human_followup,sales_visit,1
260.8472028247013,3,13,0.7996262582531506,0.5094124774599855,0.3807981224405309,3,15.5,1.5,0.25,385.0,0.0,modern_trade,MX-CENTRAL,bundle,premium_bundle,0
400.209531019187,4,8,0.448320707885945,0.3957089390471072,0.42812788909216476,1,15.5,1.5,0.25,385.0,0.0,modern_trade,MX-NORTH,bundle,premium_bundle,0
382.74326233736394,5,14,0.6322813986772983,0.33479537901981743,0.4716440737150564,2,9.0,0.0,0.25,310.0,0.0,modern_trade,BR-SE,product_recommendation,promote_core_pack,1
499.65080916803413,5,8,0.6367571160749534,0.48351501969841754,0.17216702161967504,3,18.0,0.0,4.5,0.0,0.0,digital,CO-ANDES,human_followup,sales_visit,1
375.6598039594023,7,17,0.8180675285943609,0.26173010356360876,0.7319897634330016,1,7.5,2.5,0.2,295.0,0.05,digital,CO-ANDES,promotion,targeted_discount,0
196.01418833025494,6,10,0.45735074716220525,0.6659569425371652,0.6429074561373879,0,7.5,2.5,0.2,295.0,0.05,digital,MX-NORTH,promotion,targeted_discount,1
259.4451987713476,6,14,0.5922988878969243,0.16717118364746014,0.5099107476469397,0,7.5,2.5,0.2,295.0,0.05,modern_trade,CO-ANDES,promotion,targeted_discount,0
493.00406095154835,8,15,0.7969434007888899,0.6788110772854017,0.5221503159096382,0,7.5,2.5,0.2,295.0,0.05,traditional_trade,MX-NORTH,promotion,targeted_discount,0
353.57731010555074,9,4,0.591025675997423,0.32287583513739687,0.26735111207197765,0,15.5,1.5,0.25,385.0,0.0,modern_trade,MX-NORTH,bundle,premium_bundle,1
449.4968502181103,3,9,0.5784964120334526,0.6602077011582982,0.11225680989521206,3,9.0,0.0,0.25,310.0,0.0,digital,CO-ANDES,product_recommendation,promote_core_pack,0
286.90588163482175,7,21,0.6699322003745931,0.30237957585920355,0.6472164169919364,1,7.5,2.5,0.2,295.0,0.05,traditional_trade,BR-SE,promotion,targeted_discount,1
360.6811905204348,7,24,0.7137666221486605,0.30331353555256313,0.09857745178359681,1,15.5,1.5,0.25,385.0,0.0,traditional_trade,BR-SE,bundle,premium_bundle,0
460.61881633588507,5,10,0.7876582122383987,0.6197447173185603,0.37508955923147197,3,15.5,1.5,0.25,385.0,0.0,traditional_trade,CO-ANDES,bundle,premium_bundle,0
510.6402727948216,4,3,0.8756471632553099,0.36490249578238915,0.4894148429739801,2,18.0,0.0,4.5,0.0,0.0,modern_trade,MX-CENTRAL,human_followup,sales_visit,0
431.4830797726834,4,18,0.5420024143542366,0.3349935045951889,0.35880751627944435,1,9.0,0.0,0.25,310.0,0.0,traditional_trade,MX-NORTH,product_recommendation,promote_core_pack,0
296.11046801358054,8,2,0.48790173324890107,0.6639303439830101,0.3255769834679618,0,9.0,0.0,0.25,310.0,0.0,modern_trade,MX-NORTH,product_recommendation,promote_core_pack,0
312.97209723268634,5,24,0.8187993619384966,0.6616980120429715,0.3698322037567117,1,15.5,1.5,0.25,385.0,0.0,traditional_trade,BR-SE,bundle,premium_bundle,0
175.7201065739204,3,10,0.3777477431507992,0.22921410661821037,0.4840235712611184,3,18.0,0.0,4.5,0.0,0.0,modern_trade,MX-CENTRAL,human_followup,sales_visit,0
281.46065235509906,6,15,0.9350233602423254,0.44489486019388913,0.741998855514742,1,15.5,1.5,0.25,385.0,0.0,digital,BR-SE,bundle,premium_bundle,0
431.8574481035805,7,21,0.9547082813488401,0.6770755076892402,0.13740438058994212,2,7.5,2.5,0.2,295.0,0.05,traditional_trade,CO-ANDES,promotion,targeted_discount,1
251.56715386443273,3,28,0.4521997035303303,0.6273413154758973,0.10313725759419032,0,7.5,2.5,0.2,295.0,0.05,traditional_trade,MX-CENTRAL,promotion,targeted_discount,1
343.0253233757675,3,0,0.5488259192877822,0.4070155593254242,0.3429596814500312,3,7.5,2.5,0.2,295.0,0.05,traditional_trade,MX-NORTH,promotion,targeted_discount,0
205.7059621298451,5,30,0.9311453898572764,0.5563335815469111,0.37116946701056597,2,9.0,0.0,0.25,310.0,0.0,traditional_trade,MX-NORTH,product_recommendation,promote_core_pack,0
275.4782179684508,7,1,0.6373029560385062,0.2157705694114289,0.3792094425288891,2,15.5,1.5,0.25,385.0,0.0,traditional_trade,MX-CENTRAL,bundle,premium_bundle,1
232.18824816552342,3,29,0.7773419120080663,0.38746888115267303,0.5428485053508367,3,7.5,2.5,0.2,295.0,0.05,modern_trade,MX-CENTRAL,promotion,targeted_discount,0
325.54795581227444,6,29,0.26623996868625094,0.6599435379276227,0.35043609609643517,0,15.5,1.5,0.25,385.0,0.0,traditional_trade,MX-NORTH,bundle,premium_bundle,1
204.11753382146594,4,25,0.7172109677003908,0.4306219003852773,0.6198696221846673,2,15.5,1.5,0.25,385.0,0.0,traditional_trade,MX-CENTRAL,bundle,premium_bundle,1
292.7828717770462,1,7,0.5797479073266246,0.4893336235932976,0.3956075969229916,2,15.5,1.5,0.25,385.0,0.0,modern_trade,MX-NORTH,bundle,premium_bundle,0
343.6936353940314,6,26,0.7809015531187207,0.33483157937892205,0.10622002468386676,2,9.0,0.0,0.25,310.0,0.0,traditional_trade,MX-CENTRAL,product_recommendation,promote_core_pack,1
260.30189252843,2,27,0.5931600843211754,0.40292450415734166,0.48883783408046927,3,18.0,0.0,4.5,0.0,0.0,modern_trade,MX-CENTRAL,human_followup,sales_visit,1
345.15213849557756,2,13,0.8458681591892915,0.5926342265945621,0.5842166646814793,1,15.5,1.5,0.25,385.0,0.0,modern_trade,MX-CENTRAL,bundle,premium_bundle,1
213.8223647895594,5,20,0.48564639945842464,0.13641149957804152,0.6746531303054357,0,15.5,1.5,0.25,385.0,0.0,modern_trade,BR-SE,bundle,premium_bundle,1
367.80924241569517,7,23,0.6677583396534051,0.6135134548356006,0.2747141206425784,3,18.0,0.0,4.5,0.0,0.0,traditional_trade,MX-CENTRAL,human_followup,sales_visit,0
496.6076499478454,5,16,0.9246680715315005,0.40370122913447676,0.05750162536828267,3,7.5,2.5,0.2,295.0,0.05,digital,MX-NORTH,promotion,targeted_discount,1
243.7144904745399,1,2,0.3414170944208829,0.5965330741417122,0.7389778634662666,3,18.0,0.0,4.5,0.0,0.0,modern_trade,BR-SE,human_followup,sales_visit,0
264.2088713491771,9,15,0.4043137181127842,0.5259771962603806,0.4833482308527696,2,7.5,2.5,0.2,295.0,0.05,modern_trade,CO-ANDES,promotion,targeted_discount,0
138.16264959374462,7,24,0.543319847817974,0.6332835017251103,0.6757707646940848,1,18.0,0.0,4.5,0.0,0.0,traditional_trade,CO-ANDES,human_followup,sales_visit,1
554.3603027736717,6,1,0.7008710884899974,0.7375442763498176,0.08314153157297693,2,9.0,0.0,0.25,310.0,0.0,digital,BR-SE,product_recommendation,promote_core_pack,1
385.80808624619607,11,17,0.525354010542964,0.3451225144173118,0.4408344569711633,3,9.0,0.0,0.25,310.0,0.0,traditional_trade,MX-NORTH,product_recommendation,promote_core_pack,1
381.78777191386513,8,29,0.1321338933962614,0.5231355679761502,0.3586315087449311,3,7.5,2.5,0.2,295.0,0.05,modern_trade,MX-CENTRAL,promotion,targeted_discount,1
429.75120709975226,3,16,0.6750800769006328,0.01856786405412197,0.8186820187100147,1,7.5,2.5,0.2,295.0,0.05,digital,CO-ANDES,promotion,targeted_discount,0
218.05055119150828,8,1,0.6124658673762764,0.8370378615240512,0.32535338841493666,1,18.0,0.0,4.5,0.0,0.0,traditional_trade,MX-CENTRAL,human_followup,sales_visit,0
85.69393612680028,5,17,0.9474394645140387,0.3991952046242979,0.24890676705774417,1,15.5,1.5,0.25,385.0,0.0,traditional_trade,CO-ANDES,bundle,premium_bundle,0
353.4397206253661,5,1,0.9047235447954648,0.6186257978671323,0.21227958050308207,2,18.0,0.0,4.5,0.0,0.0,traditional_trade,CO-ANDES,human_followup,sales_visit,0
397.18026477942004,8,0,0.450602653294605,0.6398790171533911,0.49532704309443576,0,9.0,0.0,0.25,310.0,0.0,modern_trade,MX-NORTH,product_recommendation,promote_core_pack,0
280.41813556889304,5,26,0.3475581198358987,0.25657737895772154,0.7177837896211183,2,15.5,1.5,0.25,385.0,0.0,digital,BR-SE,bundle,premium_bundle,1
155.65407537244266,4,13,0.7502929304311686,0.745180850224231,0.07492501245137058,2,15.5,1.5,0.25,385.0,0.0,modern_trade,MX-CENTRAL,bundle,premium_bundle,0
288.06185650905536,7,9,0.9035799010128124,0.7099722515533644,0.2839539499348858,0,7.5,2.5,0.2,295.0,0.05,modern_trade,BR-SE,promotion,targeted_discount,1
356.19149078221074,3,0,0.6221494088874567,0.6145692835818355,0.20642195486697876,2,7.5,2.5,0.2,295.0,0.05,traditional_trade,CO-ANDES,promotion,targeted_discount,1
404.7219431672744,7,18,0.821465968037207,0.625360213087054,0.5107914053490995,2,9.0,0.0,0.25,310.0,0.0,modern_trade,MX-NORTH,product_recommendation,promote_core_pack,1
329.13062303581535,6,1,0.9431600012754188,0.5428697764420662,0.30933245786874575,0,18.0,0.0,4.5,0.0,0.0,modern_trade,MX-CENTRAL,human_followup,sales_visit,0
337.6732646163826,5,30,0.6812416594635046,0.3144820352012925,0.45154780374758036,3,9.0,0.0,0.25,310.0,0.0,digital,MX-CENTRAL,product_recommendation,promote_core_pack,0
399.336206992287,5,6,0.4224660035720672,0.17404320295550704,0.44651675935279705,0,7.5,2.5,0.2,295.0,0.05,digital,BR-SE,promotion,targeted_discount,0
314.91620263278276,7,16,0.5387341379224815,0.5701171068835258,0.18293208228753952,0,18.0,0.0,4.5,0.0,0.0,traditional_trade,MX-NORTH,human_followup,sales_visit,0
324.31994301287864,5,15,0.4216939915939697,0.27133401257115014,0.7378851896265585,3,9.0,0.0,0.25,310.0,0.0,modern_trade,MX-NORTH,product_recommendation,promote_core_pack,0
260.0177517462541,3,27,0.5777261382831992,0.7532818747054868,0.46487660788922386,1,15.5,1.5,0.25,385.0,0.0,digital,CO-ANDES,bundle,premium_bundle,0
319.5424936391222,5,23,0.7873913410385335,0.6057919142203883,0.4820891437835193,3,15.5,1.5,0.25,385.0,0.0,digital,MX-NORTH,bundle,premium_bundle,0
327.08991007963215,3,2,0.6062309101744067,0.42891553448181363,0.38332480290339793,2,15.5,1.5,0.25,385.0,0.0,digital,MX-NORTH,bundle,premium_bundle,0
384.1665987566281,5,27,0.6122898247592924,0.4152570340329876,0.28107871332084894,3,7.5,2.5,0.2,295.0,0.05,digital,MX-CENTRAL,promotion,targeted_discount,0
188.32407547239296,2,29,0.6755575051068458,0.20647062025135138,0.40726217818689864,2,9.0,0.0,0.25,310.0,0.0,digital,MX-CENTRAL,product_recommendation,promote_core_pack,0
407.7596833473736,5,26,0.4538940152123022,0.22406657041826897,0.5388186453447067,2,18.0,0.0,4.5,0.0,0.0,digital,BR-SE,human_followup,sales_visit,1
506.0273952759951,5,23,0.8221810099717405,0.26536611039804653,0.01690144957269919,3,7.5,2.5,0.2,295.0,0.05,digital,CO-ANDES,promotion,targeted_discount,0
324.53363590443166,8,10,0.6616973595011004,0.16102384779281945,0.39629590946462456,2,7.5,2.5,0.2,295.0,0.05,traditional_trade,CO-ANDES,promotion,targeted_discount,1
221.53725439610596,6,19,0.5241326571261241,0.48833621333479205,0.21480851323419958,2,7.5,2.5,0.2,295.0,0.05,traditional_trade,MX-CENTRAL,promotion,targeted_discount,1
330.3416008982433,4,15,0.4233387031170575,0.3777343524458686,0.4843597175279142,3,9.0,0.0,0.25,310.0,0.0,traditional_trade,MX-NORTH,product_recommendation,promote_core_pack,0
239.90799560116403,7,8,0.6368517505332383,0.37037124281636946,0.3014121505571788,2,9.0,0.0,0.25,310.0,0.0,traditional_trade,MX-CENTRAL,product_recommendation,promote_core_pack,1
422.18087628353726,7,19,0.3864467839720596,0.40990118388110103,0.6117396417081338,0,9.0,0.0,0.25,310.0,0.0,modern_trade,MX-NORTH,product_recommendation,promote_core_pack,1
338.9150846446842,3,23,0.7837166746093758,0.4946365437789141,0.4330154532693089,2,9.0,0.0,0.25,310.0,0.0,modern_trade,CO-ANDES,product_recommendation,promote_core_pack,1
159.4193264278214,6,6,0.8155780934068103,0.3471392220864235,0.09732420193361034,1,15.5,1.5,0.25,385.0,0.0,digital,BR-SE,bundle,premium_bundle,1
467.5167325649578,6,11,0.6634360457933659,0.33501008680143457,0.6587736098498219,1,18.0,0.0,4.5,0.0,0.0,digital,MX-CENTRAL,human_followup,sales_visit,0
394.86673742602574,4,11,0.7862301680766705,0.5413074062314805,0.5340150629961196,3,15.5,1.5,0.25,385.0,0.0,traditional_trade,MX-NORTH,bundle,premium_bundle,0
222.8775454674112,3,22,0.6501925988830929,0.6119247321335448,0.499855197549646,1,9.0,0.0,0.25,310.0,0.0,digital,CO-ANDES,product_recommendation,promote_core_pack,1
282.88224058045535,6,30,0.928685630013657,0.08748446698446909,0.2454793781228281,3,7.5,2.5,0.2,295.0,0.05,digital,MX-CENTRAL,promotion,targeted_discount,0
232.90725452506,6,11,0.7760964437076685,0.05232988929260947,0.08533942778125474,2,18.0,0.0,4.5,0.0,0.0,digital,CO-ANDES,human_followup,sales_visit,1
374.88556377463897,6,24,0.29641670952451543,0.23364591983640942,0.7025320382321659,0,9.0,0.0,0.25,310.0,0.0,modern_trade,MX-NORTH,product_recommendation,promote_core_pack,1
288.6559915316565,1,24,0.8146910388023548,0.3058333819660981,0.28852659567293515,0,15.5,1.5,0.25,385.0,0.0,modern_trade,BR-SE,bundle,premium_bundle,0
304.2803006088891,4,23,0.8273920558013185,0.5206114401645068,0.4990228893355224,3,15.5,1.5,0.25,385.0,0.0,digital,CO-ANDES,bundle,premium_bundle,0
586.4089565640013,5,8,0.6585769943117011,0.3309674712446184,0.08468989792990197,2,7.5,2.5,0.2,295.0,0.05,modern_trade,MX-CENTRAL,promotion,targeted_discount,1
256.82878441273164,8,17,0.5796351294227563,0.6620382355869131,0.21221646587792187,2,7.5,2.5,0.2,295.0,0.05,modern_trade,CO-ANDES,promotion,targeted_discount,1
247.5035700112924,5,3,0.4229141243843551,0.3253796524083038,0.16578957105467002,1,7.5,2.5,0.2,295.0,0.05,modern_trade,BR-SE,promotion,targeted_discount,0
499.0601876948381,6,1,0.8380244819997839,0.4411895031102292,0.06880010902288874,3,7.5,2.5,0.2,295.0,0.05,digital,MX-NORTH,promotion,targeted_discount,1
194.14628702309946,6,4,0.7507262568718224,0.7064978911137104,0.640928050439846,1,18.0,0.0,4.5,0.0,0.0,traditional_trade,MX-CENTRAL,human_followup,sales_visit,0
355.49078519493435,4,28,0.6583147095062241,0.21264721255852428,0.36348791793201557,0,7.5,2.5,0.2,295.0,0.05,traditional_trade,MX-NORTH,promotion,targeted_discount,0
373.09364815119676,5,21,0.6477445638548611,0.7410138540526117,0.23191701083594443,3,9.0,0.0,0.25,310.0,0.0,traditional_trade,BR-SE,product_recommendation,promote_core_pack,0
294.33155732036494,6,4,0.8705901457380717,0.44892585066718116,0.15868753626217755,1,9.0,0.0,0.25,310.0,0.0,modern_trade,MX-CENTRAL,product_recommendation,promote_core_pack,0
170.19546869771156,5,24,0.95595801930124,0.529086371082693,0.07937443891285187,0,18.0,0.0,4.5,0.0,0.0,modern_trade,MX-CENTRAL,human_followup,sales_visit,1
338.19915733341344,2,24,0.4358976032804918,0.44990901255818366,0.19174078650048157,0,7.5,2.5,0.2,295.0,0.05,traditional_trade,MX-NORTH,promotion,targeted_discount,1
293.1148558519989,3,9,0.5925490136021729,0.3316294499786074,0.11356685026100219,2,18.0,0.0,4.5,0.0,0.0,traditional_trade,MX-NORTH,human_followup,sales_visit,0
276.5450549068657,8,3,0.6457533496699858,0.5345819233252687,0.2584823401563202,0,7.5,2.5,0.2,295.0,0.05,modern_trade,MX-NORTH,promotion,targeted_discount,1
280.77141922973516,3,19,0.500429701565254,0.47304481813506866,0.4022379158521876,2,15.5,1.5,0.25,385.0,0.0,traditional_trade,CO-ANDES,bundle,premium_bundle,0
246.03260304359225,5,21,0.6968336332080673,0.5767097943114879,0.9389036841042301,3,7.5,2.5,0.2,295.0,0.05,digital,CO-ANDES,promotion,targeted_discount,1
309.33560364957367,5,19,0.7997726794967255,0.7248935084968032,0.46756427868703887,0,7.5,2.5,0.2,295.0,0.05,traditional_trade,MX-CENTRAL,promotion,targeted_discount,1
251.1581878655146,4,0,0.4563314845807545,0.8132808058816665,0.46562388567951807,1,7.5,2.5,0.2,295.0,0.05,modern_trade,CO-ANDES,promotion,targeted_discount,1
330.86094831888954,4,16,0.8733100512512768,0.462952868016098,0.4104383960959087,2,18.0,0.0,4.5,0.0,0.0,modern_trade,BR-SE,human_followup,sales_visit,0
294.51330922984084,8,5,0.7266543369970921,0.5509448739708832,0.4277022392931612,3,7.5,2.5,0.2,295.0,0.05,modern_trade,MX-CENTRAL,promotion,targeted_discount,1
416.0917290448664,7,27,0.7792306253745647,0.3262727093220463,0.11024615086740357,2,18.0,0.0,4.5,0.0,0.0,digital,MX-NORTH,human_followup,sales_visit,0
294.1932925125122,4,1,0.7859670134832506,0.4036543279858441,0.7468247510703903,0,18.0,0.0,4.5,0.0,0.0,modern_trade,MX-CENTRAL,human_followup,sales_visit,1
263.23257243475194,7,10,0.7566341974804541,0.5052070876056777,0.566356754388892,0,18.0,0.0,4.5,0.0,0.0,modern_trade,MX-CENTRAL,human_followup,sales_visit,1
440.8129555292749,5,9,0.6213957620580246,0.2554595331948398,0.658103273511484,0,18.0,0.0,4.5,0.0,0.0,traditional_trade,BR-SE,human_followup,sales_visit,0
409.5849542358462,7,4,0.7746164681980736,0.8539671970203264,0.43556518819042783,2,9.0,0.0,0.25,310.0,0.0,digital,BR-SE,product_recommendation,promote_core_pack,0
433.86295384516296,3,4,0.5182079025880234,0.5546032391186622,0.19089060397600094,2,15.5,1.5,0.25,385.0,0.0,traditional_trade,CO-ANDES,bundle,premium_bundle,1
348.4715189082719,5,26,0.8173561752460548,0.45935965794811173,0.22106399872076676,1,9.0,0.0,0.25,310.0,0.0,modern_trade,CO-ANDES,product_recommendation,promote_core_pack,1
378.41951034738867,2,6,0.5387550559529543,0.5264286081641348,0.6716964521304069,1,7.5,2.5,0.2,295.0,0.05,digital,MX-NORTH,promotion,targeted_discount,0
354.6247659697661,8,20,0.12117698493003284,0.6292414393785475,0.37224964448882847,2,7.5,2.5,0.2,295.0,0.05,modern_trade,BR-SE,promotion,targeted_discount,1
307.7864998700711,2,15,0.8368082275761136,0.23068423732885213,0.8382149768041823,2,18.0,0.0,4.5,0.0,0.0,modern_trade,MX-NORTH,human_followup,sales_visit,0
381.4975523036901,5,23,0.44854712257075346,0.42529966421992615,0.36830438279550287,1,9.0,0.0,0.25,310.0,0.0,traditional_trade,CO-ANDES,product_recommendation,promote_core_pack,1
288.4035532889426,3,27,0.49429363273656884,0.3360256245051592,0.2841564009983309,2,7.5,2.5,0.2,295.0,0.05,traditional_trade,MX-NORTH,promotion,targeted_discount,0
307.6993672683062,9,13,0.6510175149224722,0.05877998229892274,0.16707379592511062,3,9.0,0.0,0.25,310.0,0.0,digital,MX-CENTRAL,product_recommendation,promote_core_pack,1
408.118993954231,6,16,0.5934540692238472,0.6045819666311172,0.29362512275954994,3,15.5,1.5,0.25,385.0,0.0,traditional_trade,MX-NORTH,bundle,premium_bundle,0
349.9143160536048,7,11,0.7249480306453946,0.17842028620873612,0.2047671112717799,0,7.5,2.5,0.2,295.0,0.05,traditional_trade,MX-CENTRAL,promotion,targeted_discount,1
312.9535824549384,5,21,0.2672830909054544,0.2114474588993443,0.8166920517138645,3,7.5,2.5,0.2,295.0,0.05,traditional_trade,BR-SE,promotion,targeted_discount,1
474.59579965669235,5,19,0.8392670731495847,0.45388557736583174,0.7457110184821946,0,7.5,2.5,0.2,295.0,0.05,traditional_trade,CO-ANDES,promotion,targeted_discount,1
373.6412373133242,6,15,0.7276089961427957,0.6337207986325549,0.3630509447223342,1,15.5,1.5,0.25,385.0,0.0,digital,MX-CENTRAL,bundle,premium_bundle,0
288.6428714249589,4,13,0.6834537405861836,0.34841539289298507,0.19332876630268178,3,9.0,0.0,0.25,310.0,0.0,traditional_trade,MX-NORTH,product_recommendation,promote_core_pack,1
385.4507984105,2,16,0.9271214202523559,0.3651940099589944,0.4290490551739608,2,15.5,1.5,0.25,385.0,0.0,traditional_trade,BR-SE,bundle,premium_bundle,1
408.528726361763,11,5,0.846244200422033,0.3665527585948428,0.10543939490276112,0,9.0,0.0,0.25,310.0,0.0,modern_trade,BR-SE,product_recommendation,promote_core_pack,1
293.9209728085319,11,14,0.58031002068119,0.5814336384859717,0.20285961482465956,3,9.0,0.0,0.25,310.0,0.0,modern_trade,CO-ANDES,product_recommendation,promote_core_pack,1
372.75982792751813,3,20,0.4056710483051765,0.2788275942697538,0.40587759280240665,3,15.5,1.5,0.25,385.0,0.0,modern_trade,CO-ANDES,bundle,premium_bundle,0
243.81184406158718,4,21,0.8108479883867277,0.34921953070789286,0.1575407824330344,1,15.5,1.5,0.25,385.0,0.0,modern_trade,MX-CENTRAL,bundle,premium_bundle,0
372.65291031044006,6,3,0.46701930204375824,0.40106605145838564,0.47894390521231966,3,9.0,0.0,0.25,310.0,0.0,digital,CO-ANDES,product_recommendation,promote_core_pack,1
439.45296480033176,7,18,0.7286292773252749,0.5643582566720045,0.08302407273950231,1,9.0,0.0,0.25,310.0,0.0,digital,MX-NORTH,product_recommendation,promote_core_pack,1
526.7231819415365,1,12,0.5648480780352962,0.36564285924056567,0.09553628137647105,3,7.5,2.5,0.2,295.0,0.05,modern_trade,MX-CENTRAL,promotion,targeted_discount,0
438.793721144375,5,1,0.8754371692824414,0.4021572975631454,0.6326391518159793,2,15.5,1.5,0.25,385.0,0.0,digital,CO-ANDES,bundle,premium_bundle,1
399.5582828005191,5,5,0.6126352865955578,0.6517573599141323,0.3315262884156629,0,15.5,1.5,0.25,385.0,0.0,modern_trade,MX-CENTRAL,bundle,premium_bundle,0
255.8924326146065,8,11,0.8981229198978269,0.5063240956270263,0.12493899735109937,0,9.0,0.0,0.25,310.0,0.0,digital,BR-SE,product_recommendation,promote_core_pack,1
179.47279494159628,4,12,0.7013165964768164,0.31365321144899727,0.3712532927236713,3,7.5,2.5,0.2,295.0,0.05,traditional_trade,MX-CENTRAL,promotion,targeted_discount,0
251.4411040185546,8,16,0.7165016752473534,0.35679557155153885,0.7682252838894533,2,7.5,2.5,0.2,295.0,0.05,digital,MX-NORTH,promotion,targeted_discount,0
363.44447322803086,5,25,0.6947705731356315,0.4929465059620766,0.1616849338021717,3,9.0,0.0,0.25,310.0,0.0,traditional_trade,MX-CENTRAL,product_recommendation,promote_core_pack,0
324.67205365675545,8,20,0.8397222023061578,0.5248255651505228,0.2197647233922358,2,9.0,0.0,0.25,310.0,0.0,traditional_trade,CO-ANDES,product_recommendation,promote_core_pack,0
316.28076321264166,8,20,0.7777148839563858,0.8329811839531549,0.508543162544098,1,7.5,2.5,0.2,295.0,0.05,modern_trade,CO-ANDES,promotion,targeted_discount,0
404.3321225118915,5,26,0.5846029091139058,0.14622534785376373,0.4368277139712853,2,15.5,1.5,0.25,385.0,0.0,digital,MX-NORTH,bundle,premium_bundle,0
374.51556506799426,3,4,0.5459333359615065,0.3574055458621324,0.3884356731834909,2,15.5,1.5,0.25,385.0,0.0,digital,MX-CENTRAL,bundle,premium_bundle,1
267.82732319249595,4,22,0.7054330776509433,0.3576016871520848,0.35623620792894,0,7.5,2.5,0.2,295.0,0.05,digital,CO-ANDES,promotion,targeted_discount,1
381.97621701294145,3,23,0.41476998543313337,0.43194143666448437,0.1664520522664793,2,9.0,0.0,0.25,310.0,0.0,modern_trade,CO-ANDES,product_recommendation,promote_core_pack,1
184.2007643092049,6,23,0.8289788404403824,0.4180563709265657,0.34870184509686186,3,7.5,2.5,0.2,295.0,0.05,digital,BR-SE,promotion,targeted_discount,1
367.4483775615242,6,5,0.7290872629021705,0.2685644344239143,0.4504625045801489,0,7.5,2.5,0.2,295.0,0.05,traditional_trade,MX-NORTH,promotion,targeted_discount,1
245.96637680918008,7,20,0.534148401168637,0.35421855913816075,0.06868365901325343,3,9.0,0.0,0.25,310.0,0.0,modern_trade,MX-NORTH,product_recommendation,promote_core_pack,0
363.30860215553776,3,2,0.7336742681823039,0.4562946721154919,0.7762382363461571,0,15.5,1.5,0.25,385.0,0.0,digital,MX-CENTRAL,bundle,premium_bundle,0
298.4848682127437,3,28,0.6131371564896851,0.15407924313801472,0.14730347269669455,0,18.0,0.0,4.5,0.0,0.0,traditional_trade,MX-CENTRAL,human_followup,sales_visit,1
369.1461210122903,7,13,0.7495739109397734,0.4570676793520999,0.25028047088870214,0,15.5,1.5,0.25,385.0,0.0,digital,BR-SE,bundle,premium_bundle,1
369.2774969155183,2,26,0.8925901022129221,0.3791163382835155,0.15474054176158042,0,18.0,0.0,4.5,0.0,0.0,modern_trade,CO-ANDES,human_followup,sales_visit,1
322.59688123514775,2,14,0.8250973389300763,0.5957853337268759,0.3694349061580492,3,7.5,2.5,0.2,295.0,0.05,traditional_trade,MX-CENTRAL,promotion,targeted_discount,1
370.64675797119844,7,2,0.7034570231902151,0.6651896435664671,0.32314825169846356,2,15.5,1.5,0.25,385.0,0.0,modern_trade,CO-ANDES,bundle,premium_bundle,0
232.29154522840037,7,15,0.3500037664146328,0.4762657521651025,0.2089652423017296,2,7.5,2.5,0.2,295.0,0.05,traditional_trade,MX-NORTH,promotion,targeted_discount,1
318.8189099691176,5,8,0.9513781020269715,0.532538250169553,0.04715491636270652,0,15.5,1.5,0.25,385.0,0.0,traditional_trade,BR-SE,bundle,premium_bundle,0
358.36325803816476,2,29,0.9124077763054413,0.3299651759978947,0.5086890940443126,0,18.0,0.0,4.5,0.0,0.0,traditional_trade,MX-NORTH,human_followup,sales_visit,0
241.15418360921896,5,0,0.4777587051036172,0.8191297682491402,0.20525569575418648,3,7.5,2.5,0.2,295.0,0.05,traditional_trade,BR-SE,promotion,targeted_discount,0
555.2983158020479,8,24,0.761579798305292,0.4421968177885078,0.17037993580166463,2,9.0,0.0,0.25,310.0,0.0,traditional_trade,MX-CENTRAL,product_recommendation,promote_core_pack,0
243.46522717211758,4,26,0.6185325184122068,0.25754724434949183,0.39552541474145264,0,9.0,0.0,0.25,310.0,0.0,digital,BR-SE,product_recommendation,promote_core_pack,0
301.4312917912001,5,13,0.6691764935004436,0.48295457572057837,0.15503401416868218,0,18.0,0.0,4.5,0.0,0.0,modern_trade,MX-CENTRAL,human_followup,sales_visit,0
364.92921888503787,4,25,0.4018559523139261,0.91759288363674,0.49338767923429405,1,18.0,0.0,4.5,0.0,0.0,traditional_trade,MX-CENTRAL,human_followup,sales_visit,0
277.92682417091737,1,30,0.42464308588526456,0.3692343829886387,0.6656464977420711,0,15.5,1.5,0.25,385.0,0.0,digital,MX-CENTRAL,bundle,premium_bundle,1
404.0617529886247,5,13,0.6817288797455654,0.2786315285684173,0.5199041803463325,1,7.5,2.5,0.2,295.0,0.05,traditional_trade,CO-ANDES,promotion,targeted_discount,0
457.62173061660275,2,12,0.8882783089611898,0.11727947314932007,0.33471862551769216,1,15.5,1.5,0.25,385.0,0.0,traditional_trade,BR-SE,bundle,premium_bundle,0
334.25722912558,3,30,0.8280401836294622,0.3861288546418088,0.11774497835916214,2,9.0,0.0,0.25,310.0,0.0,digital,BR-SE,product_recommendation,promote_core_pack,1
289.35201915553006,4,2,0.9124234294282019,0.27105013572465386,0.2061835432402563,2,18.0,0.0,4.5,0.0,0.0,modern_trade,BR-SE,human_followup,sales_visit,1
461.62463960546904,3,14,0.4718640457278752,0.6211851451290118,0.4970628765338538,3,7.5,2.5,0.2,295.0,0.05,traditional_trade,MX-CENTRAL,promotion,targeted_discount,0
469.66920594704027,2,10,0.4121844070840591,0.2429965960532613,0.4543861918608108,2,9.0,0.0,0.25,310.0,0.0,traditional_trade,MX-CENTRAL,product_recommendation,promote_core_pack,0
368.93875961138514,0,16,0.41018240889169905,0.5566922866972208,0.37987651777416487,0,15.5,1.5,0.25,385.0,0.0,modern_trade,MX-NORTH,bundle,premium_bundle,0
345.7171377467664,3,11,0.9028157754368703,0.729702964739659,0.5475897646922617,3,18.0,0.0,4.5,0.0,0.0,digital,CO-ANDES,human_followup,sales_visit,1
234.71592960144835,4,17,0.8268227962076311,0.41460941560126546,0.10746946232179637,2,7.5,2.5,0.2,295.0,0.05,digital,MX-CENTRAL,promotion,targeted_discount,1
263.17415864959037,6,30,0.6674559658044665,0.20795064181202447,0.6246118690600695,2,9.0,0.0,0.25,310.0,0.0,traditional_trade,MX-CENTRAL,product_recommendation,promote_core_pack,0
402.3812221805608,5,22,0.7071644347362357,0.6005548253174583,0.23238014110138777,3,18.0,0.0,4.5,0.0,0.0,traditional_trade,CO-ANDES,human_followup,sales_visit,1
337.5311820334129,5,26,0.8171395855922402,0.5783319460867539,0.351834451237865,2,15.5,1.5,0.25,385.0,0.0,digital,MX-NORTH,bundle,premium_bundle,0
467.3086502138989,2,8,0.5992185723021961,0.5474210421847806,0.31177750936318865,0,9.0,0.0,0.25,310.0,0.0,modern_trade,MX-NORTH,product_recommendation,promote_core_pack,0
414.3850093472656,1,18,0.7219120155772261,0.4321261569875922,0.33699751609844025,3,7.5,2.5,0.2,295.0,0.05,modern_trade,CO-ANDES,promotion,targeted_discount,0
334.05370535410555,2,28,0.40340565369530923,0.24435660714518828,0.7709502238921954,0,9.0,0.0,0.25,310.0,0.0,traditional_trade,MX-NORTH,product_recommendation,promote_core_pack,0
344.4428505133939,2,10,0.6026496983347484,0.174451103140204,0.7653924822328603,2,15.5,1.5,0.25,385.0,0.0,digital,BR-SE,bundle,premium_bundle,0
284.8259339813749,4,16,0.46635881740058,0.32795502214398087,0.5344981515085931,0,15.5,1.5,0.25,385.0,0.0,digital,CO-ANDES,bundle,premium_bundle,0
231.75593398202173,5,23,0.8889324433431953,0.8883658030118339,0.141158721338477,0,7.5,2.5,0.2,295.0,0.05,modern_trade,MX-NORTH,promotion,targeted_discount,1
247.9871023983461,8,14,0.3643725268633715,0.9071729458880406,0.09268378422856632,1,15.5,1.5,0.25,385.0,0.0,digital,MX-CENTRAL,bundle,premium_bundle,0
319.2840294586046,2,29,0.9183643421638015,0.4488784788131058,0.6484978416236148,2,9.0,0.0,0.25,310.0,0.0,digital,MX-NORTH,product_recommendation,promote_core_pack,0
303.44199660118034,5,17,0.32979432077593146,0.6350001203854224,0.14018275271911287,0,15.5,1.5,0.25,385.0,0.0,traditional_trade,MX-NORTH,bundle,premium_bundle,1
332.41049521224096,6,8,0.6285155920211292,0.17259160133277587,0.22889356552375162,0,7.5,2.5,0.2,295.0,0.05,modern_trade,MX-NORTH,promotion,targeted_discount,1
395.6405378267549,2,10,0.24497238332454188,0.1588004779378189,0.545685151219437,2,18.0,0.0,4.5,0.0,0.0,modern_trade,MX-CENTRAL,human_followup,sales_visit,0
484.2975602117616,2,21,0.35421951248219835,0.3322696345085657,0.4530172860090737,2,9.0,0.0,0.25,310.0,0.0,digital,CO-ANDES,product_recommendation,promote_core_pack,1
397.97486934477297,2,23,0.6030883201167423,0.26564848273759367,0.414709221721132,0,18.0,0.0,4.5,0.0,0.0,traditional_trade,MX-CENTRAL,human_followup,sales_visit,0
180.8442010817155,5,20,0.6268415154381205,0.35862025112007095,0.6557764105896993,1,9.0,0.0,0.25,310.0,0.0,modern_trade,BR-SE,product_recommendation,promote_core_pack,0
400.5041410234013,8,16,0.8035520325401498,0.6224146171898512,0.3477125265869006,2,9.0,0.0,0.25,310.0,0.0,modern_trade,MX-NORTH,product_recommendation,promote_core_pack,1
354.6506750162914,2,3,0.6724712593661205,0.513279454999899,0.22817907402643403,3,18.0,0.0,4.5,0.0,0.0,modern_trade,BR-SE,human_followup,sales_visit,0
403.8108645952755,4,12,0.4798979298791486,0.1613366551370713,0.6658238835702072,2,18.0,0.0,4.5,0.0,0.0,modern_trade,BR-SE,human_followup,sales_visit,0
324.0951492157105,4,3,0.8140908033575788,0.4692908732930217,0.6511508590771735,0,15.5,1.5,0.25,385.0,0.0,traditional_trade,BR-SE,bundle,premium_bundle,0
288.5075605740274,7,11,0.9263067541792832,0.33287719771933594,0.5596760663280623,1,7.5,2.5,0.2,295.0,0.05,traditional_trade,MX-NORTH,promotion,targeted_discount,1
327.51775988671955,4,15,0.9926079697667507,0.5630065707022867,0.208984973984224,3,9.0,0.0,0.25,310.0,0.0,traditional_trade,BR-SE,product_recommendation,promote_core_pack,1
209.21538134802435,5,27,0.7428902532316474,0.35276913948592425,0.316619112978606,0,7.5,2.5,0.2,295.0,0.05,traditional_trade,BR-SE,promotion,targeted_discount,1
416.8438799821442,5,24,0.9117277772371435,0.31753519330058133,0.5270040810337575,1,18.0,0.0,4.5,0.0,0.0,traditional_trade,MX-NORTH,human_followup,sales_visit,1
222.19426151281147,4,4,0.8655401685400977,0.39708243412502586,0.027987554268605778,2,9.0,0.0,0.25,310.0,0.0,traditional_trade,CO-ANDES,product_recommendation,promote_core_pack,1
326.9798903057711,4,29,0.25612204185149773,0.38648693291130615,0.5524898205220098,1,15.5,1.5,0.25,385.0,0.0,traditional_trade,MX-CENTRAL,bundle,premium_bundle,0
302.109626567403,4,15,0.3951299767814724,0.3471619224932185,0.8103751233959626,2,18.0,0.0,4.5,0.0,0.0,traditional_trade,MX-CENTRAL,human_followup,sales_visit,0
259.75713156955203,6,25,0.7351588121909614,0.59465970141449,0.2916953675512732,2,15.5,1.5,0.25,385.0,0.0,traditional_trade,MX-NORTH,bundle,premium_bundle,0
181.18253810945757,3,26,0.32133425053451264,0.7473583180648722,0.23593448261694266,2,15.5,1.5,0.25,385.0,0.0,modern_trade,MX-NORTH,bundle,premium_bundle,0
272.636879636548,6,28,0.4740850801591389,0.35855400544049687,0.13462729207839239,3,9.0,0.0,0.25,310.0,0.0,traditional_trade,BR-SE,product_recommendation,promote_core_pack,1
429.5442890715972,7,18,0.6089397013102212,0.5442195184367733,0.29122855142909126,0,18.0,0.0,4.5,0.0,0.0,digital,MX-CENTRAL,human_followup,sales_visit,1
245.35451800249638,4,2,0.8142888021643652,0.4560765701584348,0.372776734481011,1,15.5,1.5,0.25,385.0,0.0,traditional_trade,MX-NORTH,bundle,premium_bundle,0
446.26812883871816,4,23,0.7761105369507529,0.5099649427058114,0.2713688720493366,1,7.5,2.5,0.2,295.0,0.05,digital,CO-ANDES,promotion,targeted_discount,1
254.65805678397516,6,27,0.8339953445814867,0.5168774529761174,0.4152310744478014,0,9.0,0.0,0.25,310.0,0.0,modern_trade,MX-NORTH,product_recommendation,promote_core_pack,0
260.2223186160062,5,14,0.8261416077559044,0.7581306975851946,0.4092527864566583,1,18.0,0.0,4.5,0.0,0.0,traditional_trade,MX-NORTH,human_followup,sales_visit,0
379.6172747475403,3,8,0.9264376876457784,0.14912452193846587,0.3009266806100534,1,7.5,2.5,0.2,295.0,0.05,modern_trade,MX-CENTRAL,promotion,targeted_discount,0
305.09675642243747,7,18,0.5696391892386693,0.5169907707464916,0.834004050571008,3,9.0,0.0,0.25,310.0,0.0,digital,BR-SE,product_recommendation,promote_core_pack,0
184.85339543111726,7,7,0.6151499990579232,0.5449984175320217,0.41619421153981473,0,18.0,0.0,4.5,0.0,0.0,digital,MX-NORTH,human_followup,sales_visit,1
434.34763884187737,4,27,0.6191860724727793,0.5240411666863771,0.3779074027988123,1,18.0,0.0,4.5,0.0,0.0,digital,BR-SE,human_followup,sales_visit,0
289.86007868045954,3,30,0.6111470678324253,0.4360154435397915,0.403031538477609,2,9.0,0.0,0.25,310.0,0.0,modern_trade,MX-CENTRAL,product_recommendation,promote_core_pack,0
208.25737281844494,7,17,0.3504631423770271,0.38002118485820546,0.25407188877891884,3,9.0,0.0,0.25,310.0,0.0,traditional_trade,CO-ANDES,product_recommendation,promote_core_pack,0
325.2178047305593,7,5,0.8135550744485979,0.5298101525908907,0.08289970290702826,1,9.0,0.0,0.25,310.0,0.0,modern_trade,MX-CENTRAL,product_recommendation,promote_core_pack,1
267.9155576212423,7,23,0.7153241612221705,0.24856158385267438,0.32483671084822624,2,18.0,0.0,4.5,0.0,0.0,traditional_trade,MX-NORTH,human_followup,sales_visit,0
244.02813557462542,4,11,0.7479212516831281,0.282594433090198,0.539162002788573,1,9.0,0.0,0.25,310.0,0.0,digital,CO-ANDES,product_recommendation,promote_core_pack,0
312.8816437999973,4,10,0.7192721798543921,0.6080756247632871,0.4788627722495822,2,7.5,2.5,0.2,295.0,0.05,digital,CO-ANDES,promotion,targeted_discount,1
376.8350740434328,3,16,0.4496954709580797,0.4532031815078683,0.4758025977621639,1,7.5,2.5,0.2,295.0,0.05,modern_trade,MX-NORTH,promotion,targeted_discount,1
270.5890739974523,8,24,0.6556352795884401,0.3061020405301608,0.1579452607671338,2,18.0,0.0,4.5,0.0,0.0,modern_trade,MX-CENTRAL,human_followup,sales_visit,1
351.705108175475,6,27,0.6723491260690702,0.6026062848289655,0.3877611597673206,0,9.0,0.0,0.25,310.0,0.0,digital,CO-ANDES,product_recommendation,promote_core_pack,1
332.8522315079853,5,20,0.5594136533167958,0.36177364311375093,0.6049857281507655,3,15.5,1.5,0.25,385.0,0.0,traditional_trade,BR-SE,bundle,premium_bundle,0
369.7678497977032,5,8,0.4384888127945293,0.32713479970801995,0.7181900914828716,2,9.0,0.0,0.25,310.0,0.0,traditional_trade,CO-ANDES,product_recommendation,promote_core_pack,0
310.6827858659641,6,3,0.7390111573652001,0.707978743555146,0.29475878336026223,2,15.5,1.5,0.25,385.0,0.0,traditional_trade,BR-SE,bundle,premium_bundle,0
297.1064462694141,3,18,0.48955084745352506,0.40238465879584434,0.16442944154729952,2,15.5,1.5,0.25,385.0,0.0,traditional_trade,CO-ANDES,bundle,premium_bundle,1
223.4271272486047,5,16,0.9319066503597148,0.7253497200380383,0.3175880533598824,0,15.5,1.5,0.25,385.0,0.0,traditional_trade,MX-CENTRAL,bundle,premium_bundle,0
365.4126599242968,8,14,0.5284786229435607,0.24457435486170467,0.6086009195945972,0,18.0,0.0,4.5,0.0,0.0,traditional_trade,BR-SE,human_followup,sales_visit,1
178.86294479473122,8,5,0.7120680099072934,0.634007390008111,0.252479532654632,0,9.0,0.0,0.25,310.0,0.0,modern_trade,MX-CENTRAL,product_recommendation,promote_core_pack,1
317.511827722123,9,13,0.7673586394127252,0.11155574982149953,0.7102701660795633,0,18.0,0.0,4.5,0.0,0.0,traditional_trade,MX-NORTH,human_followup,sales_visit,0
412.252692866751,2,19,0.5407589927453701,0.8371709804131453,0.43408417220431833,0,15.5,1.5,0.25,385.0,0.0,digital,MX-CENTRAL,bundle,premium_bundle,0
408.91967576637614,5,19,0.7250588043283779,0.14611299188260762,0.6907109150868667,3,7.5,2.5,0.2,295.0,0.05,modern_trade,CO-ANDES,promotion,targeted_discount,0
338.8217061635493,4,1,0.8951367891980903,0.8570664329126407,0.08360892837341322,3,18.0,0.0,4.5,0.0,0.0,modern_trade,MX-CENTRAL,human_followup,sales_visit,1
382.5206492894368,4,20,0.8807943048043458,0.6011047204945456,0.7485797453013128,2,15.5,1.5,0.25,385.0,0.0,traditional_trade,MX-CENTRAL,bundle,premium_bundle,1
260.0521278620604,9,6,0.3812487444216864,0.5797845290252266,0.6648987116374675,3,18.0,0.0,4.5,0.0,0.0,digital,CO-ANDES,human_followup,sales_visit,1
536.0879497065132,6,13,0.7717386758359255,0.789363843965813,0.1672057985391453,1,18.0,0.0,4.5,0.0,0.0,modern_trade,MX-NORTH,human_followup,sales_visit,0
185.89808697296297,0,29,0.43896055088301555,0.37400289178232476,0.4205696885280032,2,7.5,2.5,0.2,295.0,0.05,digital,MX-CENTRAL,promotion,targeted_discount,0
344.07566035794696,6,30,0.6112398663377578,0.25761497156672364,0.8710200263078772,3,15.5,1.5,0.25,385.0,0.0,traditional_trade,MX-NORTH,bundle,premium_bundle,0
349.74288211071877,4,5,0.5529137944890605,0.8064305351730751,0.19338479754147142,2,7.5,2.5,0.2,295.0,0.05,traditional_trade,BR-SE,promotion,targeted_discount,1
81.77646933319008,3,27,0.8050235997613743,0.31039742745281723,0.42276818933125515,3,7.5,2.5,0.2,295.0,0.05,digital,BR-SE,promotion,targeted_discount,0
310.0573259246961,1,5,0.7873031488005472,0.5735309465689096,0.03448724391105445,0,7.5,2.5,0.2,295.0,0.05,modern_trade,BR-SE,promotion,targeted_discount,1
245.8489408805762,2,0,0.6503618802701059,0.19041561399537033,0.6840364380726922,0,18.0,0.0,4.5,0.0,0.0,modern_trade,CO-ANDES,human_followup,sales_visit,1
344.1368015550295,7,20,0.4508148913746455,0.4182650413598387,0.502793491479404,1,7.5,2.5,0.2,295.0,0.05,digital,BR-SE,promotion,targeted_discount,1
325.72309717846525,4,16,0.8358698364410336,0.3335114671637613,0.24895917199411924,0,9.0,0.0,0.25,310.0,0.0,digital,BR-SE,product_recommendation,promote_core_pack,1
312.17246593959055,14,11,0.5360339228205862,0.6609663096705926,0.35826567296337947,0,9.0,0.0,0.25,310.0,0.0,traditional_trade,MX-CENTRAL,product_recommendation,promote_core_pack,1
343.02479928517596,2,27,0.8727191568288036,0.3061826272082534,0.5393233560156122,1,9.0,0.0,0.25,310.0,0.0,traditional_trade,BR-SE,product_recommendation,promote_core_pack,1
414.0441259023148,3,12,0.6866813614133419,0.615551434811832,0.9179544161571143,0,15.5,1.5,0.25,385.0,0.0,traditional_trade,BR-SE,bundle,premium_bundle,0
319.04473120777567,4,14,0.5709565528619581,0.41660686151473864,0.3287563032606585,1,18.0,0.0,4.5,0.0,0.0,digital,MX-NORTH,human_followup,sales_visit,0
382.5934753127398,5,13,0.5608195948387005,0.18868934587922773,0.6202391666019818,0,9.0,0.0,0.25,310.0,0.0,modern_trade,MX-CENTRAL,product_recommendation,promote_core_pack,1
379.36769434715796,7,17,0.9029477944561661,0.44210734761779963,0.49625898620166253,1,15.5,1.5,0.25,385.0,0.0,digital,MX-NORTH,bundle,premium_bundle,0
379.1050707741822,3,13,0.4564906070736132,0.38930936224287793,0.10093432085897636,2,7.5,2.5,0.2,295.0,0.05,modern_trade,MX-CENTRAL,promotion,targeted_discount,0
367.3478481316039,3,10,0.7943871805040423,0.42685981013914864,0.7524446622010784,2,15.5,1.5,0.25,385.0,0.0,modern_trade,MX-CENTRAL,bundle,premium_bundle,1
304.6993743731158,4,18,0.8394585397160976,0.4367276529452952,0.6827345076812276,2,7.5,2.5,0.2,295.0,0.05,digital,MX-CENTRAL,promotion,targeted_discount,1
247.4227532028284,6,13,0.9197453279212274,0.7534446581784261,0.20721837329016507,1,9.0,0.0,0.25,310.0,0.0,digital,MX-NORTH,product_recommendation,promote_core_pack,1
226.37148686603928,10,25,0.7117581714063774,0.48753195778716324,0.649283663950335,2,15.5,1.5,0.25,385.0,0.0,digital,BR-SE,bundle,premium_bundle,1
198.3302431236741,5,19,0.29058909768629565,0.4188869064775541,0.34998415580833026,1,18.0,0.0,4.5,0.0,0.0,modern_trade,MX-NORTH,human_followup,sales_visit,0
253.34118254454344,4,24,0.6508227452259591,0.2767764652303078,0.3754892278595423,2,7.5,2.5,0.2,295.0,0.05,traditional_trade,MX-CENTRAL,promotion,targeted_discount,1
412.6456763120702,4,17,0.9432023357896545,0.6890375884720258,0.4214918599090706,2,7.5,2.5,0.2,295.0,0.05,traditional_trade,BR-SE,promotion,targeted_discount,1
304.4008325750896,5,12,0.5676582288433614,0.5040177421603746,0.23080720603841792,2,15.5,1.5,0.25,385.0,0.0,modern_trade,MX-NORTH,bundle,premium_bundle,1
359.8115285949558,4,1,0.6335166985552245,0.6102210591777586,0.48996502967239935,0,15.5,1.5,0.25,385.0,0.0,modern_trade,BR-SE,bundle,premium_bundle,0
407.691873751725,4,13,0.9133552918867617,0.5518994168457765,0.4790484685677913,2,15.5,1.5,0.25,385.0,0.0,digital,MX-NORTH,bundle,premium_bundle,0
444.60817584541996,8,5,0.6578826671381529,0.22704322762516907,0.2343472938655651,1,9.0,0.0,0.25,310.0,0.0,modern_trade,MX-NORTH,product_recommendation,promote_core_pack,0
253.36921395666874,3,27,0.5870161396282425,0.5095213941132322,0.2530097598455091,2,15.5,1.5,0.25,385.0,0.0,modern_trade,MX-CENTRAL,bundle,premium_bundle,0
285.90958561430847,4,25,0.7058745948196978,0.30534276658398063,0.270614102854604,0,18.0,0.0,4.5,0.0,0.0,modern_trade,BR-SE,human_followup,sales_visit,1
333.31654518512227,3,28,0.38634368828377974,0.5099754569317064,0.5223173719291715,0,18.0,0.0,4.5,0.0,0.0,traditional_trade,MX-NORTH,human_followup,sales_visit,0
458.7112625687166,5,29,0.18730255004475138,0.5742581242225,0.21068180929680888,1,7.5,2.5,0.2,295.0,0.05,digital,BR-SE,promotion,targeted_discount,0
509.67828553149786,4,30,0.5759258330487698,0.8628267450007717,0.6328645446762359,2,7.5,2.5,0.2,295.0,0.05,modern_trade,BR-SE,promotion,targeted_discount,1
299.25744267132654,10,26,0.6440009428823344,0.0887066913851282,0.44943746750313,2,15.5,1.5,0.25,385.0,0.0,digital,BR-SE,bundle,premium_bundle,1
327.9446480270313,4,3,0.23421415107628876,0.17774225202811192,0.25158836884300656,0,7.5,2.5,0.2,295.0,0.05,digital,MX-NORTH,promotion,targeted_discount,0
389.924942453222,5,19,0.36163541768716545,0.26629303290761225,0.26720436630178274,0,15.5,1.5,0.25,385.0,0.0,traditional_trade,CO-ANDES,bundle,premium_bundle,0
258.49622272723366,3,23,0.3936131685321111,0.6286544239308842,0.5236952652032016,2,7.5,2.5,0.2,295.0,0.05,modern_trade,MX-CENTRAL,promotion,targeted_discount,0
271.5103492747468,1,26,0.7879699644848036,0.08849756944992762,0.720279388586377,3,9.0,0.0,0.25,310.0,0.0,digital,MX-CENTRAL,product_recommendation,promote_core_pack,1
297.6834296938695,4,8,0.40153894232419146,0.6891942872283915,0.14572476641354223,2,7.5,2.5,0.2,295.0,0.05,traditional_trade,MX-NORTH,promotion,targeted_discount,1
317.10361343018684,4,1,0.8641048132798876,0.4350834279954109,0.8513694742143773,0,9.0,0.0,0.25,310.0,0.0,traditional_trade,MX-CENTRAL,product_recommendation,promote_core_pack,1
340.611909860882,4,17,0.632080597693353,0.3353044700527235,0.43134389228991793,1,15.5,1.5,0.25,385.0,0.0,digital,CO-ANDES,bundle,premium_bundle,1
263.474590043069,1,15,0.6965196738627253,0.79286890384011,0.5627025157729377,3,18.0,0.0,4.5,0.0,0.0,traditional_trade,MX-CENTRAL,human_followup,sales_visit,0
466.4800292933222,8,17,0.7379493193324405,0.8071173862101163,0.5305194262722203,1,9.0,0.0,0.25,310.0,0.0,digital,MX-NORTH,product_recommendation,promote_core_pack,0
361.43440102319073,6,12,0.5843516860150864,0.6995577228779857,0.2610440217607572,2,7.5,2.5,0.2,295.0,0.05,digital,MX-NORTH,promotion,targeted_discount,0
408.1717535355035,3,22,0.15501583129227067,0.8751908738536799,0.4363958977402897,1,7.5,2.5,0.2,295.0,0.05,modern_trade,MX-CENTRAL,promotion,targeted_discount,1
338.4950659991182,5,16,0.7489603327192942,0.45928850134067517,0.19440212096619375,3,9.0,0.0,0.25,310.0,0.0,digital,CO-ANDES,product_recommendation,promote_core_pack,1
387.75315682436036,1,8,0.924053087858604,0.30597811407679404,0.7902465412791991,3,15.5,1.5,0.25,385.0,0.0,traditional_trade,BR-SE,bundle,premium_bundle,1
378.9196018548093,1,23,0.8186936431590282,0.12537716502163063,0.27818659356615344,2,18.0,0.0,4.5,0.0,0.0,digital,CO-ANDES,human_followup,sales_visit,0
235.5767285364538,4,10,0.38843559604299327,0.3442737563428274,0.05030438008016598,2,9.0,0.0,0.25,310.0,0.0,modern_trade,BR-SE,product_recommendation,promote_core_pack,1
472.1379693692908,6,8,0.861887228657519,0.4713451164788083,0.398546335911825,3,9.0,0.0,0.25,310.0,0.0,traditional_trade,MX-NORTH,product_recommendation,promote_core_pack,1
286.3603847775847,4,8,0.486980767236871,0.4376322759807973,0.3501878044565192,1,7.5,2.5,0.2,295.0,0.05,traditional_trade,MX-CENTRAL,promotion,targeted_discount,1
277.6699325226187,9,19,0.6859172843373156,0.305335549371239,0.5226984928465309,0,9.0,0.0,0.25,310.0,0.0,digital,MX-CENTRAL,product_recommendation,promote_core_pack,1
93.68838225459794,1,4,0.5560782455744822,0.5519964331587576,0.33402324437794556,0,7.5,2.5,0.2,295.0,0.05,digital,MX-NORTH,promotion,targeted_discount,1
494.81984617036994,3,28,0.7209792893604451,0.16811359832867753,0.2698627437074671,0,9.0,0.0,0.25,310.0,0.0,traditional_trade,MX-NORTH,product_recommendation,promote_core_pack,0
265.28027976394986,8,5,0.9858405635840394,0.348349718569498,0.3933772212285284,1,9.0,0.0,0.25,310.0,0.0,digital,BR-SE,product_recommendation,promote_core_pack,1
298.1657858386376,5,12,0.3481170781003605,0.535493408551434,0.04300245808803785,3,18.0,0.0,4.5,0.0,0.0,traditional_trade,MX-CENTRAL,human_followup,sales_visit,0
271.10728707298694,4,28,0.9382361369424193,0.7884385235523852,0.475201885585137,1,7.5,2.5,0.2,295.0,0.05,digital,MX-NORTH,promotion,targeted_discount,1
223.89690271197105,7,21,0.4748501530900354,0.6262242269382412,0.18461494081908483,2,18.0,0.0,4.5,0.0,0.0,digital,MX-NORTH,human_followup,sales_visit,0
360.52603992255047,12,11,0.5382984728981429,0.27670751875287797,0.15174267308162048,0,7.5,2.5,0.2,295.0,0.05,modern_trade,BR-SE,promotion,targeted_discount,1
332.91693272999714,6,27,0.6275572105191948,0.39980965233862026,0.5775011193397761,2,15.5,1.5,0.25,385.0,0.0,digital,MX-CENTRAL,bundle,premium_bundle,0
457.30979488471326,3,15,0.4847413950518985,0.6822473974140943,0.13705686712343837,2,9.0,0.0,0.25,310.0,0.0,digital,MX-NORTH,product_recommendation,promote_core_pack,1
340.2336174733318,3,28,0.8048997702312544,0.45619604875909,0.12325253630085073,3,18.0,0.0,4.5,0.0,0.0,digital,MX-NORTH,human_followup,sales_visit,1
351.17690142529955,5,2,0.6392661024246922,0.37522213610876526,0.2960278287351061,3,18.0,0.0,4.5,0.0,0.0,modern_trade,MX-NORTH,human_followup,sales_visit,0
316.1696073643004,2,19,0.47756994355391275,0.6143747085701201,0.65240280977452,0,9.0,0.0,0.25,310.0,0.0,digital,BR-SE,product_recommendation,promote_core_pack,1
244.00182102429346,7,29,0.6766608965102918,0.42894249817512864,0.39459741633935974,2,9.0,0.0,0.25,310.0,0.0,digital,BR-SE,product_recommendation,promote_core_pack,1
200.67363059935496,6,8,0.6981794733221472,0.5531915889358874,0.4514560359539764,0,7.5,2.5,0.2,295.0,0.05,digital,MX-CENTRAL,promotion,targeted_discount,1
317.58415235705144,4,6,0.5645424343915143,0.4976607911357765,0.44420298012072607,2,15.5,1.5,0.25,385.0,0.0,modern_trade,CO-ANDES,bundle,premium_bundle,1
417.1564616277252,2,25,0.319170120668635,0.47486926854479883,0.24120383614566682,3,18.0,0.0,4.5,0.0,0.0,modern_trade,CO-ANDES,human_followup,sales_visit,0
307.14305369833994,6,6,0.8155030469342532,0.5997971747392411,0.23017226455939863,3,15.5,1.5,0.25,385.0,0.0,digital,BR-SE,bundle,premium_bundle,1
378.35827811683134,4,12,0.5433928105216193,0.31645030544493846,0.6974197201070944,1,9.0,0.0,0.25,310.0,0.0,digital,CO-ANDES,product_recommendation,promote_core_pack,0
156.69321022305786,4,24,0.8723941068841969,0.21325119008839777,0.4375974836445911,1,7.5,2.5,0.2,295.0,0.05,digital,CO-ANDES,promotion,targeted_discount,0
424.11189661952784,6,7,0.7984332028445988,0.5984004193334431,0.42369153514847363,3,18.0,0.0,4.5,0.0,0.0,digital,MX-CENTRAL,human_followup,sales_visit,1
399.62670849287554,8,16,0.6824949934504401,0.8516820222513182,0.3234476059256199,3,18.0,0.0,4.5,0.0,0.0,digital,BR-SE,human_followup,sales_visit,0
298.61836177329786,12,30,0.6805860993374864,0.35802579808394736,0.20396766203716638,2,7.5,2.5,0.2,295.0,0.05,traditional_trade,MX-NORTH,promotion,targeted_discount,1
266.5504655448765,7,24,0.7255026336713603,0.32703354773511106,0.5512028630457856,2,18.0,0.0,4.5,0.0,0.0,digital,MX-CENTRAL,human_followup,sales_visit,1
305.66457992858267,4,4,0.308399132084033,0.6535674340548017,0.3302419296529303,1,18.0,0.0,4.5,0.0,0.0,traditional_trade,CO-ANDES,human_followup,sales_visit,1
483.8867455830381,3,15,0.7893145999458835,0.46540281279696194,0.47251030844155983,1,7.5,2.5,0.2,295.0,0.05,traditional_trade,MX-NORTH,promotion,targeted_discount,1
206.11509621272668,5,24,0.46839043098641764,0.20332475408905973,0.45371976298979416,0,15.5,1.5,0.25,385.0,0.0,traditional_trade,MX-NORTH,bundle,premium_bundle,1
414.3386679139488,2,22,0.24414639542427047,0.36829467290689155,0.7553678613080455,3,9.0,0.0,0.25,310.0,0.0,traditional_trade,MX-NORTH,product_recommendation,promote_core_pack,0
326.17731604676425,7,18,0.5846784706668079,0.48892075758016024,0.167359101265936,1,9.0,0.0,0.25,310.0,0.0,digital,MX-NORTH,product_recommendation,promote_core_pack,1
302.33760182734534,6,22,0.5497928038259638,0.5007146771704588,0.7839645994314356,1,9.0,0.0,0.25,310.0,0.0,digital,MX-CENTRAL,product_recommendation,promote_core_pack,1
470.3995001717226,5,7,0.8482066719599822,0.5196122376518438,0.7061582231707212,2,7.5,2.5,0.2,295.0,0.05,traditional_trade,MX-CENTRAL,promotion,targeted_discount,0
209.7254546692481,4,0,0.5403583959368761,0.6168120228073894,0.20394793297306832,2,9.0,0.0,0.25,310.0,0.0,traditional_trade,CO-ANDES,product_recommendation,promote_core_pack,1
195.70572356719387,4,11,0.5097606562369569,0.5815526152107835,0.3580930005912312,1,15.5,1.5,0.25,385.0,0.0,traditional_trade,BR-SE,bundle,premium_bundle,0
186.7963642022367,3,4,0.2951295445346775,0.3604176815817795,0.44172366600502116,3,15.5,1.5,0.25,385.0,0.0,digital,MX-CENTRAL,bundle,premium_bundle,0
378.89463164698964,4,10,0.7396909083557397,0.4290860398835851,0.19997297332112232,1,18.0,0.0,4.5,0.0,0.0,modern_trade,MX-CENTRAL,human_followup,sales_visit,0
287.8730200581682,8,30,0.6319157460120336,0.4552998024685052,0.4036946260481112,2,15.5,1.5,0.25,385.0,0.0,modern_trade,MX-NORTH,bundle,premium_bundle,0
343.85817685804386,5,6,0.7123124152193804,0.34239831687978084,0.31669786886618945,3,7.5,2.5,0.2,295.0,0.05,traditional_trade,CO-ANDES,promotion,targeted_discount,0
218.0015836458412,4,2,0.6053791468226741,0.2339658136850384,0.1834836253258805,1,15.5,1.5,0.25,385.0,0.0,digital,BR-SE,bundle,premium_bundle,0
233.80398819420415,3,29,0.5997771134483427,0.39980917453381726,0.33359627980917445,3,15.5,1.5,0.25,385.0,0.0,digital,BR-SE,bundle,premium_bundle,0
497.4463502457844,2,0,0.6537862173047531,0.3023062434948871,0.22616084916299686,3,15.5,1.5,0.25,385.0,0.0,digital,MX-NORTH,bundle,premium_bundle,1
355.7862472861101,5,10,0.5148068048179301,0.37280463252664015,0.3004541768293044,3,18.0,0.0,4.5,0.0,0.0,digital,MX-CENTRAL,human_followup,sales_visit,0
328.94061090319803,6,15,0.4822648642437532,0.5200421992812111,0.2395331083156796,1,9.0,0.0,0.25,310.0,0.0,traditional_trade,MX-NORTH,product_recommendation,promote_core_pack,0
292.7403315727046,7,25,0.6832030789331297,0.17050762329971786,0.3139602001586327,3,15.5,1.5,0.25,385.0,0.0,modern_trade,BR-SE,bundle,premium_bundle,0
272.73876799129914,5,30,0.870296499627171,0.309571758533768,0.42792434290896975,3,7.5,2.5,0.2,295.0,0.05,traditional_trade,MX-CENTRAL,promotion,targeted_discount,0
485.79519508414205,6,8,0.546176987051879,0.41831140396660466,0.10951325175512026,0,7.5,2.5,0.2,295.0,0.05,digital,MX-NORTH,promotion,targeted_discount,1
279.786872696262,4,19,0.4164865391710714,0.45668384689921626,0.6406755304745413,1,9.0,0.0,0.25,310.0,0.0,digital,MX-CENTRAL,product_recommendation,promote_core_pack,0
83.09348144883262,5,26,0.8951285833136204,0.38642824815718047,0.31001269515192786,0,15.5,1.5,0.25,385.0,0.0,traditional_trade,MX-NORTH,bundle,premium_bundle,1
330.566826561183,4,21,0.6404061743584968,0.4773736053863689,0.7211438512558257,0,9.0,0.0,0.25,310.0,0.0,digital,MX-CENTRAL,product_recommendation,promote_core_pack,1
321.88373373928266,7,24,0.8415010324608303,0.5106933429821688,0.2758148578032028,3,18.0,0.0,4.5,0.0,0.0,digital,CO-ANDES,human_followup,sales_visit,1
394.5455776918342,1,30,0.63067389919857,0.26400234890444624,0.41075508185151044,3,9.0,0.0,0.25,310.0,0.0,digital,CO-ANDES,product_recommendation,promote_core_pack,1
400.029470274535,5,29,0.5609903968641,0.38805793328766863,0.4357054796186623,0,7.5,2.5,0.2,295.0,0.05,modern_trade,MX-CENTRAL,promotion,targeted_discount,0
378.02387888365365,2,20,0.9070804595396904,0.4860431762691234,0.6261582829086575,3,9.0,0.0,0.25,310.0,0.0,digital,MX-CENTRAL,product_recommendation,promote_core_pack,1
486.5250512340125,6,19,0.8486258493907011,0.18189167296858322,0.5052909451255301,0,9.0,0.0,0.25,310.0,0.0,traditional_trade,MX-CENTRAL,product_recommendation,promote_core_pack,1
292.6566792848819,5,9,0.47997921587502,0.3778093266508234,0.11968909325263426,2,15.5,1.5,0.25,385.0,0.0,modern_trade,MX-NORTH,bundle,premium_bundle,0
299.5705219594219,5,5,0.5118789623971473,0.21318108561610474,0.2157397453132515,0,18.0,0.0,4.5,0.0,0.0,modern_trade,CO-ANDES,human_followup,sales_visit,0
421.50053237627594,3,12,0.4644642341639596,0.4196693541373789,0.28530606528742736,1,9.0,0.0,0.25,310.0,0.0,modern_trade,MX-NORTH,product_recommendation,promote_core_pack,0
309.7410867303882,4,14,0.840561160528219,0.573630769787256,0.4038895089610637,1,18.0,0.0,4.5,0.0,0.0,digital,MX-NORTH,human_followup,sales_visit,0
321.40821369736057,2,15,0.5855134655340223,0.7143277696051751,0.28913695074372897,1,9.0,0.0,0.25,310.0,0.0,modern_trade,BR-SE,product_recommendation,promote_core_pack,1
347.05977539228843,7,4,0.788092577098583,0.19799326308763932,0.30978692753390363,0,15.5,1.5,0.25,385.0,0.0,modern_trade,MX-NORTH,bundle,premium_bundle,1
349.42379663307366,4,8,0.7637458976091674,0.52146217879952,0.4077407530664798,3,15.5,1.5,0.25,385.0,0.0,modern_trade,MX-NORTH,bundle,premium_bundle,0
316.5908689086278,7,13,0.8413561726039268,0.29766378351492195,0.34233453080813414,1,18.0,0.0,4.5,0.0,0.0,modern_trade,CO-ANDES,human_followup,sales_visit,1
308.43954992903036,5,15,0.8517720754743411,0.4391501891863402,0.47092574490894684,2,18.0,0.0,4.5,0.0,0.0,traditional_trade,MX-CENTRAL,human_followup,sales_visit,1
345.9080312606313,8,17,0.4060640807365812,0.6164753976104029,0.0849935214957015,1,18.0,0.0,4.5,0.0,0.0,digital,MX-NORTH,human_followup,sales_visit,0
507.6342989907407,6,20,0.4183393827423495,0.3482782593100516,0.2877018684486366,3,15.5,1.5,0.25,385.0,0.0,modern_trade,CO-ANDES,bundle,premium_bundle,0
311.64338850870786,4,20,0.21590454255950958,0.5580828017365622,0.4426035433739775,0,9.0,0.0,0.25,310.0,0.0,traditional_trade,BR-SE,product_recommendation,promote_core_pack,0
260.5822067031353,6,19,0.6009226184722694,0.4464194731648599,0.5736769481067746,0,7.5,2.5,0.2,295.0,0.05,digital,MX-CENTRAL,promotion,targeted_discount,0
425.68190862775293,5,23,0.26223754653096887,0.7936064240536305,0.7111673402023665,3,18.0,0.0,4.5,0.0,0.0,digital,CO-ANDES,human_followup,sales_visit,0
334.6366326328269,4,6,0.21457095861343786,0.5071737792897424,0.7482074165514082,1,9.0,0.0,0.25,310.0,0.0,digital,MX-NORTH,product_recommendation,promote_core_pack,1
142.47513518295014,8,18,0.4650386673417965,0.3458220171731804,0.18162867378816414,0,15.5,1.5,0.25,385.0,0.0,digital,BR-SE,bundle,premium_bundle,1
359.44429479253057,8,11,0.6290124697294996,0.506815758790828,0.3600531347358679,1,9.0,0.0,0.25,310.0,0.0,modern_trade,BR-SE,product_recommendation,promote_core_pack,0
336.61699862307205,4,19,0.906846588770904,0.34701556871660905,0.551981379353848,0,15.5,1.5,0.25,385.0,0.0,modern_trade,MX-CENTRAL,bundle,premium_bundle,1
295.421446317951,5,19,0.5913607357728123,0.39522775141390293,0.33253548529237786,2,15.5,1.5,0.25,385.0,0.0,modern_trade,CO-ANDES,bundle,premium_bundle,0
349.94661653077276,6,5,0.8961864677356985,0.646994683752191,0.29424020183266664,1,15.5,1.5,0.25,385.0,0.0,digital,BR-SE,bundle,premium_bundle,1
214.25046598845222,5,15,0.8336987624541152,0.1212043741475976,0.2137420029831675,2,18.0,0.0,4.5,0.0,0.0,modern_trade,MX-CENTRAL,human_followup,sales_visit,0
440.7882011228922,2,20,0.7521279093331188,0.28685241100903114,0.39515280178393897,2,7.5,2.5,0.2,295.0,0.05,digital,MX-CENTRAL,promotion,targeted_discount,1
293.06350323725167,4,7,0.6043708262348769,0.2934864102676865,0.20032650023055823,2,9.0,0.0,0.25,310.0,0.0,traditional_trade,MX-CENTRAL,product_recommendation,promote_core_pack,1
279.7522814605846,3,19,0.6518732452918425,0.35482793870423707,0.17033980390370254,0,15.5,1.5,0.25,385.0,0.0,modern_trade,MX-NORTH,bundle,premium_bundle,0
338.12378310017215,3,29,0.7889843107852255,0.3319078565282795,0.29337326087066606,1,7.5,2.5,0.2,295.0,0.05,traditional_trade,MX-CENTRAL,promotion,targeted_discount,1
420.92964184680363,4,27,0.8516122243463794,0.8563136262268776,0.3350091602273583,3,9.0,0.0,0.25,310.0,0.0,traditional_trade,MX-CENTRAL,product_recommendation,promote_core_pack,1
394.7447468336147,4,19,0.8079526540345765,0.18006883682876237,0.5161183791860487,1,9.0,0.0,0.25,310.0,0.0,modern_trade,CO-ANDES,product_recommendation,promote_core_pack,1
233.3072859854396,5,26,0.8501492770548469,0.4213602312412021,0.6446944300490655,2,18.0,0.0,4.5,0.0,0.0,digital,CO-ANDES,human_followup,sales_visit,1
255.24159801360264,6,12,0.5566099275227869,0.3738723999523655,0.13272151734963247,1,15.5,1.5,0.25,385.0,0.0,digital,CO-ANDES,bundle,premium_bundle,1
423.9329094616956,4,22,0.7475133467916923,0.5248048358863852,0.5168579812896251,1,18.0,0.0,4.5,0.0,0.0,traditional_trade,CO-ANDES,human_followup,sales_visit,0
437.937701545479,4,9,0.9027055655787285,0.048196088911320274,0.6154331283859356,2,7.5,2.5,0.2,295.0,0.05,traditional_trade,CO-ANDES,promotion,targeted_discount,0
429.2207823095131,5,17,0.5203597818847502,0.5628706508612044,0.2656208486567942,3,15.5,1.5,0.25,385.0,0.0,modern_trade,MX-NORTH,bundle,premium_bundle,0
388.4630531035873,11,18,0.5710648084736389,0.3299150353583683,0.4135362705557086,3,15.5,1.5,0.25,385.0,0.0,digital,MX-NORTH,bundle,premium_bundle,0
260.4333811442974,5,13,0.36203130946424444,0.37771075056834114,0.2965821530174607,2,7.5,2.5,0.2,295.0,0.05,modern_trade,MX-CENTRAL,promotion,targeted_discount,1
354.88781756059785,4,7,0.5194967894611936,0.6572876927183106,0.04342193370735199,2,18.0,0.0,4.5,0.0,0.0,traditional_trade,MX-CENTRAL,human_followup,sales_visit,0
446.83484649731463,3,12,0.7328944433118733,0.5229200696399053,0.38344316617038227,0,7.5,2.5,0.2,295.0,0.05,traditional_trade,MX-CENTRAL,promotion,targeted_discount,0
260.7460762650501,4,2,0.6304545918661415,0.27363282817014695,0.5524752572963451,0,9.0,0.0,0.25,310.0,0.0,digital,BR-SE,product_recommendation,promote_core_pack,0
296.1231607072473,7,6,0.299658734696675,0.5024744085885735,0.1964269916429433,0,18.0,0.0,4.5,0.0,0.0,modern_trade,MX-NORTH,human_followup,sales_visit,1
237.5988063998949,4,9,0.837044263890091,0.4235212619559117,0.3464312437119343,2,7.5,2.5,0.2,295.0,0.05,modern_trade,MX-NORTH,promotion,targeted_discount,1
307.52172853046415,7,28,0.7260566209800828,0.7246087300170029,0.05979308173243035,1,7.5,2.5,0.2,295.0,0.05,digital,CO-ANDES,promotion,targeted_discount,1
492.14323197642557,6,29,0.5642351636917293,0.10288105148875282,0.5828733567879583,3,9.0,0.0,0.25,310.0,0.0,modern_trade,MX-NORTH,product_recommendation,promote_core_pack,1
274.09665193954476,4,26,0.3811396306023284,0.8524072345187094,0.1481672025879743,0,7.5,2.5,0.2,295.0,0.05,modern_trade,MX-CENTRAL,promotion,targeted_discount,1
545.2300582827426,6,16,0.8056930664993316,0.41976085280202297,0.6943349054228247,2,9.0,0.0,0.25,310.0,0.0,modern_trade,MX-NORTH,product_recommendation,promote_core_pack,1
148.898265184669,8,1,0.37456137159957864,0.5199251478121028,0.4833401050372439,0,9.0,0.0,0.25,310.0,0.0,digital,MX-NORTH,product_recommendation,promote_core_pack,0
291.2421817217479,5,10,0.4750590328326325,0.3371616359605499,0.46635205375357647,0,18.0,0.0,4.5,0.0,0.0,traditional_trade,CO-ANDES,human_followup,sales_visit,0
317.85078338538403,5,14,0.7616817303430308,0.20709706423371815,0.6475873992423766,3,7.5,2.5,0.2,295.0,0.05,modern_trade,MX-NORTH,promotion,targeted_discount,1
401.0699381412503,3,27,0.5148047252526526,0.2579007379988939,0.2715250684562489,2,9.0,0.0,0.25,310.0,0.0,digital,MX-NORTH,product_recommendation,promote_core_pack,1
231.7163338170413,6,13,0.43076210443861795,0.5715417459245328,0.14422113032947115,0,7.5,2.5,0.2,295.0,0.05,modern_trade,MX-NORTH,promotion,targeted_discount,1
360.8884417013062,4,11,0.7700091844361769,0.5400310452124425,0.23213091166662972,3,18.0,0.0,4.5,0.0,0.0,traditional_trade,BR-SE,human_followup,sales_visit,0
192.04648857230464,6,20,0.828633259041004,0.6122027273928191,0.2705922208639248,2,18.0,0.0,4.5,0.0,0.0,modern_trade,MX-CENTRAL,human_followup,sales_visit,1
194.37389357907054,5,15,0.7606270663896183,0.4078934327815414,0.4287215855549809,2,7.5,2.5,0.2,295.0,0.05,digital,BR-SE,promotion,targeted_discount,1
466.3738363158741,8,14,0.8355313726244328,0.1621305075797507,0.28496864347411033,0,18.0,0.0,4.5,0.0,0.0,digital,BR-SE,human_followup,sales_visit,1
478.14809719891764,3,2,0.8080867804305648,0.2572236266516408,0.43788419435110276,2,15.5,1.5,0.25,385.0,0.0,modern_trade,MX-CENTRAL,bundle,premium_bundle,0
247.02451675570433,9,5,0.37452849614391415,0.17166811818050767,0.4428401102434915,1,9.0,0.0,0.25,310.0,0.0,traditional_trade,MX-NORTH,product_recommendation,promote_core_pack,1
327.8377405172501,3,4,0.4526077586011743,0.8337611990651469,0.48499260100074365,1,15.5,1.5,0.25,385.0,0.0,digital,CO-ANDES,bundle,premium_bundle,0
152.90778064212486,7,29,0.752668212296488,0.645111180734844,0.5069051955546753,2,7.5,2.5,0.2,295.0,0.05,traditional_trade,MX-CENTRAL,promotion,targeted_discount,0
324.0565308981463,3,20,0.5063257482897869,0.33595518377859995,0.497555908688096,0,9.0,0.0,0.25,310.0,0.0,digital,MX-NORTH,product_recommendation,promote_core_pack,0
351.39462067887473,3,21,0.43191636770187186,0.39560388041290917,0.42752867308329534,3,9.0,0.0,0.25,310.0,0.0,traditional_trade,MX-NORTH,product_recommendation,promote_core_pack,0
273.1988766132888,7,30,0.6704329599801886,0.6279392893896723,0.4442227654765628,0,9.0,0.0,0.25,310.0,0.0,traditional_trade,MX-CENTRAL,product_recommendation,promote_core_pack,1
438.33276828919514,3,11,0.8265929226775764,0.7931218700824788,0.3374606164531698,3,7.5,2.5,0.2,295.0,0.05,modern_trade,BR-SE,promotion,targeted_discount,1
424.2153501279057,5,22,0.7927405472697525,0.3163154509585351,0.24181819432528834,2,18.0,0.0,4.5,0.0,0.0,digital,BR-SE,human_followup,sales_visit,0
414.1879376320654,9,6,0.78702023270273,0.20070760779278546,0.46356875386692165,2,7.5,2.5,0.2,295.0,0.05,traditional_trade,MX-CENTRAL,promotion,targeted_discount,1
383.7232523000778,5,17,0.7118409615695976,0.545833686575712,0.12131264733192611,0,15.5,1.5,0.25,385.0,0.0,traditional_trade,CO-ANDES,bundle,premium_bundle,1
347.8321774122654,6,5,0.7025377802539401,0.47953293574957395,0.7542338701143737,1,15.5,1.5,0.25,385.0,0.0,digital,MX-CENTRAL,bundle,premium_bundle,0
291.36031530409036,4,3,0.608961264001943,0.8773854719562683,0.5660005084879787,3,18.0,0.0,4.5,0.0,0.0,modern_trade,MX-NORTH,human_followup,sales_visit,0
497.15716096214487,7,17,0.9014915296533935,0.1463165756722781,0.5519244715006382,3,7.5,2.5,0.2,295.0,0.05,digital,MX-NORTH,promotion,targeted_discount,0
328.2676499015095,7,5,0.6190962694199728,0.5501809401626138,0.5850712444825418,2,9.0,0.0,0.25,310.0,0.0,modern_trade,BR-SE,product_recommendation,promote_core_pack,1
459.5126278195713,5,14,0.7893573779827555,0.503756722761195,0.6826484503256072,2,9.0,0.0,0.25,310.0,0.0,modern_trade,MX-NORTH,product_recommendation,promote_core_pack,1
220.10619355653955,4,5,0.8793225052160787,0.83645497081713,0.29986874190248075,3,18.0,0.0,4.5,0.0,0.0,traditional_trade,BR-SE,human_followup,sales_visit,0
368.04920329773313,4,4,0.49449612595764625,0.46724498205051934,0.6074360593196473,3,9.0,0.0,0.25,310.0,0.0,traditional_trade,MX-NORTH,product_recommendation,promote_core_pack,1
250.549168289333,8,23,0.8161839882776275,0.7036295998603257,0.3119183320859573,2,7.5,2.5,0.2,295.0,0.05,digital,MX-NORTH,promotion,targeted_discount,1
382.0275555687685,6,21,0.8528956201308351,0.3180471568095098,0.5238939189478978,1,9.0,0.0,0.25,310.0,0.0,traditional_trade,CO-ANDES,product_recommendation,promote_core_pack,0
370.8770414568877,2,11,0.9269056078356717,0.17858008073772197,0.4354852122115894,2,15.5,1.5,0.25,385.0,0.0,digital,MX-CENTRAL,bundle,premium_bundle,1
264.17952354115965,6,18,0.3534948845313281,0.4809792594793413,0.6164698252397973,2,18.0,0.0,4.5,0.0,0.0,modern_trade,MX-CENTRAL,human_followup,sales_visit,0
365.0140278094242,1,1,0.5720819024868281,0.7367487785169078,0.4343806536504584,1,9.0,0.0,0.25,310.0,0.0,digital,CO-ANDES,product_recommendation,promote_core_pack,1
270.4654272414398,6,6,0.7477186110188015,0.4168956200418897,0.2963186232077368,1,9.0,0.0,0.25,310.0,0.0,traditional_trade,MX-NORTH,product_recommendation,promote_core_pack,1
374.66512751573714,6,22,0.7638354007512789,0.7351977532196182,0.1648400776178847,2,15.5,1.5,0.25,385.0,0.0,modern_trade,MX-CENTRAL,bundle,premium_bundle,1
397.8061433941229,10,7,0.4962801221524273,0.5523556913147579,0.7531111089101988,0,9.0,0.0,0.25,310.0,0.0,traditional_trade,CO-ANDES,product_recommendation,promote_core_pack,0
232.1730715890186,2,22,0.818111848366543,0.3231990482869326,0.3773752226870399,2,15.5,1.5,0.25,385.0,0.0,traditional_trade,MX-CENTRAL,bundle,premium_bundle,1
422.2136663510419,4,26,0.6849134440711739,0.5684210539847356,0.3279959958263886,0,9.0,0.0,0.25,310.0,0.0,traditional_trade,MX-NORTH,product_recommendation,promote_core_pack,0
284.1593187586389,9,10,0.9667900509469072,0.7915454826187717,0.21505747356655264,2,7.5,2.5,0.2,295.0,0.05,digital,CO-ANDES,promotion,targeted_discount,1
249.5013315713784,5,1,0.5155872967882799,0.3131022484364631,0.4559766921867851,3,18.0,0.0,4.5,0.0,0.0,digital,MX-NORTH,human_followup,sales_visit,0
305.8016557309415,1,7,0.3896335155028029,0.6148848137095436,0.07819484614765586,3,9.0,0.0,0.25,310.0,0.0,traditional_trade,MX-NORTH,product_recommendation,promote_core_pack,0
322.72895176217327,5,17,0.7519805606528484,0.4007329885403315,0.34440246616462855,2,18.0,0.0,4.5,0.0,0.0,modern_trade,BR-SE,human_followup,sales_visit,1
398.9929659942672,4,24,0.7913417880663096,0.6436958275992792,0.1793118688122239,2,9.0,0.0,0.25,310.0,0.0,traditional_trade,CO-ANDES,product_recommendation,promote_core_pack,0
265.05773996832994,2,23,0.5838902395263508,0.10913181638991999,0.5044140106344467,1,15.5,1.5,0.25,385.0,0.0,modern_trade,CO-ANDES,bundle,premium_bundle,0
457.04544839020116,9,23,0.7005494077141563,0.23550425059368457,0.4029631560153951,2,15.5,1.5,0.25,385.0,0.0,modern_trade,BR-SE,bundle,premium_bundle,1
467.09626234689244,5,1,0.44040907530745005,0.26770351149163496,0.49455626871520797,3,18.0,0.0,4.5,0.0,0.0,modern_trade,MX-CENTRAL,human_followup,sales_visit,0
260.4332736051396,7,6,0.6747212532994898,0.5180747163630783,0.3730764219344678,3,15.5,1.5,0.25,385.0,0.0,modern_trade,MX-NORTH,bundle,premium_bundle,0
367.07365366426814,3,21,0.8131650498921242,0.5471017915722355,0.5529785394681527,0,15.5,1.5,0.25,385.0,0.0,modern_trade,MX-CENTRAL,bundle,premium_bundle,1
318.48200196903076,7,26,0.7522978712176834,0.15149386257852343,0.132017751889974,0,15.5,1.5,0.25,385.0,0.0,digital,BR-SE,bundle,premium_bundle,1
319.3109689572691,6,23,0.6603825170192749,0.5015292473596021,0.3471696559201757,3,7.5,2.5,0.2,295.0,0.05,modern_trade,BR-SE,promotion,targeted_discount,0
464.8132186049213,2,26,0.6363687330587458,0.45542320208403614,0.4946776726548967,3,9.0,0.0,0.25,310.0,0.0,modern_trade,BR-SE,product_recommendation,promote_core_pack,0
249.8926080460385,7,24,0.5125366982691405,0.31282035200814057,0.5780689798277676,2,18.0,0.0,4.5,0.0,0.0,modern_trade,MX-NORTH,human_followup,sales_visit,0
427.3451298111252,5,26,0.9637386009639779,0.45618359496668104,0.1672902117422279,2,15.5,1.5,0.25,385.0,0.0,modern_trade,CO-ANDES,bundle,premium_bundle,1
273.37910265494975,8,11,0.8023666246431483,0.5399272455659894,0.18895897482306706,3,9.0,0.0,0.25,310.0,0.0,traditional_trade,MX-CENTRAL,product_recommendation,promote_core_pack,1
325.1142347550375,3,0,0.7704869735656604,0.6313696086256366,0.3578270594182992,3,9.0,0.0,0.25,310.0,0.0,digital,MX-NORTH,product_recommendation,promote_core_pack,0
408.6897186701584,8,25,0.8097456630672047,0.5501195799193738,0.9017963761246895,0,15.5,1.5,0.25,385.0,0.0,traditional_trade,MX-CENTRAL,bundle,premium_bundle,1
455.21137392403773,5,9,0.6236831529909393,0.16688403235527213,0.404416944884046,1,15.5,1.5,0.25,385.0,0.0,digital,MX-NORTH,bundle,premium_bundle,0
306.51658153086447,3,28,0.8047158843353892,0.1767345913255218,0.38735313198125,3,9.0,0.0,0.25,310.0,0.0,digital,BR-SE,product_recommendation,promote_core_pack,0
194.48648845733692,9,12,0.2762116341309182,0.5175762597924359,0.4790802527165225,2,18.0,0.0,4.5,0.0,0.0,traditional_trade,MX-CENTRAL,human_followup,sales_visit,0
153.876471197365,4,19,0.8899378638778054,0.30919544969643303,0.3055126742892523,3,9.0,0.0,0.25,310.0,0.0,traditional_trade,MX-CENTRAL,product_recommendation,promote_core_pack,0
296.729363326934,5,7,0.6360155936247399,0.46026817149072397,0.39909949790111177,0,9.0,0.0,0.25,310.0,0.0,digital,MX-CENTRAL,product_recommendation,promote_core_pack,0
258.6987657728729,4,19,0.8163760389853444,0.3015919601173341,0.5161105609529212,1,7.5,2.5,0.2,295.0,0.05,modern_trade,CO-ANDES,promotion,targeted_discount,0
486.37824246299544,3,5,0.5735101448383313,0.7725216490647865,0.4376058973690003,1,9.0,0.0,0.25,310.0,0.0,traditional_trade,MX-NORTH,product_recommendation,promote_core_pack,1
441.8164595970065,2,30,0.4046481903917369,0.5691866035107346,0.12848252071635538,3,18.0,0.0,4.5,0.0,0.0,digital,CO-ANDES,human_followup,sales_visit,0
297.3193732007612,5,17,0.8238984113198365,0.750175346046372,0.2192600285061881,2,7.5,2.5,0.2,295.0,0.05,digital,MX-NORTH,promotion,targeted_discount,1
285.75928682396517,2,17,0.6446649549094112,0.2219222960096131,0.9138528173126632,2,7.5,2.5,0.2,295.0,0.05,traditional_trade,BR-SE,promotion,targeted_discount,0
384.54935326781003,2,20,0.689053824513762,0.2265223588824368,0.33205954667761384,2,15.5,1.5,0.25,385.0,0.0,modern_trade,BR-SE,bundle,premium_bundle,1
322.10992277094454,4,9,0.16156569423767222,0.561643311431389,0.727414191189132,3,15.5,1.5,0.25,385.0,0.0,modern_trade,CO-ANDES,bundle,premium_bundle,0
165.61536734790005,5,18,0.7891091204280247,0.16066524118619288,0.39699555946670034,3,7.5,2.5,0.2,295.0,0.05,traditional_trade,BR-SE,promotion,targeted_discount,0
273.5993621147665,3,26,0.956699350041894,0.6751147302591015,0.6091210898662515,2,9.0,0.0,0.25,310.0,0.0,digital,MX-NORTH,product_recommendation,promote_core_pack,1
435.45067261106374,6,12,0.6742305440549984,0.4241785713135976,0.4845677511992842,2,7.5,2.5,0.2,295.0,0.05,digital,CO-ANDES,promotion,targeted_discount,0
370.79214193722385,3,28,0.8190113950732708,0.842869867944162,0.2915472672391037,2,18.0,0.0,4.5,0.0,0.0,digital,BR-SE,human_followup,sales_visit,1
342.3014206871636,1,18,0.621136960549436,0.30996584824551265,0.3566398143865189,3,18.0,0.0,4.5,0.0,0.0,modern_trade,MX-CENTRAL,human_followup,sales_visit,0
251.2150139760038,5,23,0.4590887314597007,0.703976517728916,0.0841498528626079,2,7.5,2.5,0.2,295.0,0.05,modern_trade,MX-CENTRAL,promotion,targeted_discount,0
257.8478114411018,10,25,0.775555062639251,0.2170225901245027,0.08300512312963806,2,9.0,0.0,0.25,310.0,0.0,modern_trade,CO-ANDES,product_recommendation,promote_core_pack,1
284.0083375539992,4,26,0.8385643766266409,0.672408602915204,0.22106820173940137,0,7.5,2.5,0.2,295.0,0.05,digital,MX-CENTRAL,promotion,targeted_discount,1
287.94018113845044,5,5,0.9520361761239369,0.2808917216607983,0.5051495700101283,0,7.5,2.5,0.2,295.0,0.05,digital,MX-CENTRAL,promotion,targeted_discount,1
358.7853418813529,3,7,0.5717372455015771,0.31720699097969446,0.28153719169088254,3,18.0,0.0,4.5,0.0,0.0,digital,MX-CENTRAL,human_followup,sales_visit,0
414.49971128775127,6,15,0.7331320344421359,0.3499595019265629,0.5136294555643667,0,18.0,0.0,4.5,0.0,0.0,modern_trade,CO-ANDES,human_followup,sales_visit,0
191.68367444358933,9,27,0.7984208020626794,0.4269766065688603,0.64382104099012,1,15.5,1.5,0.25,385.0,0.0,digital,MX-CENTRAL,bundle,premium_bundle,0
431.81364988586466,10,21,0.765708660901757,0.3231952296637458,0.16586028879459971,2,9.0,0.0,0.25,310.0,0.0,modern_trade,MX-CENTRAL,product_recommendation,promote_core_pack,1
282.21311222067226,4,22,0.26724789526017384,0.8486384114091148,0.03046086891008886,2,7.5,2.5,0.2,295.0,0.05,digital,MX-NORTH,promotion,targeted_discount,1
440.0414851775597,4,5,0.768355399935845,0.5190559952101487,0.7946312184547165,0,18.0,0.0,4.5,0.0,0.0,traditional_trade,MX-CENTRAL,human_followup,sales_visit,1
331.3350707062893,5,13,0.7314511419906746,0.47784186200329354,0.1645951145707463,1,9.0,0.0,0.25,310.0,0.0,traditional_trade,CO-ANDES,product_recommendation,promote_core_pack,1
366.9949888024838,4,7,0.5134569280509844,0.18240617918758778,0.28019604695287664,2,9.0,0.0,0.25,310.0,0.0,digital,MX-CENTRAL,product_recommendation,promote_core_pack,1
217.57892751374115,6,12,0.6768187922843385,0.47119441919998084,0.06396519341867993,3,7.5,2.5,0.2,295.0,0.05,modern_trade,MX-CENTRAL,promotion,targeted_discount,1
280.40541933047666,9,12,0.6545680544664503,0.1799065305141537,0.17479815840466806,1,9.0,0.0,0.25,310.0,0.0,digital,MX-NORTH,product_recommendation,promote_core_pack,1
384.68476929903386,1,14,0.7150050082907621,0.43736163363019875,0.1568490655789124,1,18.0,0.0,4.5,0.0,0.0,digital,MX-NORTH,human_followup,sales_visit,0
412.59530230144395,5,22,0.6744058023185339,0.41849586448883325,0.5172506984094897,2,15.5,1.5,0.25,385.0,0.0,digital,MX-NORTH,bundle,premium_bundle,0
380.5513475993135,3,22,0.6417663845050895,0.5511041405404806,0.217027259673175,2,18.0,0.0,4.5,0.0,0.0,digital,CO-ANDES,human_followup,sales_visit,0
335.43238014901596,3,5,0.8914021368323811,0.5628701882097455,0.387438255732996,2,9.0,0.0,0.25,310.0,0.0,digital,MX-NORTH,product_recommendation,promote_core_pack,1
326.1235628885772,4,29,0.7034669111687012,0.47887214508087467,0.6067027669311688,1,9.0,0.0,0.25,310.0,0.0,digital,MX-NORTH,product_recommendation,promote_core_pack,1
389.36946181982984,7,5,0.8840056528233322,0.4556348329390448,0.832639899367515,3,9.0,0.0,0.25,310.0,0.0,traditional_trade,MX-NORTH,product_recommendation,promote_core_pack,1
249.28933775910548,3,6,0.8065256436037801,0.05404851437646202,0.39302196914575876,0,18.0,0.0,4.5,0.0,0.0,digital,MX-NORTH,human_followup,sales_visit,0
297.3522487377936,3,26,0.6890953244645698,0.6368458350631412,0.2008386220252705,0,18.0,0.0,4.5,0.0,0.0,digital,CO-ANDES,human_followup,sales_visit,0
311.00324729275883,9,28,0.7965800565227767,0.4192621221107518,0.18426879222713183,2,15.5,1.5,0.25,385.0,0.0,digital,CO-ANDES,bundle,premium_bundle,0
531.9307464549993,6,6,0.8813548649689603,0.5272634701778358,0.48547450952711013,0,9.0,0.0,0.25,310.0,0.0,traditional_trade,MX-CENTRAL,product_recommendation,promote_core_pack,1
310.0054514632355,6,18,0.9625114444381022,0.2641498983595164,0.42312372455539005,2,18.0,0.0,4.5,0.0,0.0,traditional_trade,BR-SE,human_followup,sales_visit,0
374.0183638443672,5,15,0.8201220416517914,0.7025038464848223,0.4290498876591391,0,15.5,1.5,0.25,385.0,0.0,modern_trade,CO-ANDES,bundle,premium_bundle,1
381.7630540824402,6,9,0.4951619625581333,0.3665751873994882,0.14784746460045395,0,9.0,0.0,0.25,310.0,0.0,traditional_trade,MX-NORTH,product_recommendation,promote_core_pack,0
392.7155084088291,3,13,0.5234298035469802,0.27133450069011505,0.2075716310307305,1,15.5,1.5,0.25,385.0,0.0,traditional_trade,MX-NORTH,bundle,premium_bundle,0
467.57921356224244,4,12,0.18360160391414204,0.445223040969785,0.42800404806411513,3,9.0,0.0,0.25,310.0,0.0,digital,CO-ANDES,product_recommendation,promote_core_pack,0
346.76255659926943,6,28,0.6158412890864291,0.4492819718858998,0.26264539627826217,3,18.0,0.0,4.5,0.0,0.0,traditional_trade,CO-ANDES,human_followup,sales_visit,1
370.7200663488069,4,11,0.7507621861001408,0.5707096482354499,0.38569275181185386,2,18.0,0.0,4.5,0.0,0.0,modern_trade,BR-SE,human_followup,sales_visit,0
405.41017681074055,6,23,0.44493958685240026,0.37734201140841356,0.17283501875032511,3,9.0,0.0,0.25,310.0,0.0,modern_trade,MX-NORTH,product_recommendation,promote_core_pack,0
436.04136450728026,5,1,0.773658506123456,0.617767414955353,0.2636077470791645,0,15.5,1.5,0.25,385.0,0.0,modern_trade,MX-CENTRAL,bundle,premium_bundle,0
307.6007164308629,3,7,0.526520846621123,0.5000230852229025,0.28541899937770604,1,7.5,2.5,0.2,295.0,0.05,traditional_trade,BR-SE,promotion,targeted_discount,1
295.31645527543805,7,18,0.5689953435994022,0.25653983896877464,0.03818118083842671,2,9.0,0.0,0.25,310.0,0.0,modern_trade,MX-NORTH,product_recommendation,promote_core_pack,1
373.48414414860844,4,21,0.5188213962453141,0.5679558257021515,0.25837787016452185,3,7.5,2.5,0.2,295.0,0.05,traditional_trade,MX-CENTRAL,promotion,targeted_discount,0
267.11117892384635,6,1,0.7899903203006413,0.9206385099670159,0.4026919517366118,3,15.5,1.5,0.25,385.0,0.0,traditional_trade,BR-SE,bundle,premium_bundle,0
154.568598253491,0,20,0.7509147494646249,0.6625923191230142,0.4903727759600969,0,7.5,2.5,0.2,295.0,0.05,traditional_trade,BR-SE,promotion,targeted_discount,1
230.0031068387358,5,2,0.8515569238860266,0.27327672910354933,0.8505648825350298,0,18.0,0.0,4.5,0.0,0.0,modern_trade,MX-CENTRAL,human_followup,sales_visit,0
373.5387064608032,7,8,0.6302585773928575,0.42456940743920285,0.7287536514867585,0,7.5,2.5,0.2,295.0,0.05,digital,CO-ANDES,promotion,targeted_discount,1
404.64402620793544,4,6,0.8911126387544559,0.4470435043070287,0.46978455453219947,3,15.5,1.5,0.25,385.0,0.0,modern_trade,BR-SE,bundle,premium_bundle,0
422.82224619580313,7,5,0.36356263565332475,0.6503064870886597,0.8829465846665872,1,7.5,2.5,0.2,295.0,0.05,traditional_trade,MX-NORTH,promotion,targeted_discount,1
381.6598356405971,6,10,0.4388487259981223,0.7634340813362042,0.2721859424145864,0,15.5,1.5,0.25,385.0,0.0,traditional_trade,MX-NORTH,bundle,premium_bundle,1
311.0764518090713,3,11,0.796515676277294,0.6193546477761994,0.1305175628738142,1,15.5,1.5,0.25,385.0,0.0,digital,MX-NORTH,bundle,premium_bundle,0
422.12768823983845,8,8,0.8668589130236863,0.5587557786921196,0.2861227582444616,0,7.5,2.5,0.2,295.0,0.05,modern_trade,MX-NORTH,promotion,targeted_discount,0
284.9331936710925,2,0,0.6717781687172397,0.0777521745053707,0.7655993825110771,1,9.0,0.0,0.25,310.0,0.0,digital,MX-NORTH,product_recommendation,promote_core_pack,0
394.27557835344317,6,13,0.6707119854469831,0.12062138099248852,0.08317475386575454,2,7.5,2.5,0.2,295.0,0.05,digital,CO-ANDES,promotion,targeted_discount,1
368.6981204064952,4,11,0.962018115834356,0.2675318391548402,0.20866065355579422,1,18.0,0.0,4.5,0.0,0.0,modern_trade,MX-CENTRAL,human_followup,sales_visit,1
271.34510748042607,2,13,0.8312346438605305,0.7684579400796168,0.4810996104685221,2,7.5,2.5,0.2,295.0,0.05,traditional_trade,CO-ANDES,promotion,targeted_discount,0
370.7605558482666,6,0,0.5551719380416659,0.23266088247068098,0.48253288666133476,1,9.0,0.0,0.25,310.0,0.0,digital,CO-ANDES,product_recommendation,promote_core_pack,0
362.8350031971796,4,21,0.20940194993359892,0.5240867383637292,0.3996987673813281,2,9.0,0.0,0.25,310.0,0.0,digital,CO-ANDES,product_recommendation,promote_core_pack,0
366.08763459649987,4,4,0.31969978392401105,0.5301670848411415,0.49174806755831124,1,18.0,0.0,4.5,0.0,0.0,digital,MX-NORTH,human_followup,sales_visit,1
179.97679969807203,6,13,0.5553003925378885,0.34104583347503786,0.23474305193067102,3,15.5,1.5,0.25,385.0,0.0,traditional_trade,MX-CENTRAL,bundle,premium_bundle,0
413.72619529540293,2,10,0.7565699358970555,0.6273632357943361,0.5868340173197816,0,15.5,1.5,0.25,385.0,0.0,traditional_trade,MX-CENTRAL,bundle,premium_bundle,1
407.5672776291781,5,8,0.7474311017881166,0.023049333230764732,0.5666376820758376,1,9.0,0.0,0.25,310.0,0.0,modern_trade,MX-NORTH,product_recommendation,promote_core_pack,1
332.4204195872577,3,14,0.9493560318141578,0.7319977964268289,0.5419327614247037,0,7.5,2.5,0.2,295.0,0.05,traditional_trade,MX-CENTRAL,promotion,targeted_discount,0
282.9691320156499,5,13,0.7516716508842793,0.411889670456532,0.11663323099243997,3,15.5,1.5,0.25,385.0,0.0,traditional_trade,CO-ANDES,bundle,premium_bundle,1
534.3573900459439,2,19,0.7320424877540506,0.6418735836384623,0.4521174545122449,1,7.5,2.5,0.2,295.0,0.05,modern_trade,MX-CENTRAL,promotion,targeted_discount,0
287.07868209801495,5,16,0.695693941725131,0.7576191094210261,0.2634561287571309,1,9.0,0.0,0.25,310.0,0.0,traditional_trade,CO-ANDES,product_recommendation,promote_core_pack,1
123.69945930641981,6,8,0.20858946142476617,0.5069559809043368,0.5342830519674785,1,9.0,0.0,0.25,310.0,0.0,digital,CO-ANDES,product_recommendation,promote_core_pack,1
546.1535044077701,7,23,0.24882466129580502,0.7343436697826768,0.2668211357624538,0,9.0,0.0,0.25,310.0,0.0,modern_trade,BR-SE,product_recommendation,promote_core_pack,0
208.78867918647046,2,17,0.39653789509651133,0.6492947445959226,0.5180809057196666,0,15.5,1.5,0.25,385.0,0.0,modern_trade,MX-CENTRAL,bundle,premium_bundle,1
174.88908847420865,1,11,0.7378523037087477,0.12234502546401077,0.3272338946797896,1,15.5,1.5,0.25,385.0,0.0,modern_trade,CO-ANDES,bundle,premium_bundle,0
219.4848776712648,5,16,0.8559198433857351,0.6880042443281276,0.7066049905064644,3,7.5,2.5,0.2,295.0,0.05,modern_trade,MX-CENTRAL,promotion,targeted_discount,0
366.4537161181664,7,21,0.5684105714237054,0.5172079165612747,0.5861059138898922,1,7.5,2.5,0.2,295.0,0.05,digital,MX-NORTH,promotion,targeted_discount,1
381.24728060456357,4,23,0.4115179610787884,0.6153673215878741,0.5604113764111082,3,15.5,1.5,0.25,385.0,0.0,digital,BR-SE,bundle,premium_bundle,0
287.49062716716446,6,0,0.8163476061297905,0.27174550465517794,0.18429931324339396,1,15.5,1.5,0.25,385.0,0.0,digital,MX-CENTRAL,bundle,premium_bundle,1
143.74693928024857,5,23,0.6904095522873834,0.4612740726961447,0.7208185988704544,2,15.5,1.5,0.25,385.0,0.0,digital,MX-CENTRAL,bundle,premium_bundle,0
499.28203232977467,3,22,0.5071338851673836,0.3612520351097619,0.6063135901576737,3,15.5,1.5,0.25,385.0,0.0,traditional_trade,CO-ANDES,bundle,premium_bundle,0
202.13919312072147,6,13,0.7442469049605172,0.3360838342959367,0.5305863991926416,1,18.0,0.0,4.5,0.0,0.0,traditional_trade,MX-CENTRAL,human_followup,sales_visit,0
262.69993221802656,9,3,0.4605468922232882,0.6356311862690524,0.5011045979741995,2,15.5,1.5,0.25,385.0,0.0,modern_trade,MX-CENTRAL,bundle,premium_bundle,0
282.4538152699938,5,13,0.3746843237699856,0.41410095990569434,0.22174846754539332,2,9.0,0.0,0.25,310.0,0.0,modern_trade,MX-NORTH,product_recommendation,promote_core_pack,0
365.80941853024456,5,20,0.5345592453495782,0.45441090103962944,0.5845234372273088,1,15.5,1.5,0.25,385.0,0.0,modern_trade,CO-ANDES,bundle,premium_bundle,0
150.92792430568446,5,29,0.9278167424572393,0.4405027097999559,0.622490118042267,2,7.5,2.5,0.2,295.0,0.05,digital,MX-NORTH,promotion,targeted_discount,1
347.46549075473456,8,5,0.2473531203400124,0.5215647342185408,0.20450455001164755,0,9.0,0.0,0.25,310.0,0.0,modern_trade,MX-NORTH,product_recommendation,promote_core_pack,0
356.57011962319365,10,30,0.9256613099367669,0.4456385871548395,0.41561231202523163,2,7.5,2.5,0.2,295.0,0.05,digital,BR-SE,promotion,targeted_discount,1
277.25481341284785,9,7,0.4858689946118074,0.8596197984454358,0.0940580475682702,2,18.0,0.0,4.5,0.0,0.0,traditional_trade,BR-SE,human_followup,sales_visit,1
443.67609136255766,3,30,0.6039834651197821,0.2678510915358245,0.14369177887729195,1,18.0,0.0,4.5,0.0,0.0,traditional_trade,MX-NORTH,human_followup,sales_visit,1
638.9679421043379,7,3,0.6370092664745911,0.0740701919506453,0.3658097802805214,3,7.5,2.5,0.2,295.0,0.05,modern_trade,MX-NORTH,promotion,targeted_discount,1
213.05652472756105,4,7,0.7997140196709874,0.34024799205919154,0.23960027846435122,2,7.5,2.5,0.2,295.0,0.05,modern_trade,CO-ANDES,promotion,targeted_discount,1
221.70028811622308,5,14,0.6782477978658985,0.298178508092519,0.5466651182589121,1,7.5,2.5,0.2,295.0,0.05,traditional_trade,MX-NORTH,promotion,targeted_discount,1
238.99455577620145,7,25,0.8976084506026157,0.6550495451064124,0.7225859087435985,0,9.0,0.0,0.25,310.0,0.0,digital,MX-NORTH,product_recommendation,promote_core_pack,0
221.28092471463347,4,29,0.7535135271482589,0.4681199909680346,0.708678623259177,0,9.0,0.0,0.25,310.0,0.0,modern_trade,CO-ANDES,product_recommendation,promote_core_pack,0
292.119674982285,4,30,0.9435077557606782,0.464083796022851,0.37773989423894355,1,7.5,2.5,0.2,295.0,0.05,modern_trade,MX-CENTRAL,promotion,targeted_discount,1
447.4659160351607,5,11,0.5154057620062665,0.49439964623497634,0.7368553097571064,2,7.5,2.5,0.2,295.0,0.05,traditional_trade,MX-NORTH,promotion,targeted_discount,1
345.1723260927185,5,21,0.752267122925239,0.6353995647902094,0.45058954343022534,3,7.5,2.5,0.2,295.0,0.05,traditional_trade,MX-CENTRAL,promotion,targeted_discount,0
311.33602634124594,1,29,0.5980612554983235,0.7465221154502941,0.5162978830235351,2,18.0,0.0,4.5,0.0,0.0,digital,BR-SE,human_followup,sales_visit,1
350.6439443775798,7,2,0.7694407268927705,0.27124369216509264,0.17522467594443203,1,9.0,0.0,0.25,310.0,0.0,digital,MX-NORTH,product_recommendation,promote_core_pack,1
417.38111874082085,4,5,0.509002339626879,0.4453946949529015,0.1879899112369568,3,7.5,2.5,0.2,295.0,0.05,digital,BR-SE,promotion,targeted_discount,1
380.28002410240794,7,2,0.4880546988000667,0.5535826109795163,0.19525365463314787,0,7.5,2.5,0.2,295.0,0.05,digital,BR-SE,promotion,targeted_discount,1
370.29558231349984,4,21,0.5953267670953127,0.8680020919663122,0.7384538842531825,2,7.5,2.5,0.2,295.0,0.05,digital,MX-NORTH,promotion,targeted_discount,1
206.05869893738105,3,0,0.8130002908637948,0.29636342783615977,0.46868474916839664,3,18.0,0.0,4.5,0.0,0.0,digital,MX-NORTH,human_followup,sales_visit,0
343.45079498330233,5,30,0.21326837876618102,0.2563060199554295,0.7964910996055788,1,18.0,0.0,4.5,0.0,0.0,digital,CO-ANDES,human_followup,sales_visit,0
296.8153443571878,5,17,0.7348730223924377,0.6953975819069774,0.5277648273233415,2,15.5,1.5,0.25,385.0,0.0,digital,MX-NORTH,bundle,premium_bundle,0
416.51524656992507,3,4,0.8874972083714674,0.5443697077414846,0.5332435525186194,2,7.5,2.5,0.2,295.0,0.05,modern_trade,MX-CENTRAL,promotion,targeted_discount,0
320.4207454894499,4,6,0.7377405244420487,0.5513522887097136,0.7583743191263363,1,7.5,2.5,0.2,295.0,0.05,modern_trade,CO-ANDES,promotion,targeted_discount,1
320.53825370426944,4,11,0.5680916590315029,0.8585297604414039,0.6428010985814152,1,9.0,0.0,0.25,310.0,0.0,traditional_trade,MX-NORTH,product_recommendation,promote_core_pack,0
488.5243628505623,2,10,0.2290590505351796,0.06725200766801509,0.3716597269436722,0,15.5,1.5,0.25,385.0,0.0,modern_trade,CO-ANDES,bundle,premium_bundle,1
329.6193284810355,5,0,0.7141563138583809,0.27124622208319965,0.3638908209998398,3,18.0,0.0,4.5,0.0,0.0,digital,CO-ANDES,human_followup,sales_visit,0
418.40525252629965,5,4,0.8428083625175253,0.2980332144312642,0.6557904516159032,1,9.0,0.0,0.25,310.0,0.0,modern_trade,MX-CENTRAL,product_recommendation,promote_core_pack,0
376.8933633617726,6,24,0.9460331391830319,0.27077186893354255,0.9238931059791422,0,15.5,1.5,0.25,385.0,0.0,traditional_trade,CO-ANDES,bundle,premium_bundle,1
337.24622632593787,7,23,0.5951485344202198,0.8105305376054577,0.4043256952675256,2,7.5,2.5,0.2,295.0,0.05,traditional_trade,BR-SE,promotion,targeted_discount,1
299.0400369737949,3,10,0.6710854251981178,0.2943396060587323,0.11178675696163143,3,18.0,0.0,4.5,0.0,0.0,digital,CO-ANDES,human_followup,sales_visit,0
221.18668214447655,8,25,0.13523243051831188,0.33744657221286656,0.7893450719596373,2,9.0,0.0,0.25,310.0,0.0,digital,MX-CENTRAL,product_recommendation,promote_core_pack,1
363.62161543238983,8,6,0.6148910135672179,0.3799464634699699,0.6856316376798444,1,9.0,0.0,0.25,310.0,0.0,traditional_trade,CO-ANDES,product_recommendation,promote_core_pack,0
304.23621036121625,5,19,0.7675813526945242,0.8681950505566038,0.5585998072261031,1,18.0,0.0,4.5,0.0,0.0,traditional_trade,MX-CENTRAL,human_followup,sales_visit,1
205.499094631216,8,27,0.6936511178282867,0.3479419947244988,0.5579696533664322,0,18.0,0.0,4.5,0.0,0.0,modern_trade,BR-SE,human_followup,sales_visit,1
403.49645346910097,10,1,0.8380467312398243,0.46341279959210396,0.648859508157318,0,15.5,1.5,0.25,385.0,0.0,modern_trade,CO-ANDES,bundle,premium_bundle,0
433.1703430644518,7,15,0.6320043275285043,0.7187866732200436,0.16466477602994328,0,7.5,2.5,0.2,295.0,0.05,modern_trade,CO-ANDES,promotion,targeted_discount,0
80.0,5,29,0.3860344225071203,0.5856022451676859,0.3615011504049993,3,18.0,0.0,4.5,0.0,0.0,traditional_trade,CO-ANDES,human_followup,sales_visit,1
227.25371906920287,8,14,0.5545833369790867,0.6409420454871508,0.4675496778179327,2,9.0,0.0,0.25,310.0,0.0,digital,CO-ANDES,product_recommendation,promote_core_pack,0
397.01150398002517,4,27,0.7495800572517949,0.4933600257962401,0.45021854445446136,0,7.5,2.5,0.2,295.0,0.05,traditional_trade,BR-SE,promotion,targeted_discount,0
344.42861143544553,6,26,0.4971681183043191,0.7791052092386813,0.3812901874391732,1,9.0,0.0,0.25,310.0,0.0,traditional_trade,CO-ANDES,product_recommendation,promote_core_pack,1
359.28795437010615,7,21,0.997985302944471,0.4569284280213671,0.2901861357964456,2,15.5,1.5,0.25,385.0,0.0,traditional_trade,MX-CENTRAL,bundle,premium_bundle,0
186.3519621153095,4,24,0.9018345551873272,0.35425233683555957,0.40761421404023096,2,15.5,1.5,0.25,385.0,0.0,digital,CO-ANDES,bundle,premium_bundle,0
340.91180502722045,5,29,0.40917005670208145,0.11119857621211449,0.6296255924561137,1,7.5,2.5,0.2,295.0,0.05,modern_trade,MX-CENTRAL,promotion,targeted_discount,1
348.04982166550127,3,21,0.7514977277179246,0.7105015238251687,0.43953494849401636,2,15.5,1.5,0.25,385.0,0.0,modern_trade,CO-ANDES,bundle,premium_bundle,1
250.80114312135657,4,12,0.534476818216412,0.30983934705843214,0.7430971278486467,1,7.5,2.5,0.2,295.0,0.05,modern_trade,MX-CENTRAL,promotion,targeted_discount,1
309.81466952374615,6,28,0.8484619714409912,0.20998811687452423,0.06430949091426669,2,15.5,1.5,0.25,385.0,0.0,digital,BR-SE,bundle,premium_bundle,1
356.7153944903743,6,18,0.23563426010302307,0.3896461090559588,0.38200121800680636,1,18.0,0.0,4.5,0.0,0.0,modern_trade,BR-SE,human_followup,sales_visit,0
242.347049649553,0,0,0.8386885992019473,0.6006191824555609,0.2591656430071326,1,15.5,1.5,0.25,385.0,0.0,modern_trade,CO-ANDES,bundle,premium_bundle,0
277.2105984025659,7,14,0.6756064883742589,0.16949587948186326,0.719446626165835,2,18.0,0.0,4.5,0.0,0.0,modern_trade,MX-CENTRAL,human_followup,sales_visit,1
364.2943654595294,2,25,0.18199253956708966,0.5353681251038064,0.14865329605916502,3,9.0,0.0,0.25,310.0,0.0,traditional_trade,MX-CENTRAL,product_recommendation,promote_core_pack,0
345.2267385471711,6,29,0.8394050279351912,0.5128638939730589,0.2681856732662061,1,18.0,0.0,4.5,0.0,0.0,digital,MX-NORTH,human_followup,sales_visit,0
375.71578591354626,6,8,0.6901767085106704,0.5789847528025535,0.40534870786202437,3,7.5,2.5,0.2,295.0,0.05,traditional_trade,MX-CENTRAL,promotion,targeted_discount,1
569.1117542825838,3,1,0.8281026684253358,0.4492085313241735,0.42551807164334504,3,9.0,0.0,0.25,310.0,0.0,digital,MX-NORTH,product_recommendation,promote_core_pack,0
343.86494862362355,5,4,0.4404402562149021,0.7018439384491604,0.4044530183992085,1,7.5,2.5,0.2,295.0,0.05,modern_trade,BR-SE,promotion,targeted_discount,1
313.93787371936844,5,8,0.943220276348474,0.5536609441250078,0.6413026990752327,0,15.5,1.5,0.25,385.0,0.0,digital,MX-CENTRAL,bundle,premium_bundle,1
332.8043114777304,4,10,0.5892353961794143,0.3927754666914124,0.5463101708757971,1,9.0,0.0,0.25,310.0,0.0,modern_trade,CO-ANDES,product_recommendation,promote_core_pack,1
318.138674480876,8,12,0.8235574331083522,0.5648480571829491,0.4576490842233278,2,9.0,0.0,0.25,310.0,0.0,modern_trade,BR-SE,product_recommendation,promote_core_pack,1
372.27303268496405,3,1,0.49315358469004034,0.7270124996230415,0.562090054577531,3,7.5,2.5,0.2,295.0,0.05,modern_trade,BR-SE,promotion,targeted_discount,1
416.67440623221944,5,11,0.2822172305928527,0.3948178747821815,0.3440677212954857,2,18.0,0.0,4.5,0.0,0.0,digital,BR-SE,human_followup,sales_visit,0
386.9899712873674,4,30,0.5510916413349719,0.547667300677828,0.4951624978700283,3,7.5,2.5,0.2,295.0,0.05,digital,CO-ANDES,promotion,targeted_discount,0
178.95969862304767,5,20,0.6170403865986046,0.3746334625493455,0.2951220844279045,1,15.5,1.5,0.25,385.0,0.0,digital,MX-NORTH,bundle,premium_bundle,1
366.4298487472622,2,0,0.3883632268326005,0.588634915987648,0.30766407517889505,2,15.5,1.5,0.25,385.0,0.0,digital,CO-ANDES,bundle,premium_bundle,1
536.8408937515043,9,6,0.6261483589946085,0.6493204458120072,0.3267826671849728,0,15.5,1.5,0.25,385.0,0.0,digital,CO-ANDES,bundle,premium_bundle,0
545.5217692341109,8,8,0.7976968474890083,0.2782441096063887,0.5776169616950315,3,7.5,2.5,0.2,295.0,0.05,digital,CO-ANDES,promotion,targeted_discount,1
286.9122537730087,5,13,0.7908741199836836,0.09702690852645152,0.268867827765887,0,9.0,0.0,0.25,310.0,0.0,modern_trade,MX-CENTRAL,product_recommendation,promote_core_pack,0
357.27955078987463,5,9,0.8110927775197547,0.3924860831040277,0.2780773230688551,2,7.5,2.5,0.2,295.0,0.05,modern_trade,CO-ANDES,promotion,targeted_discount,1
349.47730548033263,7,13,0.970220469964019,0.4905290632409387,0.1542858779101773,1,9.0,0.0,0.25,310.0,0.0,traditional_trade,CO-ANDES,product_recommendation,promote_core_pack,0
193.5515395289751,2,29,0.8118164484679998,0.3246155703081988,0.5238927638449488,0,7.5,2.5,0.2,295.0,0.05,modern_trade,MX-CENTRAL,promotion,targeted_discount,1
316.60622651292607,4,13,0.4619004802665496,0.49899968541890677,0.5669111347963309,0,7.5,2.5,0.2,295.0,0.05,digital,MX-NORTH,promotion,targeted_discount,0
339.1432270605523,7,15,0.7002467200713336,0.7392320154565275,0.2355777822979145,3,7.5,2.5,0.2,295.0,0.05,digital,BR-SE,promotion,targeted_discount,1
425.7145446215635,3,7,0.6811086580067556,0.07316322788259152,0.5569062073395643,2,15.5,1.5,0.25,385.0,0.0,modern_trade,MX-NORTH,bundle,premium_bundle,1
319.00131054873947,7,9,0.9577574051046156,0.4790179713438979,0.5016082298856968,3,18.0,0.0,4.5,0.0,0.0,digital,MX-CENTRAL,human_followup,sales_visit,1
389.9295680868026,1,17,0.778663470578384,0.4555136279513159,0.5135223234485651,0,18.0,0.0,4.5,0.0,0.0,traditional_trade,CO-ANDES,human_followup,sales_visit,0
254.89307857451382,4,0,0.4873084791139709,0.15561505131489226,0.7980566098788296,2,15.5,1.5,0.25,385.0,0.0,traditional_trade,MX-NORTH,bundle,premium_bundle,0
425.8927997866592,9,2,0.6082765264129917,0.8195034497461469,0.528575898755141,2,7.5,2.5,0.2,295.0,0.05,digital,MX-CENTRAL,promotion,targeted_discount,1
433.6680991641972,4,26,0.5707355050374852,0.19970157197643015,0.13687298875626105,0,7.5,2.5,0.2,295.0,0.05,traditional_trade,BR-SE,promotion,targeted_discount,1
306.3082827403166,4,18,0.6654381747780341,0.69171403932707,0.46273917033492556,1,7.5,2.5,0.2,295.0,0.05,traditional_trade,MX-NORTH,promotion,targeted_discount,1
321.23864222798875,3,4,0.5509239826195064,0.8079390562016373,0.7081060067307919,1,7.5,2.5,0.2,295.0,0.05,modern_trade,BR-SE,promotion,targeted_discount,1
198.53362710449895,3,26,0.5321201762767235,0.3124538482302355,0.5201081529019074,1,18.0,0.0,4.5,0.0,0.0,modern_trade,CO-ANDES,human_followup,sales_visit,1
314.54668335289085,5,27,0.6403827352562462,0.6193479804331747,0.8877193103315612,3,15.5,1.5,0.25,385.0,0.0,digital,MX-NORTH,bundle,premium_bundle,0
180.40272369442374,8,28,0.8352815588661628,0.33885074003630555,0.7758323247535784,1,18.0,0.0,4.5,0.0,0.0,traditional_trade,MX-NORTH,human_followup,sales_visit,0
421.59282252355314,6,21,0.6359532871400059,0.6866475333007869,0.2671931897917588,0,9.0,0.0,0.25,310.0,0.0,digital,BR-SE,product_recommendation,promote_core_pack,0
213.2261713702399,6,20,0.719329770327025,0.5632586801305212,0.3969190514561698,1,18.0,0.0,4.5,0.0,0.0,modern_trade,BR-SE,human_followup,sales_visit,0
496.7145776038183,3,30,0.5002984314947375,0.3806128610272247,0.529014464459662,0,15.5,1.5,0.25,385.0,0.0,modern_trade,CO-ANDES,bundle,premium_bundle,0
352.8323589255893,6,23,0.5353690733986899,0.8273431950948018,0.23599188388062475,2,7.5,2.5,0.2,295.0,0.05,traditional_trade,BR-SE,promotion,targeted_discount,0
485.37002465528445,4,28,0.7411330059217685,0.7123259969548743,0.7250709982840288,1,9.0,0.0,0.25,310.0,0.0,digital,MX-NORTH,product_recommendation,promote_core_pack,1
118.06640154518817,3,13,0.7435016307844924,0.2610622948629436,0.7920549474798065,1,7.5,2.5,0.2,295.0,0.05,digital,MX-CENTRAL,promotion,targeted_discount,1
266.1587051993852,7,4,0.8377067841555698,0.5252736865134408,0.2665916045256229,2,7.5,2.5,0.2,295.0,0.05,digital,MX-CENTRAL,promotion,targeted_discount,1
378.4078882687552,3,17,0.7729552206929858,0.5558882870826715,0.5926579928474914,1,15.5,1.5,0.25,385.0,0.0,traditional_trade,MX-NORTH,bundle,premium_bundle,1
249.28532577276007,3,3,0.6460576907005045,0.3224978375116465,0.582504012841163,2,15.5,1.5,0.25,385.0,0.0,traditional_trade,MX-NORTH,bundle,premium_bundle,0
502.39587093910734,4,8,0.8438711238566696,0.7111541984341745,0.4948554871971755,0,7.5,2.5,0.2,295.0,0.05,modern_trade,CO-ANDES,promotion,targeted_discount,1
309.8021900427062,7,27,0.6659343736561163,0.6069036529739119,0.6118735909097474,2,18.0,0.0,4.5,0.0,0.0,modern_trade,CO-ANDES,human_followup,sales_visit,0
418.20071112629216,3,6,0.5173629736278189,0.6469128871626236,0.3624278516186822,0,9.0,0.0,0.25,310.0,0.0,digital,BR-SE,product_recommendation,promote_core_pack,0
326.73904136119677,1,4,0.42067815083559745,0.569236532597155,0.5678266303428076,3,9.0,0.0,0.25,310.0,0.0,modern_trade,MX-CENTRAL,product_recommendation,promote_core_pack,0
391.9317268628454,2,29,0.6032327474111069,0.2607386715388915,0.02280626336107558,2,15.5,1.5,0.25,385.0,0.0,modern_trade,MX-NORTH,bundle,premium_bundle,0
369.8759735785735,7,1,0.6959539720235438,0.8148895527189868,0.35973078426070926,0,9.0,0.0,0.25,310.0,0.0,digital,CO-ANDES,product_recommendation,promote_core_pack,1
424.786178567428,6,22,0.8373663708278762,0.10120932038158073,0.4932904785469783,0,7.5,2.5,0.2,295.0,0.05,modern_trade,BR-SE,promotion,targeted_discount,0
285.4493844852933,6,12,0.5370294449298659,0.641366935705471,0.5446771096551736,0,18.0,0.0,4.5,0.0,0.0,modern_trade,CO-ANDES,human_followup,sales_visit,0
439.10152374910194,6,21,0.6703690399006342,0.7490986938799775,0.756003751239591,1,7.5,2.5,0.2,295.0,0.05,traditional_trade,MX-NORTH,promotion,targeted_discount,1
213.5875026630547,7,3,0.7690207881471133,0.46972435419031394,0.48254209752401056,0,18.0,0.0,4.5,0.0,0.0,digital,MX-CENTRAL,human_followup,sales_visit,1
387.4263929565481,1,8,0.5346328148425877,0.35492297862592176,0.7308501958351801,3,18.0,0.0,4.5,0.0,0.0,traditional_trade,MX-CENTRAL,human_followup,sales_visit,1
479.50083673380857,4,1,0.2469581035401836,0.7702346049975786,0.43239476498707774,1,18.0,0.0,4.5,0.0,0.0,traditional_trade,MX-CENTRAL,human_followup,sales_visit,1
369.0210784909379,9,27,0.5540656551688453,0.2626024633130519,0.41126238664624926,0,9.0,0.0,0.25,310.0,0.0,traditional_trade,MX-CENTRAL,product_recommendation,promote_core_pack,1
208.77615338008258,5,23,0.6726269092146385,0.2282174634391513,0.2265576000383407,0,9.0,0.0,0.25,310.0,0.0,digital,MX-CENTRAL,product_recommendation,promote_core_pack,1
232.00132985894493,4,16,0.6449762667145696,0.2676117152019372,0.4208949632421382,0,18.0,0.0,4.5,0.0,0.0,modern_trade,CO-ANDES,human_followup,sales_visit,0
384.7531761790431,4,19,0.5015350092816168,0.4644583868614174,0.23407829930597193,0,18.0,0.0,4.5,0.0,0.0,modern_trade,CO-ANDES,human_followup,sales_visit,0
457.2680966581894,4,14,0.8624733973539535,0.32472876683150864,0.19914938345748137,1,15.5,1.5,0.25,385.0,0.0,modern_trade,MX-NORTH,bundle,premium_bundle,0
425.69638608059574,8,7,0.6985109784981504,0.3518412456274056,0.7552003061829301,0,18.0,0.0,4.5,0.0,0.0,modern_trade,MX-CENTRAL,human_followup,sales_visit,1
459.4202194392142,6,26,0.8231567204896033,0.6030572000117789,0.22504057286867254,3,9.0,0.0,0.25,310.0,0.0,digital,MX-NORTH,product_recommendation,promote_core_pack,1
310.42913229077976,4,4,0.7899636853965555,0.3220453911126723,0.664308830713533,3,18.0,0.0,4.5,0.0,0.0,digital,MX-NORTH,human_followup,sales_visit,1
99.21977977966895,5,4,0.867372442418106,0.6369074645660308,0.44355063313307364,0,18.0,0.0,4.5,0.0,0.0,modern_trade,CO-ANDES,human_followup,sales_visit,1
334.79767522633495,5,28,0.5035853521428854,0.6396680236930113,0.7470554911434467,2,18.0,0.0,4.5,0.0,0.0,traditional_trade,MX-CENTRAL,human_followup,sales_visit,0
395.72831447365337,2,25,0.8370134762148592,0.49798967797433163,0.2414402994674777,3,15.5,1.5,0.25,385.0,0.0,traditional_trade,MX-CENTRAL,bundle,premium_bundle,1
407.1697460246457,5,11,0.717372056030535,0.19956896260777807,0.22221295508248978,3,7.5,2.5,0.2,295.0,0.05,traditional_trade,BR-SE,promotion,targeted_discount,0
239.8952967588432,3,28,0.7421148113880793,0.13543831341876483,0.28327909535164114,1,7.5,2.5,0.2,295.0,0.05,traditional_trade,BR-SE,promotion,targeted_discount,0
376.80178511103924,5,24,0.6519751283122486,0.25832147074063505,0.30891072073129233,3,9.0,0.0,0.25,310.0,0.0,traditional_trade,BR-SE,product_recommendation,promote_core_pack,0
323.1145467541226,7,6,0.6204049011607853,0.2263329643612056,0.2102254900420366,3,18.0,0.0,4.5,0.0,0.0,modern_trade,MX-NORTH,human_followup,sales_visit,1
323.46540035827223,4,25,0.5013891082480525,0.6633748281332412,0.7245500715287422,3,7.5,2.5,0.2,295.0,0.05,modern_trade,CO-ANDES,promotion,targeted_discount,0
370.75439860757274,5,3,0.5603196524737045,0.6400137644131815,0.7193574127763397,2,18.0,0.0,4.5,0.0,0.0,digital,MX-CENTRAL,human_followup,sales_visit,1
426.55535903742987,1,19,0.6301164336937808,0.44512537888444453,0.09415374065434906,0,9.0,0.0,0.25,310.0,0.0,modern_trade,MX-CENTRAL,product_recommendation,promote_core_pack,0
297.54889463282717,9,30,0.8174167575068948,0.45416483332453195,0.5589790804702478,1,15.5,1.5,0.25,385.0,0.0,digital,MX-NORTH,bundle,premium_bundle,0
337.60450447886075,5,8,0.6879997971501767,0.23699450377568423,0.6098707287547384,1,15.5,1.5,0.25,385.0,0.0,digital,MX-CENTRAL,bundle,premium_bundle,1
406.19950590685846,6,22,0.6018498857155083,0.7303097889755852,0.21825226698540232,0,9.0,0.0,0.25,310.0,0.0,digital,CO-ANDES,product_recommendation,promote_core_pack,0
256.58215839130906,10,16,0.6550057674819352,0.16477936946521435,0.3384916287972842,1,9.0,0.0,0.25,310.0,0.0,traditional_trade,CO-ANDES,product_recommendation,promote_core_pack,1
381.9916895680777,5,19,0.5690789708017379,0.3626669965452653,0.7455104567362407,2,9.0,0.0,0.25,310.0,0.0,digital,BR-SE,product_recommendation,promote_core_pack,0
309.3624711781603,3,6,0.6714343042068465,0.6786740370010119,0.6518598974081931,0,9.0,0.0,0.25,310.0,0.0,modern_trade,MX-CENTRAL,product_recommendation,promote_core_pack,1
297.96494347230504,1,1,0.9043311424643811,0.01542335727572303,0.5314448133045336,2,9.0,0.0,0.25,310.0,0.0,modern_trade,MX-NORTH,product_recommendation,promote_core_pack,1
182.54880425190098,5,22,0.4974615287961127,0.3563455298077641,0.6281742935648806,1,18.0,0.0,4.5,0.0,0.0,digital,MX-CENTRAL,human_followup,sales_visit,1
293.3213914466617,10,20,0.6321902157737656,0.6294039556449283,0.2923746182247637,2,9.0,0.0,0.25,310.0,0.0,digital,BR-SE,product_recommendation,promote_core_pack,1
412.22719760887804,3,7,0.7603958592413304,0.36978287710117236,0.7677610799892601,2,15.5,1.5,0.25,385.0,0.0,digital,CO-ANDES,bundle,premium_bundle,0
175.17201443360673,3,18,0.7565941035275189,0.054354998047356065,0.7412673643424389,0,7.5,2.5,0.2,295.0,0.05,modern_trade,CO-ANDES,promotion,targeted_discount,0
394.10787754254727,2,18,0.7930779867619571,0.5011170403285491,0.479964983601489,2,15.5,1.5,0.25,385.0,0.0,modern_trade,MX-CENTRAL,bundle,premium_bundle,1
422.48528076734215,4,7,0.7032379248288744,0.5471688798945407,0.165700764579309,3,15.5,1.5,0.25,385.0,0.0,modern_trade,MX-CENTRAL,bundle,premium_bundle,1
229.4629013346159,3,27,0.32616387425821536,0.39923960326217944,0.4834632400041105,0,15.5,1.5,0.25,385.0,0.0,digital,BR-SE,bundle,premium_bundle,0
273.8254309493018,7,26,0.6130600161173081,0.5352412681216356,0.15423052629655484,0,15.5,1.5,0.25,385.0,0.0,digital,MX-NORTH,bundle,premium_bundle,1
353.7621134193317,4,1,0.8421881211047975,0.3492564114440466,0.23840252036391565,1,7.5,2.5,0.2,295.0,0.05,traditional_trade,CO-ANDES,promotion,targeted_discount,1
341.3636235561969,6,16,0.8795446851041506,0.37013500441123454,0.16485084653566856,1,15.5,1.5,0.25,385.0,0.0,traditional_trade,MX-CENTRAL,bundle,premium_bundle,1
395.92786774358444,9,12,0.5590664792375126,0.1306092321107313,0.6961880652563945,0,15.5,1.5,0.25,385.0,0.0,digital,MX-NORTH,bundle,premium_bundle,0
468.8760562284661,1,9,0.6897330709849594,0.385674438397001,0.6956153623739666,3,7.5,2.5,0.2,295.0,0.05,digital,MX-NORTH,promotion,targeted_discount,0
250.5002137226391,3,9,0.6451023321125453,0.37961947353110304,0.5774288582965105,3,18.0,0.0,4.5,0.0,0.0,modern_trade,MX-NORTH,human_followup,sales_visit,0
261.8193451381615,5,8,0.8227129212698052,0.5619978965840201,0.12625597004759065,2,9.0,0.0,0.25,310.0,0.0,digital,MX-NORTH,product_recommendation,promote_core_pack,1
444.0087348601774,5,4,0.6932269925286155,0.4197636120018882,0.15956547418903597,3,15.5,1.5,0.25,385.0,0.0,traditional_trade,MX-CENTRAL,bundle,premium_bundle,1
307.3938833259522,3,21,0.6684779420088048,0.3386282944055748,0.2615652289300427,0,9.0,0.0,0.25,310.0,0.0,digital,BR-SE,product_recommendation,promote_core_pack,1
454.87856984002485,7,2,0.5337679845538182,0.4497463548395675,0.35109086600024164,2,15.5,1.5,0.25,385.0,0.0,digital,CO-ANDES,bundle,premium_bundle,1
386.80035975111775,5,28,0.46015415124650694,0.7920288959369673,0.2481780773917266,0,7.5,2.5,0.2,295.0,0.05,traditional_trade,CO-ANDES,promotion,targeted_discount,0
470.3869056471055,3,28,0.6504443583636963,0.3266019281593006,0.5324890973498857,1,9.0,0.0,0.25,310.0,0.0,digital,MX-CENTRAL,product_recommendation,promote_core_pack,1
360.69759245211253,4,5,0.7339236768480132,0.09371966990482258,0.5879470281689096,2,15.5,1.5,0.25,385.0,0.0,traditional_trade,CO-ANDES,bundle,premium_bundle,1
230.41316682027679,4,18,0.574405688720857,0.46662944558791275,0.2665837261170419,3,15.5,1.5,0.25,385.0,0.0,traditional_trade,CO-ANDES,bundle,premium_bundle,1
244.0671550424772,8,24,0.5832058926692103,0.34561437225998504,0.24521997270167517,2,15.5,1.5,0.25,385.0,0.0,digital,CO-ANDES,bundle,premium_bundle,1
440.1575313171906,5,3,0.9580425381038037,0.8485773143729808,0.24647646066742784,1,15.5,1.5,0.25,385.0,0.0,modern_trade,MX-CENTRAL,bundle,premium_bundle,1
268.05059997084567,5,25,0.6648389195969018,0.3128398684068413,0.4291284679134138,0,18.0,0.0,4.5,0.0,0.0,modern_trade,MX-NORTH,human_followup,sales_visit,0
274.3305308647447,3,30,0.2558288040935014,0.8936476384889498,0.5423547127422634,3,18.0,0.0,4.5,0.0,0.0,traditional_trade,CO-ANDES,human_followup,sales_visit,0
389.46649188798716,8,1,0.2768779443343249,0.6523449719652892,0.558463055554641,3,18.0,0.0,4.5,0.0,0.0,modern_trade,MX-NORTH,human_followup,sales_visit,1
337.8127528791889,4,27,0.8592005143341773,0.3209308820557843,0.31612576438902984,2,15.5,1.5,0.25,385.0,0.0,digital,BR-SE,bundle,premium_bundle,1
422.3304801927792,5,1,0.9130431026724166,0.5544610219883829,0.7225536767977508,3,7.5,2.5,0.2,295.0,0.05,modern_trade,CO-ANDES,promotion,targeted_discount,1
287.4028631733405,7,23,0.8054022923704887,0.35418433145358363,0.2601564390459108,0,18.0,0.0,4.5,0.0,0.0,digital,BR-SE,human_followup,sales_visit,1
325.4401599685367,9,30,0.7564993585456714,0.38605100038479895,0.3976763832089274,2,7.5,2.5,0.2,295.0,0.05,digital,CO-ANDES,promotion,targeted_discount,1
296.2545050370078,10,3,0.511376491516761,0.28065091228201605,0.7665419278593273,2,7.5,2.5,0.2,295.0,0.05,digital,BR-SE,promotion,targeted_discount,0
411.87246785501367,9,29,0.6874023963639768,0.5438977713543723,0.36298395943914824,0,7.5,2.5,0.2,295.0,0.05,traditional_trade,BR-SE,promotion,targeted_discount,1
236.2347253768819,3,17,0.6308566245751115,0.3179175846401969,0.1407626154868231,0,7.5,2.5,0.2,295.0,0.05,traditional_trade,MX-CENTRAL,promotion,targeted_discount,1
255.94642360394997,5,3,0.7173944408569608,0.11452918727389608,0.11420156205688085,1,18.0,0.0,4.5,0.0,0.0,modern_trade,BR-SE,human_followup,sales_visit,1
406.76573642699,9,27,0.5930614534615136,0.2737653787499894,0.25722422347068064,0,15.5,1.5,0.25,385.0,0.0,modern_trade,BR-SE,bundle,premium_bundle,1
358.751554248834,3,14,0.8912877623464713,0.32138065752841766,0.5099764470128747,2,9.0,0.0,0.25,310.0,0.0,traditional_trade,MX-NORTH,product_recommendation,promote_core_pack,1
434.5733739075868,4,29,0.810618395282652,0.5185894049695862,0.40603407575562656,3,7.5,2.5,0.2,295.0,0.05,digital,CO-ANDES,promotion,targeted_discount,1
264.0332063596177,2,8,0.39584364824150536,0.2413605449069412,0.4385113904569582,3,7.5,2.5,0.2,295.0,0.05,traditional_trade,MX-CENTRAL,promotion,targeted_discount,1
305.7880929581903,6,8,0.517790780267497,0.45654687257088483,0.5911657529169542,2,7.5,2.5,0.2,295.0,0.05,traditional_trade,MX-CENTRAL,promotion,targeted_discount,0
364.2740149227908,4,20,0.6879939492639556,0.3526837335634049,0.43072497775521845,3,9.0,0.0,0.25,310.0,0.0,digital,BR-SE,product_recommendation,promote_core_pack,1
448.97519887359,1,16,0.51614492195404,0.6129257635126798,0.28856874591908493,2,7.5,2.5,0.2,295.0,0.05,digital,MX-NORTH,promotion,targeted_discount,0
297.0560333861497,2,7,0.32287479953898385,0.6307149516115937,0.14312636831670497,1,18.0,0.0,4.5,0.0,0.0,digital,CO-ANDES,human_followup,sales_visit,0
477.6787594167744,4,10,0.5642838383207305,0.3358194426808016,0.2701525624354852,0,18.0,0.0,4.5,0.0,0.0,traditional_trade,MX-NORTH,human_followup,sales_visit,1
197.5169429072963,2,27,0.6429275542877295,0.4595109720204579,0.33235205642925636,1,9.0,0.0,0.25,310.0,0.0,modern_trade,BR-SE,product_recommendation,promote_core_pack,0
260.73319630825273,6,22,0.525410525649426,0.095233211982853,0.4978682574373822,3,18.0,0.0,4.5,0.0,0.0,modern_trade,CO-ANDES,human_followup,sales_visit,0
323.2680018493712,6,30,0.2518701910383955,0.2095873244636462,0.7142675434553478,2,7.5,2.5,0.2,295.0,0.05,digital,BR-SE,promotion,targeted_discount,1
275.27312122881534,6,24,0.672688855353156,0.4774772602620676,0.6018889838325006,2,9.0,0.0,0.25,310.0,0.0,digital,BR-SE,product_recommendation,promote_core_pack,1
365.05946926473325,6,29,0.2771059435988101,0.6364772794820495,0.3158387864980363,1,18.0,0.0,4.5,0.0,0.0,traditional_trade,CO-ANDES,human_followup,sales_visit,0
378.81550801175007,0,1,0.328270994740799,0.42013953099854945,0.49122077829394484,2,7.5,2.5,0.2,295.0,0.05,traditional_trade,CO-ANDES,promotion,targeted_discount,0
423.67208954103376,2,24,0.6321006085622543,0.5724838241463819,0.09995769609316466,0,7.5,2.5,0.2,295.0,0.05,modern_trade,CO-ANDES,promotion,targeted_discount,1
313.2261161153616,2,9,0.8889065530545291,0.7400324999489454,0.30794012168414864,2,7.5,2.5,0.2,295.0,0.05,modern_trade,MX-NORTH,promotion,targeted_discount,1
262.06858290324624,5,17,0.7200263248065677,0.3116003797217917,0.19057352868964486,1,18.0,0.0,4.5,0.0,0.0,modern_trade,BR-SE,human_followup,sales_visit,0
278.3091270747235,4,14,0.9243780960551914,0.8517816015370823,0.7172579853582219,3,15.5,1.5,0.25,385.0,0.0,digital,BR-SE,bundle,premium_bundle,0
301.15406843846813,5,3,0.6293045420285425,0.17553172991281502,0.42403133672536975,3,9.0,0.0,0.25,310.0,0.0,digital,CO-ANDES,product_recommendation,promote_core_pack,0
332.9241118287626,3,27,0.7509481459760673,0.5224731522271919,0.7888931246418359,3,9.0,0.0,0.25,310.0,0.0,traditional_trade,CO-ANDES,product_recommendation,promote_core_pack,1
235.3074250738748,5,11,0.8352908024154221,0.5348337529486041,0.08395757718978458,1,7.5,2.5,0.2,295.0,0.05,modern_trade,CO-ANDES,promotion,targeted_discount,1
259.7784942338115,4,17,0.5732923748845822,0.43343406475564905,0.11402241728906866,1,15.5,1.5,0.25,385.0,0.0,modern_trade,MX-CENTRAL,bundle,premium_bundle,1
279.7341925480438,8,14,0.855166000475843,0.4578952030338478,0.2541188328072206,1,15.5,1.5,0.25,385.0,0.0,digital,BR-SE,bundle,premium_bundle,0
395.1353468866684,5,5,0.6760290151946752,0.48856518330922927,0.16010463625843735,2,7.5,2.5,0.2,295.0,0.05,traditional_trade,CO-ANDES,promotion,targeted_discount,0
297.5409301039498,0,6,0.7172551096462173,0.24738129325615796,0.4732822002486981,1,7.5,2.5,0.2,295.0,0.05,modern_trade,MX-NORTH,promotion,targeted_discount,1
373.31124171515796,5,10,0.7436502742987018,0.509654253591939,0.147518824476381,3,18.0,0.0,4.5,0.0,0.0,modern_trade,MX-NORTH,human_followup,sales_visit,1
413.75108913003567,3,9,0.7844601766005878,0.5880999328749865,0.25434800570783983,0,9.0,0.0,0.25,310.0,0.0,traditional_trade,MX-CENTRAL,product_recommendation,promote_core_pack,1
215.57471966938803,5,19,0.6100864032952864,0.371269553455694,0.8283327512018946,3,15.5,1.5,0.25,385.0,0.0,digital,CO-ANDES,bundle,premium_bundle,0
502.38280299141195,12,3,0.7570424504988041,0.42805598607534806,0.3102829612764172,3,7.5,2.5,0.2,295.0,0.05,traditional_trade,CO-ANDES,promotion,targeted_discount,0
350.3356732037783,3,6,0.571448165250449,0.7420312313661058,0.6225570552412445,2,18.0,0.0,4.5,0.0,0.0,modern_trade,MX-CENTRAL,human_followup,sales_visit,0
339.24962805587717,3,6,0.5492559470907151,0.34333575776654046,0.24538063279287528,3,18.0,0.0,4.5,0.0,0.0,traditional_trade,MX-CENTRAL,human_followup,sales_visit,0
318.8398845235745,5,24,0.4048598108893402,0.4335944915491068,0.30354450748364126,1,9.0,0.0,0.25,310.0,0.0,digital,BR-SE,product_recommendation,promote_core_pack,0
257.3986638698365,5,11,0.7058346468389529,0.07071782098443506,0.40320160379639736,1,18.0,0.0,4.5,0.0,0.0,modern_trade,MX-NORTH,human_followup,sales_visit,0
358.781901767608,6,8,0.851453243037482,0.7853468687405386,0.5237854132699775,1,15.5,1.5,0.25,385.0,0.0,traditional_trade,MX-NORTH,bundle,premium_bundle,0
382.4210366010314,7,18,0.8522721668449151,0.7145294491086112,0.2910618209042552,0,9.0,0.0,0.25,310.0,0.0,digital,CO-ANDES,product_recommendation,promote_core_pack,1
250.5323498637465,3,0,0.9561006655555085,0.2822053019284998,0.4777112684580782,0,18.0,0.0,4.5,0.0,0.0,digital,CO-ANDES,human_followup,sales_visit,0
357.55653711837294,3,2,0.613568742335883,0.4316345356834618,0.716688352397595,2,18.0,0.0,4.5,0.0,0.0,modern_trade,CO-ANDES,human_followup,sales_visit,1
311.277881703601,4,1,0.5903120202823017,0.6092304546751416,0.29328736136453026,0,7.5,2.5,0.2,295.0,0.05,digital,CO-ANDES,promotion,targeted_discount,1
399.90648639103927,3,4,0.7827765103937417,0.5487295428190072,0.6550634828431795,2,15.5,1.5,0.25,385.0,0.0,modern_trade,MX-NORTH,bundle,premium_bundle,0
367.51544896805103,2,21,0.7223216815167859,0.30872662372603393,0.31052323688302097,1,9.0,0.0,0.25,310.0,0.0,digital,CO-ANDES,product_recommendation,promote_core_pack,0
462.68783191492207,5,20,0.6560012651396446,0.6319561766480657,0.5096078185187842,3,18.0,0.0,4.5,0.0,0.0,traditional_trade,BR-SE,human_followup,sales_visit,1
226.6966227446431,3,8,0.5449439470798103,0.048115559159800925,0.457115673126009,3,7.5,2.5,0.2,295.0,0.05,modern_trade,BR-SE,promotion,targeted_discount,0
314.1826581668781,8,16,0.794719195051857,0.5221149861303133,0.46960011519231487,2,15.5,1.5,0.25,385.0,0.0,digital,MX-NORTH,bundle,premium_bundle,1
263.36205084057264,2,13,0.9162066531891825,0.2635268272492448,0.463387053611818,1,15.5,1.5,0.25,385.0,0.0,digital,MX-NORTH,bundle,premium_bundle,1
398.46636600311285,6,2,0.4453559335689407,0.24451470691339944,0.43975895807575927,2,7.5,2.5,0.2,295.0,0.05,traditional_trade,CO-ANDES,promotion,targeted_discount,1
192.01882657634982,3,3,0.28405966460080684,0.6179256121564738,0.2446483766315389,0,7.5,2.5,0.2,295.0,0.05,digital,BR-SE,promotion,targeted_discount,0
342.84407061298606,7,7,0.5545345886019406,0.06952876892949929,0.1845055284075898,2,15.5,1.5,0.25,385.0,0.0,modern_trade,CO-ANDES,bundle,premium_bundle,0
295.04199038858565,6,15,0.6054906256924267,0.19451324545644863,0.729519619749482,2,15.5,1.5,0.25,385.0,0.0,digital,MX-CENTRAL,bundle,premium_bundle,0
429.5282377538643,0,17,0.44275405871115336,0.4174281283442912,0.8759850977492404,2,15.5,1.5,0.25,385.0,0.0,digital,BR-SE,bundle,premium_bundle,0
407.02946692338054,9,5,0.5782002950503353,0.33600850903713186,0.6165207727944162,0,18.0,0.0,4.5,0.0,0.0,modern_trade,CO-ANDES,human_followup,sales_visit,1
287.8913596293972,9,23,0.6434892426295044,0.2713589638348183,0.1872849718182137,1,9.0,0.0,0.25,310.0,0.0,digital,BR-SE,product_recommendation,promote_core_pack,1
397.39199297369487,1,15,0.8608513423194405,0.1365271161290958,0.41238889997513134,1,15.5,1.5,0.25,385.0,0.0,modern_trade,MX-CENTRAL,bundle,premium_bundle,1
398.6535058749867,3,9,0.893039186341855,0.35520630366703915,0.42556715298062486,0,15.5,1.5,0.25,385.0,0.0,traditional_trade,MX-CENTRAL,bundle,premium_bundle,0
528.3689183358147,5,7,0.9236203167775274,0.4814225896558004,0.6340180897612115,0,7.5,2.5,0.2,295.0,0.05,modern_trade,MX-CENTRAL,promotion,targeted_discount,1
288.13432740011353,10,20,0.2791042484275062,0.5148971233608487,0.8228584125891704,3,18.0,0.0,4.5,0.0,0.0,digital,MX-NORTH,human_followup,sales_visit,0
424.43885391076793,5,10,0.6234601719144547,0.5840107584640065,0.20515953087876854,2,18.0,0.0,4.5,0.0,0.0,traditional_trade,BR-SE,human_followup,sales_visit,1
286.8291036241817,8,22,0.7170631611888322,0.45818351938302554,0.11480072317253848,1,9.0,0.0,0.25,310.0,0.0,digital,MX-CENTRAL,product_recommendation,promote_core_pack,0
421.53136721473015,2,22,0.8011536229266167,0.34045847363863607,0.4424482895137343,0,9.0,0.0,0.25,310.0,0.0,modern_trade,BR-SE,product_recommendation,promote_core_pack,1
268.94421758586725,5,25,0.5844539883406741,0.4664263112991849,0.1353423398940222,3,7.5,2.5,0.2,295.0,0.05,digital,MX-NORTH,promotion,targeted_discount,0
362.62141265297913,7,0,0.3293442820484226,0.24364495662249433,0.5422814958889728,0,7.5,2.5,0.2,295.0,0.05,digital,CO-ANDES,promotion,targeted_discount,0
297.16630964206905,5,25,0.6633381479266081,0.6069854348234903,0.5194381138122363,3,15.5,1.5,0.25,385.0,0.0,traditional_trade,CO-ANDES,bundle,premium_bundle,0
250.0056121820524,2,2,0.7663426443129746,0.4852866665888472,0.0994919823022073,2,15.5,1.5,0.25,385.0,0.0,digital,BR-SE,bundle,premium_bundle,1
480.1579496013759,5,11,0.429939213835858,0.2238806821624402,0.8014515905203642,0,18.0,0.0,4.5,0.0,0.0,digital,CO-ANDES,human_followup,sales_visit,1
273.41266229811043,8,4,0.9231561834282044,0.59389071429695,0.6190705913630377,2,9.0,0.0,0.25,310.0,0.0,digital,MX-NORTH,product_recommendation,promote_core_pack,0
431.2015755261442,6,1,0.6456813806653593,0.6673931129181251,0.3659606210882727,1,15.5,1.5,0.25,385.0,0.0,modern_trade,MX-CENTRAL,bundle,premium_bundle,1
526.2063418992855,5,21,0.6423658104682087,0.5687161736354083,0.44786836065687896,3,15.5,1.5,0.25,385.0,0.0,digital,MX-CENTRAL,bundle,premium_bundle,0
465.7352620982268,2,27,0.6676919195277424,0.34091483879854345,0.36030488716760023,1,7.5,2.5,0.2,295.0,0.05,traditional_trade,MX-NORTH,promotion,targeted_discount,0
340.98496328557803,6,23,0.7153291777501221,0.27635642458435355,0.22357134279111895,3,18.0,0.0,4.5,0.0,0.0,traditional_trade,BR-SE,human_followup,sales_visit,1
253.4658315199593,8,16,0.6035094459216124,0.7412120942416744,0.18332417078080715,2,15.5,1.5,0.25,385.0,0.0,digital,CO-ANDES,bundle,premium_bundle,1
275.70534805061646,4,10,0.7269273299222355,0.8354545877039898,0.2597438051602871,3,9.0,0.0,0.25,310.0,0.0,digital,MX-NORTH,product_recommendation,promote_core_pack,0
389.1752599253106,6,14,0.7662139636300539,0.24460291158214634,0.4547277007422254,0,18.0,0.0,4.5,0.0,0.0,modern_trade,MX-CENTRAL,human_followup,sales_visit,1
328.7995929648606,2,9,0.6457634748578076,0.5811371738459234,0.5266207663505571,1,18.0,0.0,4.5,0.0,0.0,modern_trade,CO-ANDES,human_followup,sales_visit,1
353.02615405604183,7,29,0.6453683813226211,0.1565965840287934,0.6927658268053934,3,9.0,0.0,0.25,310.0,0.0,digital,MX-CENTRAL,product_recommendation,promote_core_pack,0
271.0769425651046,5,22,0.695561272422927,0.37603023350671105,0.2968448864304287,0,7.5,2.5,0.2,295.0,0.05,modern_trade,BR-SE,promotion,targeted_discount,1
403.224705408227,7,4,0.758909633436201,0.68262025034954,0.5756405509209733,3,18.0,0.0,4.5,0.0,0.0,digital,MX-NORTH,human_followup,sales_visit,1
282.67137224327814,7,30,0.6348948726299711,0.709295552759447,0.3955484015142374,3,7.5,2.5,0.2,295.0,0.05,modern_trade,MX-NORTH,promotion,targeted_discount,0
252.2812788162086,7,16,0.9664008255942912,0.18390468283668138,0.3365476744387755,1,18.0,0.0,4.5,0.0,0.0,modern_trade,MX-CENTRAL,human_followup,sales_visit,1
296.17673148201914,3,6,0.6037453924132361,0.5032677722990178,0.32303426417011877,1,7.5,2.5,0.2,295.0,0.05,digital,MX-NORTH,promotion,targeted_discount,1
431.63237445220864,6,27,0.9269916532631445,0.5806667887849691,0.1168147153296794,2,18.0,0.0,4.5,0.0,0.0,digital,BR-SE,human_followup,sales_visit,0
234.74321718758682,1,16,0.6740870616298501,0.3809829933227622,0.17418656931404888,3,15.5,1.5,0.25,385.0,0.0,traditional_trade,MX-CENTRAL,bundle,premium_bundle,0
436.2643980295993,3,19,0.795063959243766,0.3119634013887979,0.05039705598481317,2,9.0,0.0,0.25,310.0,0.0,modern_trade,MX-NORTH,product_recommendation,promote_core_pack,1
266.807069521848,6,11,0.18442138958936397,0.8426381139723057,0.43926000552463956,3,9.0,0.0,0.25,310.0,0.0,traditional_trade,CO-ANDES,product_recommendation,promote_core_pack,1
378.65355837036054,5,8,0.5980122911838994,0.35761133006065343,0.3726505300259198,1,18.0,0.0,4.5,0.0,0.0,traditional_trade,CO-ANDES,human_followup,sales_visit,0
295.1967227135359,7,8,0.5749794941451032,0.08521929133746463,0.33317644197792695,0,18.0,0.0,4.5,0.0,0.0,modern_trade,CO-ANDES,human_followup,sales_visit,1
348.59323731648675,2,14,0.7411898824035607,0.7278628238803093,0.4713822861689811,0,18.0,0.0,4.5,0.0,0.0,modern_trade,BR-SE,human_followup,sales_visit,1
360.211321744884,4,15,0.506753694280676,0.5244513199329397,0.5185923108711227,0,18.0,0.0,4.5,0.0,0.0,modern_trade,BR-SE,human_followup,sales_visit,1
374.85720465567204,3,4,0.5547724282966555,0.6827409655508562,0.5070434222496404,2,15.5,1.5,0.25,385.0,0.0,modern_trade,BR-SE,bundle,premium_bundle,1
350.50114547588623,6,20,0.7516240152203214,0.6563590835259577,0.5224657004478319,3,9.0,0.0,0.25,310.0,0.0,traditional_trade,MX-NORTH,product_recommendation,promote_core_pack,0
247.25130657239072,4,26,0.6175909092479727,0.4364705309493307,0.5509132957091213,2,9.0,0.0,0.25,310.0,0.0,traditional_trade,BR-SE,product_recommendation,promote_core_pack,1
247.8418413358325,9,0,0.8705494854725857,0.487047637957671,0.22645506274237145,0,15.5,1.5,0.25,385.0,0.0,digital,MX-NORTH,bundle,premium_bundle,1
455.8844865184235,5,29,0.6108953304966971,0.41592579000536606,0.2365639584796447,3,18.0,0.0,4.5,0.0,0.0,traditional_trade,MX-NORTH,human_followup,sales_visit,1
258.68013859829125,6,9,0.727629298519023,0.3603136197692243,0.5338353460607485,3,15.5,1.5,0.25,385.0,0.0,traditional_trade,MX-NORTH,bundle,premium_bundle,1
289.79213412251306,10,28,0.8329402347722386,0.46509157465334305,0.642660586108065,2,15.5,1.5,0.25,385.0,0.0,traditional_trade,CO-ANDES,bundle,premium_bundle,1
261.7858212785077,6,28,0.8903612807678181,0.07334706585996831,0.4372302794885948,3,18.0,0.0,4.5,0.0,0.0,digital,MX-CENTRAL,human_followup,sales_visit,0
276.7293916624457,6,21,0.6529283040049785,0.6309369923299915,0.5733530682367306,2,9.0,0.0,0.25,310.0,0.0,digital,MX-CENTRAL,product_recommendation,promote_core_pack,0
211.46301437612044,4,27,0.6834651547844782,0.318762226333786,0.5697484061174195,1,18.0,0.0,4.5,0.0,0.0,traditional_trade,MX-NORTH,human_followup,sales_visit,1
250.06215622392764,3,7,0.35403747199672664,0.5730986791338766,0.45624415847612415,3,18.0,0.0,4.5,0.0,0.0,digital,CO-ANDES,human_followup,sales_visit,0
428.22550043476656,5,22,0.39646155236907693,0.3106791947357472,0.33915806637675266,0,15.5,1.5,0.25,385.0,0.0,digital,CO-ANDES,bundle,premium_bundle,0
324.7724136113715,4,6,0.6219689763572193,0.6647484603056152,0.35743178815418564,1,18.0,0.0,4.5,0.0,0.0,modern_trade,CO-ANDES,human_followup,sales_visit,0
482.838481691111,4,3,0.6465976124274712,0.5635654693627383,0.24793949695459777,1,15.5,1.5,0.25,385.0,0.0,digital,MX-CENTRAL,bundle,premium_bundle,0
298.61332597413775,1,8,0.7555566905139318,0.175398725008578,0.7428138724060277,0,15.5,1.5,0.25,385.0,0.0,digital,MX-NORTH,bundle,premium_bundle,0
256.02265148488,7,27,0.6150725136430814,0.31914021442427265,0.21267992946559489,3,9.0,0.0,0.25,310.0,0.0,modern_trade,MX-CENTRAL,product_recommendation,promote_core_pack,0
275.54776227777774,3,5,0.4933156379244525,0.8056270494771554,0.2418348384591103,3,9.0,0.0,0.25,310.0,0.0,traditional_trade,MX-CENTRAL,product_recommendation,promote_core_pack,0
92.47490697273054,3,15,0.4776493769353498,0.47817989868645866,0.4569565634579374,2,9.0,0.0,0.25,310.0,0.0,traditional_trade,BR-SE,product_recommendation,promote_core_pack,1
365.2321959729805,3,6,0.683739979597259,0.43235855734737483,0.037899437227835564,2,15.5,1.5,0.25,385.0,0.0,digital,MX-NORTH,bundle,premium_bundle,1
312.34957892986574,2,6,0.5861944765665753,0.42964244956758646,0.6348923221231931,1,15.5,1.5,0.25,385.0,0.0,modern_trade,MX-CENTRAL,bundle,premium_bundle,1
313.55707547306855,7,5,0.8057470297122821,0.3198749950771801,0.3151538938785926,1,18.0,0.0,4.5,0.0,0.0,traditional_trade,MX-NORTH,human_followup,sales_visit,1
364.7339069589991,1,6,0.8093890203342758,0.5757197537303691,0.2220782455970378,2,18.0,0.0,4.5,0.0,0.0,modern_trade,MX-NORTH,human_followup,sales_visit,0
322.99468158015827,7,0,0.6914253447012799,0.24821059732128575,0.5253531575149953,1,18.0,0.0,4.5,0.0,0.0,modern_trade,MX-NORTH,human_followup,sales_visit,1
383.8994703209037,12,15,0.8782558955093052,0.42240450950081504,0.7768748303739288,3,9.0,0.0,0.25,310.0,0.0,traditional_trade,BR-SE,product_recommendation,promote_core_pack,1
208.29470849672566,6,12,0.5449127881278114,0.3043731324522478,0.6248916366532803,0,18.0,0.0,4.5,0.0,0.0,digital,MX-CENTRAL,human_followup,sales_visit,0
272.04675516759846,5,22,0.8238704602848668,0.3955388342819472,0.5113934996920538,3,15.5,1.5,0.25,385.0,0.0,digital,CO-ANDES,bundle,premium_bundle,0
351.35806740026436,2,12,0.8881047767968243,0.5951585190494221,0.6437148472270127,0,18.0,0.0,4.5,0.0,0.0,traditional_trade,MX-CENTRAL,human_followup,sales_visit,1
222.45438258637088,6,9,0.8312699301032408,0.6458338649060337,0.12099913185806511,0,7.5,2.5,0.2,295.0,0.05,modern_trade,MX-NORTH,promotion,targeted_discount,1
306.96637890594496,6,5,0.8246028773176736,0.40114702738850105,0.808744998116214,0,18.0,0.0,4.5,0.0,0.0,traditional_trade,BR-SE,human_followup,sales_visit,1
360.9827955208333,3,29,0.889964109167129,0.5446699240370603,0.6722011731670242,0,9.0,0.0,0.25,310.0,0.0,traditional_trade,BR-SE,product_recommendation,promote_core_pack,1
234.28527499087085,3,14,0.628303208051697,0.41148562054527194,0.4471967904447609,0,7.5,2.5,0.2,295.0,0.05,digital,CO-ANDES,promotion,targeted_discount,1
317.5243511328661,4,15,0.954598912013777,0.24981786366312486,0.45451906264106395,1,18.0,0.0,4.5,0.0,0.0,digital,MX-CENTRAL,human_followup,sales_visit,1
373.74155350231706,2,20,0.8259456820635722,0.6474340796219055,0.6906647002496458,2,7.5,2.5,0.2,295.0,0.05,traditional_trade,MX-CENTRAL,promotion,targeted_discount,1
290.801641324924,5,14,0.7611183648457521,0.5582431252731801,0.665366649038917,3,9.0,0.0,0.25,310.0,0.0,traditional_trade,BR-SE,product_recommendation,promote_core_pack,0
240.45071742704232,3,18,0.7870091555045831,0.31832814279090543,0.2554082211791388,3,7.5,2.5,0.2,295.0,0.05,modern_trade,CO-ANDES,promotion,targeted_discount,0
183.39355936753824,10,24,0.8042454295182675,0.6534717710569913,0.2090627742809439,1,15.5,1.5,0.25,385.0,0.0,modern_trade,BR-SE,bundle,premium_bundle,1
353.00624088756734,5,6,0.6588897589027904,0.8268064790137771,0.2942957647639109,3,15.5,1.5,0.25,385.0,0.0,traditional_trade,MX-CENTRAL,bundle,premium_bundle,1
233.2003300255692,6,16,0.6402317029049744,0.3007036485888046,0.4537529093266761,2,9.0,0.0,0.25,310.0,0.0,digital,MX-NORTH,product_recommendation,promote_core_pack,0
274.5429521096987,7,20,0.8057708764218277,0.3490140482894603,0.5692060940766414,1,9.0,0.0,0.25,310.0,0.0,digital,BR-SE,product_recommendation,promote_core_pack,0
411.92610223807054,9,13,0.8508408924365614,0.3982179596491197,0.43609462196598436,2,7.5,2.5,0.2,295.0,0.05,traditional_trade,BR-SE,promotion,targeted_discount,1
420.9249105454234,2,20,0.4817744546735292,0.34186087216042266,0.5080838472330991,2,15.5,1.5,0.25,385.0,0.0,traditional_trade,MX-NORTH,bundle,premium_bundle,0
310.5252318967971,3,20,0.7937540012015345,0.258832176359791,0.34129106517670477,1,15.5,1.5,0.25,385.0,0.0,modern_trade,BR-SE,bundle,premium_bundle,0
257.3955648988149,8,30,0.4616431902638778,0.46194447989478044,0.4382975126925934,0,9.0,0.0,0.25,310.0,0.0,modern_trade,MX-CENTRAL,product_recommendation,promote_core_pack,0
377.21453385751335,6,17,0.7460986604902516,0.33257404215943853,0.39076533256847623,0,9.0,0.0,0.25,310.0,0.0,digital,MX-NORTH,product_recommendation,promote_core_pack,1
175.95029276743844,3,13,0.8399639702511226,0.10815800377323798,0.22971303116613562,2,18.0,0.0,4.5,0.0,0.0,modern_trade,BR-SE,human_followup,sales_visit,1
231.29387974721186,4,7,0.5889063362084711,0.2931310499915556,0.6604783781738729,2,18.0,0.0,4.5,0.0,0.0,traditional_trade,MX-NORTH,human_followup,sales_visit,1
274.4749086185524,6,22,0.400938889968663,0.612179319796923,0.23015009602313755,3,15.5,1.5,0.25,385.0,0.0,digital,CO-ANDES,bundle,premium_bundle,0
294.72313185020465,4,16,0.6403405462393961,0.5859485128931425,0.31785922129909167,0,7.5,2.5,0.2,295.0,0.05,traditional_trade,BR-SE,promotion,targeted_discount,1
339.78877505791957,4,21,0.26461695640253624,0.6619522982505992,0.08143819029932486,1,15.5,1.5,0.25,385.0,0.0,digital,CO-ANDES,bundle,premium_bundle,0
298.64425950100343,5,6,0.907102078916311,0.7233567065814968,0.2734464127237838,3,18.0,0.0,4.5,0.0,0.0,modern_trade,BR-SE,human_followup,sales_visit,0
200.97884190159044,6,2,0.5345474639203905,0.714887280024901,0.24088470824545058,1,15.5,1.5,0.25,385.0,0.0,modern_trade,CO-ANDES,bundle,premium_bundle,0
359.4737167746281,6,20,0.8732343346448288,0.31770707665870124,0.7664323230600611,1,15.5,1.5,0.25,385.0,0.0,traditional_trade,MX-NORTH,bundle,premium_bundle,0
335.49847001264123,4,2,0.9312461120404625,0.7194127662785956,0.585499477974754,3,15.5,1.5,0.25,385.0,0.0,traditional_trade,MX-CENTRAL,bundle,premium_bundle,0
235.48022285792175,10,24,0.4430166383323144,0.40801312573155346,0.4872147563211947,0,15.5,1.5,0.25,385.0,0.0,modern_trade,CO-ANDES,bundle,premium_bundle,0
351.34831564994994,5,30,0.5672730974714367,0.5683628956055646,0.6223099565814887,3,15.5,1.5,0.25,385.0,0.0,digital,BR-SE,bundle,premium_bundle,0
463.32867452460346,5,14,0.8777072899652016,0.1882697808631159,0.4462952148190827,2,15.5,1.5,0.25,385.0,0.0,modern_trade,MX-NORTH,bundle,premium_bundle,1
408.62414114685924,4,28,0.618730039462869,0.4381307390137068,0.5830202762571396,0,18.0,0.0,4.5,0.0,0.0,digital,CO-ANDES,human_followup,sales_visit,1
283.093967777826,6,30,0.8218747600895671,0.6645584835477162,0.26887318772340413,3,7.5,2.5,0.2,295.0,0.05,traditional_trade,BR-SE,promotion,targeted_discount,0
330.70046350705366,7,30,0.36541555364823064,0.2687443536359476,0.5332756605033564,0,9.0,0.0,0.25,310.0,0.0,traditional_trade,MX-CENTRAL,product_recommendation,promote_core_pack,1
310.53649797169925,2,6,0.6362662414312049,0.41689079391522005,0.582364502809701,3,7.5,2.5,0.2,295.0,0.05,traditional_trade,MX-CENTRAL,promotion,targeted_discount,0
287.4650816697273,4,23,0.64191217084788,0.3914859281725068,0.4291249158051359,1,15.5,1.5,0.25,385.0,0.0,digital,MX-NORTH,bundle,premium_bundle,0
431.4796259839235,10,20,0.8946116272795404,0.4999911993336967,0.39445681706142727,1,15.5,1.5,0.25,385.0,0.0,digital,MX-CENTRAL,bundle,premium_bundle,1
300.39136796734533,5,25,0.4783428750470482,0.7726632401064464,0.9058956470277251,1,9.0,0.0,0.25,310.0,0.0,digital,CO-ANDES,product_recommendation,promote_core_pack,0
467.67327925557987,5,24,0.7654625434290575,0.44785158163601285,0.348284949300515,2,15.5,1.5,0.25,385.0,0.0,modern_trade,CO-ANDES,bundle,premium_bundle,0
385.00228284380154,3,21,0.752102777393431,0.4488489994833906,0.869666771224237,1,9.0,0.0,0.25,310.0,0.0,modern_trade,CO-ANDES,product_recommendation,promote_core_pack,0
357.6644560078727,7,21,0.41879026773923406,0.45316196199776276,0.3707139820799266,1,18.0,0.0,4.5,0.0,0.0,modern_trade,BR-SE,human_followup,sales_visit,0
326.92088116601326,2,30,0.871190167861318,0.7400807707241611,0.6662479456232576,0,15.5,1.5,0.25,385.0,0.0,modern_trade,MX-NORTH,bundle,premium_bundle,1
294.17961462122264,4,13,0.8806942251513771,0.4272043608165227,0.19442989020423618,1,7.5,2.5,0.2,295.0,0.05,traditional_trade,BR-SE,promotion,targeted_discount,1
299.0172200110465,7,20,0.3588584325139637,0.4923660935068401,0.3963974895791952,1,9.0,0.0,0.25,310.0,0.0,digital,CO-ANDES,product_recommendation,promote_core_pack,0
515.477972442122,7,11,0.49172832969156177,0.6450747618437173,0.5598585527015423,1,15.5,1.5,0.25,385.0,0.0,modern_trade,BR-SE,bundle,premium_bundle,1
325.3616637329858,7,7,0.42988483167876274,0.3263635639274094,0.4785567753691653,1,7.5,2.5,0.2,295.0,0.05,modern_trade,CO-ANDES,promotion,targeted_discount,1
330.84143429763486,2,7,0.7043019437269925,0.6275885148159407,0.78681208532867,3,18.0,0.0,4.5,0.0,0.0,digital,MX-NORTH,human_followup,sales_visit,0
421.19484687824144,5,9,0.7444414712777658,0.38206831057132246,0.18815933079644218,1,7.5,2.5,0.2,295.0,0.05,modern_trade,MX-CENTRAL,promotion,targeted_discount,0
351.99019548198237,10,19,0.4111473708306681,0.23677571791590327,0.21050139822276637,3,7.5,2.5,0.2,295.0,0.05,traditional_trade,MX-NORTH,promotion,targeted_discount,1
361.2342087670575,8,6,0.6772626299933943,0.30440792073344747,0.026818879354724195,0,7.5,2.5,0.2,295.0,0.05,digital,BR-SE,promotion,targeted_discount,1
228.92060988958644,9,8,0.7947592979043671,0.25639520268430716,0.5094916915614723,0,7.5,2.5,0.2,295.0,0.05,traditional_trade,MX-CENTRAL,promotion,targeted_discount,1
198.44769459868354,5,13,0.3306626070271039,0.32184370792323186,0.3203778478935888,2,7.5,2.5,0.2,295.0,0.05,modern_trade,MX-NORTH,promotion,targeted_discount,0
319.47353098155617,3,26,0.38634482627129396,0.4960705161738359,0.4154880431352403,3,9.0,0.0,0.25,310.0,0.0,traditional_trade,CO-ANDES,product_recommendation,promote_core_pack,1
474.69147716971736,9,25,0.6534882818874798,0.2410382868383037,0.46399087563171015,3,18.0,0.0,4.5,0.0,0.0,traditional_trade,CO-ANDES,human_followup,sales_visit,0
209.01281981118055,7,9,0.7721857580857275,0.1277173401457098,0.37258915411421395,3,15.5,1.5,0.25,385.0,0.0,traditional_trade,MX-CENTRAL,bundle,premium_bundle,1
334.6991982972972,3,5,0.7226755841517609,0.23213633246066334,0.37920357029662854,0,15.5,1.5,0.25,385.0,0.0,modern_trade,CO-ANDES,bundle,premium_bundle,1
315.48916699157115,4,19,0.7964782036551277,0.3395438283572951,0.6002620659523364,1,9.0,0.0,0.25,310.0,0.0,modern_trade,BR-SE,product_recommendation,promote_core_pack,0
352.5944415223445,6,30,0.8076685830907067,0.6226639387510774,0.49378446568000006,3,18.0,0.0,4.5,0.0,0.0,digital,MX-NORTH,human_followup,sales_visit,1
306.42588542707733,2,21,0.8678666302850894,0.1590258837708551,0.41017657741078556,0,9.0,0.0,0.25,310.0,0.0,digital,MX-CENTRAL,product_recommendation,promote_core_pack,0
352.7113013378729,2,12,0.877375182395849,0.28171795164886226,0.44700876846692805,0,18.0,0.0,4.5,0.0,0.0,digital,MX-CENTRAL,human_followup,sales_visit,0
336.5393813950635,4,0,0.718217921856644,0.6879128476724168,0.18167526766563769,1,18.0,0.0,4.5,0.0,0.0,digital,CO-ANDES,human_followup,sales_visit,1
378.1286127126688,2,10,0.9276122394382507,0.7351841995952998,0.16497162724809597,2,15.5,1.5,0.25,385.0,0.0,modern_trade,CO-ANDES,bundle,premium_bundle,0
314.6086967739461,3,19,0.8738662831371177,0.5592215494348619,0.23573661610869698,1,7.5,2.5,0.2,295.0,0.05,traditional_trade,BR-SE,promotion,targeted_discount,1
284.6331969486079,4,8,0.8543217597316404,0.41552091346404796,0.829684195880005,1,15.5,1.5,0.25,385.0,0.0,digital,MX-NORTH,bundle,premium_bundle,1
430.0083519350292,6,1,0.6865224806531303,0.7042247463933027,0.09536628018516549,0,7.5,2.5,0.2,295.0,0.05,traditional_trade,CO-ANDES,promotion,targeted_discount,1
240.33616643477671,5,7,0.7327076092771806,0.7545716894456383,0.3696554940268996,3,9.0,0.0,0.25,310.0,0.0,modern_trade,MX-NORTH,product_recommendation,promote_core_pack,1
345.75175817161136,8,18,0.6012678388170642,0.5388066233895699,0.5195365363692532,2,7.5,2.5,0.2,295.0,0.05,digital,CO-ANDES,promotion,targeted_discount,1
323.75689914334606,8,28,0.698877876247326,0.27149816672159527,0.5035481397890085,1,18.0,0.0,4.5,0.0,0.0,traditional_trade,BR-SE,human_followup,sales_visit,1
356.96644783071935,3,10,0.6508596419706261,0.3114024593651013,0.4606701503227683,0,18.0,0.0,4.5,0.0,0.0,digital,MX-CENTRAL,human_followup,sales_visit,1
195.7425402768737,2,27,0.8651161934882278,0.24051188526510875,0.7695975567158997,3,9.0,0.0,0.25,310.0,0.0,traditional_trade,MX-CENTRAL,product_recommendation,promote_core_pack,0
147.3552839921558,3,3,0.5280275031720134,0.09283917160680573,0.1424290024224318,3,7.5,2.5,0.2,295.0,0.05,modern_trade,MX-NORTH,promotion,targeted_discount,1
345.6422836651264,3,0,0.4302885774042306,0.5044123397770414,0.26071461343697416,1,7.5,2.5,0.2,295.0,0.05,modern_trade,CO-ANDES,promotion,targeted_discount,1
410.88608735688933,4,27,0.4736252607520225,0.7762069466605831,0.8668915757622259,0,9.0,0.0,0.25,310.0,0.0,traditional_trade,BR-SE,product_recommendation,promote_core_pack,0
288.4201750428983,3,5,0.5603844158951409,0.4587764426951045,0.36785126610851887,2,18.0,0.0,4.5,0.0,0.0,digital,MX-CENTRAL,human_followup,sales_visit,0
181.44626500571536,3,17,0.8286184427467097,0.34464501544403836,0.18698099301996032,3,9.0,0.0,0.25,310.0,0.0,traditional_trade,MX-NORTH,product_recommendation,promote_core_pack,0
336.55232051540287,5,12,0.6501078732452578,0.47642592457220234,0.5223622929839479,3,9.0,0.0,0.25,310.0,0.0,traditional_trade,MX-NORTH,product_recommendation,promote_core_pack,1
343.6944979926052,6,19,0.9140152632563644,0.8152473630698239,0.609138439431039,0,7.5,2.5,0.2,295.0,0.05,modern_trade,CO-ANDES,promotion,targeted_discount,1
257.01664060084374,3,23,0.6882496663548243,0.577257710232718,0.3471442167693303,3,9.0,0.0,0.25,310.0,0.0,digital,BR-SE,product_recommendation,promote_core_pack,0
256.4385567888198,7,14,0.72323329610739,0.3454888081990351,0.07070676073427963,3,15.5,1.5,0.25,385.0,0.0,digital,MX-NORTH,bundle,premium_bundle,0
239.16892798274537,7,19,0.5648045363426547,0.8271501380433904,0.5778871247830847,3,7.5,2.5,0.2,295.0,0.05,digital,BR-SE,promotion,targeted_discount,0
324.6401383814354,2,6,0.5853540908288102,0.26296419594828935,0.411173291240965,2,9.0,0.0,0.25,310.0,0.0,traditional_trade,MX-CENTRAL,product_recommendation,promote_core_pack,1
313.5145672405725,6,10,0.6705405374319081,0.7085954914611746,0.2664868992554111,2,18.0,0.0,4.5,0.0,0.0,traditional_trade,MX-NORTH,human_followup,sales_visit,1
302.1465151982822,3,20,0.257321966288969,0.457516953373889,0.3902816475324805,0,15.5,1.5,0.25,385.0,0.0,modern_trade,CO-ANDES,bundle,premium_bundle,1
325.55135573740665,4,11,0.301986206955337,0.2076352257227367,0.21002099691240922,1,7.5,2.5,0.2,295.0,0.05,digital,MX-CENTRAL,promotion,targeted_discount,0
177.5946944974655,7,24,0.9178549850915393,0.24084151184910216,0.5763032686290712,2,15.5,1.5,0.25,385.0,0.0,digital,BR-SE,bundle,premium_bundle,0
338.66594343074183,10,21,0.8853286138213419,0.4776566058666917,0.6974610831946528,0,18.0,0.0,4.5,0.0,0.0,modern_trade,MX-NORTH,human_followup,sales_visit,1
412.97904913452027,7,15,0.31810198616959584,0.641942082580015,0.2460615013713659,1,15.5,1.5,0.25,385.0,0.0,modern_trade,MX-NORTH,bundle,premium_bundle,0
336.2443679767012,5,8,0.5936862422213534,0.9087111281868135,0.21499717473478328,0,7.5,2.5,0.2,295.0,0.05,traditional_trade,CO-ANDES,promotion,targeted_discount,1
378.160553554821,6,22,0.3417664939783192,0.3750786863943095,0.5100820373737813,1,7.5,2.5,0.2,295.0,0.05,digital,BR-SE,promotion,targeted_discount,1
428.7286425706945,6,16,0.6427152422817629,0.27983104715195023,0.18603010864204228,0,18.0,0.0,4.5,0.0,0.0,traditional_trade,MX-CENTRAL,human_followup,sales_visit,1
371.0921379645597,5,4,0.8097450521204083,0.13141510090449107,0.09106487677887815,1,7.5,2.5,0.2,295.0,0.05,traditional_trade,MX-NORTH,promotion,targeted_discount,0
283.41665922581916,5,8,0.5522252407066818,0.6896925374380848,0.3678863185722526,3,18.0,0.0,4.5,0.0,0.0,modern_trade,BR-SE,human_followup,sales_visit,1
376.04462819020006,6,6,0.863643529653247,0.9258440316699443,0.5538449494442413,0,18.0,0.0,4.5,0.0,0.0,traditional_trade,MX-NORTH,human_followup,sales_visit,1
425.36480715670416,5,1,0.8483975665518508,0.3542184385289115,0.4738200085806437,3,7.5,2.5,0.2,295.0,0.05,digital,MX-NORTH,promotion,targeted_discount,0
209.68335150088149,3,30,0.8158945864732824,0.4162400068842653,0.712834506996372,3,7.5,2.5,0.2,295.0,0.05,modern_trade,MX-NORTH,promotion,targeted_discount,0
292.5067039873826,8,3,0.9269331173880451,0.6161188234886461,0.1749351477438493,1,9.0,0.0,0.25,310.0,0.0,traditional_trade,CO-ANDES,product_recommendation,promote_core_pack,0
282.5488338771556,5,21,0.7063126584302728,0.6154586451766692,0.3610890588204704,2,7.5,2.5,0.2,295.0,0.05,digital,MX-CENTRAL,promotion,targeted_discount,1
259.8342601745451,8,20,0.22769352076645244,0.5971314721511621,0.43033980077735673,0,18.0,0.0,4.5,0.0,0.0,traditional_trade,MX-CENTRAL,human_followup,sales_visit,0
261.22918496559925,4,20,0.8399032033326157,0.14612060515720787,0.8185751146615986,0,7.5,2.5,0.2,295.0,0.05,modern_trade,MX-NORTH,promotion,targeted_discount,0
244.87019496067145,5,30,0.8703411471348137,0.3653239818247803,0.09366850252018791,3,7.5,2.5,0.2,295.0,0.05,modern_trade,BR-SE,promotion,targeted_discount,1
371.3801765831636,6,22,0.24648122785959664,0.42889905276511076,0.2862243547960388,3,18.0,0.0,4.5,0.0,0.0,digital,MX-NORTH,human_followup,sales_visit,0
145.72510588272556,5,3,0.863829597359693,0.23495978473817183,0.30347984976753567,0,18.0,0.0,4.5,0.0,0.0,digital,CO-ANDES,human_followup,sales_visit,1
270.98955371901087,5,13,0.7468842308596214,0.221661634141156,0.6547656792743799,2,7.5,2.5,0.2,295.0,0.05,modern_trade,MX-CENTRAL,promotion,targeted_discount,0
266.15866454669714,4,15,0.8449546750606871,0.33388231522165857,0.27104834887242474,0,9.0,0.0,0.25,310.0,0.0,traditional_trade,CO-ANDES,product_recommendation,promote_core_pack,1
414.0699501110417,7,0,0.6391297927604559,0.42643967657339493,0.5590492263465565,1,7.5,2.5,0.2,295.0,0.05,traditional_trade,BR-SE,promotion,targeted_discount,1
390.52695189485155,7,22,0.9371788231467995,0.39118534801580956,0.22746928626262822,3,9.0,0.0,0.25,310.0,0.0,traditional_trade,MX-NORTH,product_recommendation,promote_core_pack,0
418.0741425302785,6,6,0.8477283954046504,0.49366118855408025,0.4206846070310866,3,9.0,0.0,0.25,310.0,0.0,traditional_trade,MX-NORTH,product_recommendation,promote_core_pack,0
413.14727328144744,8,12,0.7844487520226533,0.16209678650883103,0.35747748668612156,0,18.0,0.0,4.5,0.0,0.0,modern_trade,MX-NORTH,human_followup,sales_visit,1
142.74397862315575,6,2,0.7521830210073208,0.6203936324245882,0.3443990437034335,2,15.5,1.5,0.25,385.0,0.0,traditional_trade,MX-NORTH,bundle,premium_bundle,0
326.1484976679024,5,20,0.5827026497318921,0.49550333882887065,0.25897736729639576,3,9.0,0.0,0.25,310.0,0.0,digital,BR-SE,product_recommendation,promote_core_pack,0
430.00482027276144,5,6,0.8193034790194944,0.6500580666210818,0.3594991710362181,0,9.0,0.0,0.25,310.0,0.0,digital,MX-CENTRAL,product_recommendation,promote_core_pack,1
148.14640633437807,6,14,0.5460093599497486,0.2260243016149267,0.24943541851250445,0,18.0,0.0,4.5,0.0,0.0,modern_trade,BR-SE,human_followup,sales_visit,1
222.8674474298275,5,0,0.7162420239446715,0.21617260278489472,0.18031891930382773,1,18.0,0.0,4.5,0.0,0.0,digital,CO-ANDES,human_followup,sales_visit,0
250.49701080939758,4,18,0.9623786741278113,0.3900734550475449,0.5888276083014219,3,15.5,1.5,0.25,385.0,0.0,traditional_trade,MX-CENTRAL,bundle,premium_bundle,1
435.84305872109684,4,10,0.6637728613997577,0.23845509154807173,0.36686849151612017,1,7.5,2.5,0.2,295.0,0.05,traditional_trade,CO-ANDES,promotion,targeted_discount,1
303.7440508182243,3,8,0.8174481485301539,0.3324683440493434,0.4724882994422264,3,9.0,0.0,0.25,310.0,0.0,digital,MX-CENTRAL,product_recommendation,promote_core_pack,0
280.01854129392405,8,12,0.5350414285713153,0.8644958425093956,0.1823049916216624,0,9.0,0.0,0.25,310.0,0.0,digital,CO-ANDES,product_recommendation,promote_core_pack,1
399.2729680431401,1,1,0.854149097813307,0.3455523121206539,0.34679838947799235,2,18.0,0.0,4.5,0.0,0.0,digital,MX-CENTRAL,human_followup,sales_visit,0
440.8714309222306,8,22,0.7034231527177969,0.5453730347901016,0.08783815111048365,3,15.5,1.5,0.25,385.0,0.0,modern_trade,CO-ANDES,bundle,premium_bundle,1
191.32749141521762,5,11,0.8737160883981142,0.6776018999181473,0.38499768844830196,0,18.0,0.0,4.5,0.0,0.0,modern_trade,MX-CENTRAL,human_followup,sales_visit,1
351.17296276190365,6,13,0.709735737369431,0.5626762871728969,0.3044505105060789,3,7.5,2.5,0.2,295.0,0.05,digital,CO-ANDES,promotion,targeted_discount,1
386.6324240448009,3,6,0.8749286019350601,0.20156651594272612,0.5441467795382318,0,7.5,2.5,0.2,295.0,0.05,digital,BR-SE,promotion,targeted_discount,1
323.9781723035339,6,3,0.8564473225329792,0.43215109121874556,0.45521436807512505,0,18.0,0.0,4.5,0.0,0.0,modern_trade,CO-ANDES,human_followup,sales_visit,1
475.63839638655406,7,9,0.8656272032372457,0.14151827015676874,0.28318217495151365,3,15.5,1.5,0.25,385.0,0.0,digital,BR-SE,bundle,premium_bundle,1
444.5698086378926,8,24,0.8350357486882888,0.7635318007674212,0.5271278258918927,0,18.0,0.0,4.5,0.0,0.0,traditional_trade,BR-SE,human_followup,sales_visit,1
355.50959751773695,5,13,0.7557454187003722,0.5810045315051059,0.2891598243173534,3,18.0,0.0,4.5,0.0,0.0,traditional_trade,MX-CENTRAL,human_followup,sales_visit,1
370.11531798564437,3,6,0.4952428394159065,0.18008579939502373,0.773725440149581,2,18.0,0.0,4.5,0.0,0.0,modern_trade,MX-CENTRAL,human_followup,sales_visit,0
334.0443345055572,7,15,0.3927302741401655,0.8699455961860779,0.5576886877106866,2,7.5,2.5,0.2,295.0,0.05,digital,CO-ANDES,promotion,targeted_discount,1
282.86935557162315,5,26,0.7306136361352337,0.8114332603029367,0.47222154174636344,0,15.5,1.5,0.25,385.0,0.0,modern_trade,MX-NORTH,bundle,premium_bundle,0
333.8134893132844,4,0,0.6741967781446582,0.23594073917514233,0.3117438408129894,3,7.5,2.5,0.2,295.0,0.05,modern_trade,MX-CENTRAL,promotion,targeted_discount,1
377.11401687803465,7,11,0.560590337296446,0.5286332379258233,0.22933151741632643,0,9.0,0.0,0.25,310.0,0.0,modern_trade,MX-CENTRAL,product_recommendation,promote_core_pack,0
408.42174195220014,6,21,0.6648904707542342,0.5825441219102868,0.571399417615907,0,7.5,2.5,0.2,295.0,0.05,modern_trade,MX-NORTH,promotion,targeted_discount,0
322.3233123275709,4,26,0.941837428570084,0.14103468513199105,0.19302261361768155,2,15.5,1.5,0.25,385.0,0.0,digital,MX-CENTRAL,bundle,premium_bundle,1
312.80861647945443,5,18,0.6860883882130692,0.7423150907701902,0.4423305379558997,1,18.0,0.0,4.5,0.0,0.0,modern_trade,CO-ANDES,human_followup,sales_visit,0
188.27940207844026,7,25,0.8415783872709496,0.5370203747185297,0.44673638140335925,0,7.5,2.5,0.2,295.0,0.05,modern_trade,BR-SE,promotion,targeted_discount,1
272.03608771096356,3,17,0.6683486507258766,0.2223483407745484,0.04036417985429252,1,7.5,2.5,0.2,295.0,0.05,digital,MX-NORTH,promotion,targeted_discount,1
354.5033815006327,2,9,0.6748805465160761,0.5481937104617415,0.4920828220853838,2,7.5,2.5,0.2,295.0,0.05,traditional_trade,MX-NORTH,promotion,targeted_discount,0
127.55230433360722,4,4,0.9419824771583648,0.19256527552795114,0.49729508220769886,1,18.0,0.0,4.5,0.0,0.0,digital,MX-NORTH,human_followup,sales_visit,1
286.76215191726953,5,23,0.30169583196373984,0.14800793349056127,0.2880431185044545,0,15.5,1.5,0.25,385.0,0.0,digital,BR-SE,bundle,premium_bundle,0
179.7267651066536,4,24,0.8479933511789931,0.20684473599118813,0.0645441877337904,2,18.0,0.0,4.5,0.0,0.0,digital,MX-CENTRAL,human_followup,sales_visit,1
300.3042174224424,7,24,0.49118024466156535,0.4133138958018665,0.3927510307224526,1,18.0,0.0,4.5,0.0,0.0,digital,MX-CENTRAL,human_followup,sales_visit,1
333.5059876787625,3,21,0.8932924340416921,0.6281779499518908,0.21328010304705258,0,9.0,0.0,0.25,310.0,0.0,modern_trade,BR-SE,product_recommendation,promote_core_pack,1
259.58614809498334,3,30,0.586446035164991,0.0383105047337464,0.22391246969014508,0,18.0,0.0,4.5,0.0,0.0,modern_trade,BR-SE,human_followup,sales_visit,1
323.2210442605928,7,6,0.748212789360685,0.3725424585094402,0.5367801379487148,1,18.0,0.0,4.5,0.0,0.0,digital,CO-ANDES,human_followup,sales_visit,1
494.12567177740704,2,1,0.7521916693354007,0.6473740021472765,0.3372362684439584,1,9.0,0.0,0.25,310.0,0.0,digital,CO-ANDES,product_recommendation,promote_core_pack,1
263.71392759788625,5,23,0.8963280883792151,0.6354100654264447,0.7623091861284637,3,7.5,2.5,0.2,295.0,0.05,digital,MX-CENTRAL,promotion,targeted_discount,0
218.60931254063382,3,22,0.7809298964517575,0.7442176008130961,0.7745975767114636,1,15.5,1.5,0.25,385.0,0.0,digital,BR-SE,bundle,premium_bundle,0
208.6669369415199,9,17,0.7391337226302763,0.416335106304486,0.22019444538311478,3,18.0,0.0,4.5,0.0,0.0,traditional_trade,MX-CENTRAL,human_followup,sales_visit,0
425.17268616033505,4,15,0.7839953827767323,0.8748483116211191,0.31880280169054176,3,7.5,2.5,0.2,295.0,0.05,traditional_trade,MX-CENTRAL,promotion,targeted_discount,1
328.287427634104,0,1,0.8490582018348892,0.13239595887932043,0.30508786679856925,3,15.5,1.5,0.25,385.0,0.0,modern_trade,CO-ANDES,bundle,premium_bundle,0
296.52371609622116,5,9,0.7286767000096199,0.4953444491862023,0.3043637590071411,2,7.5,2.5,0.2,295.0,0.05,digital,MX-NORTH,promotion,targeted_discount,0
435.0243791559582,4,26,0.7036749674776313,0.1968636382295141,0.646015439807578,1,15.5,1.5,0.25,385.0,0.0,digital,BR-SE,bundle,premium_bundle,0
308.52550942066955,6,24,0.46413769068241145,0.5208891676642151,0.3428774183408706,0,15.5,1.5,0.25,385.0,0.0,modern_trade,MX-CENTRAL,bundle,premium_bundle,1
332.6652580583278,2,13,0.5971994771969988,0.7436697999294414,0.41621082237935414,3,15.5,1.5,0.25,385.0,0.0,digital,MX-CENTRAL,bundle,premium_bundle,0
361.99638152961137,4,6,0.30738134369606845,0.4279105297848988,0.4468898266335722,1,9.0,0.0,0.25,310.0,0.0,digital,BR-SE,product_recommendation,promote_core_pack,1
250.93485479881235,4,22,0.13402076556778228,0.52997347346516,0.44404889030181127,2,7.5,2.5,0.2,295.0,0.05,traditional_trade,BR-SE,promotion,targeted_discount,1
341.5480292261394,6,7,0.5731431171726689,0.487043548336822,0.414182842680823,2,7.5,2.5,0.2,295.0,0.05,digital,MX-NORTH,promotion,targeted_discount,1
175.72939247853756,2,16,0.7024400970822272,0.7467045813938049,0.24987949303740503,0,9.0,0.0,0.25,310.0,0.0,modern_trade,MX-CENTRAL,product_recommendation,promote_core_pack,0
367.18128740554766,5,18,0.8185395732513608,0.04715222487118845,0.4665033583174997,1,15.5,1.5,0.25,385.0,0.0,traditional_trade,MX-CENTRAL,bundle,premium_bundle,0
202.00863885996927,6,4,0.7054589998322919,0.8951677403329935,0.3799160666046564,0,7.5,2.5,0.2,295.0,0.05,traditional_trade,CO-ANDES,promotion,targeted_discount,1
309.0747496346025,2,18,0.7293713294516926,0.5528832259525894,0.7679915100039325,2,18.0,0.0,4.5,0.0,0.0,digital,MX-NORTH,human_followup,sales_visit,0
260.5791523460098,4,22,0.9309534869997503,0.15014569650579931,0.45438537506846655,3,15.5,1.5,0.25,385.0,0.0,traditional_trade,MX-CENTRAL,bundle,premium_bundle,1
346.76589930068417,3,20,0.6649954278993907,0.11073723660453828,0.4034685914042638,3,18.0,0.0,4.5,0.0,0.0,modern_trade,MX-CENTRAL,human_followup,sales_visit,1
292.18966948229405,4,27,0.5340461366098449,0.28497475978564674,0.2026590534893333,1,18.0,0.0,4.5,0.0,0.0,digital,BR-SE,human_followup,sales_visit,1
216.26762766558164,7,12,0.8973610272523324,0.7544125965660191,0.24262201812386497,0,15.5,1.5,0.25,385.0,0.0,modern_trade,MX-CENTRAL,bundle,premium_bundle,1
329.0344381946393,2,0,0.8233911330465508,0.2932214960884812,0.6498865350275782,3,15.5,1.5,0.25,385.0,0.0,digital,BR-SE,bundle,premium_bundle,1
246.5708165703976,3,16,0.7156710176872417,0.5263244494336704,0.3319009483888713,1,7.5,2.5,0.2,295.0,0.05,modern_trade,MX-CENTRAL,promotion,targeted_discount,0
362.7823982311603,6,21,0.6447947419487868,0.41049126673002073,0.4359477541074742,1,9.0,0.0,0.25,310.0,0.0,traditional_trade,MX-CENTRAL,product_recommendation,promote_core_pack,0
346.5868859631946,8,7,0.6986386520089671,0.19362439265102097,0.1632459692950484,3,15.5,1.5,0.25,385.0,0.0,traditional_trade,MX-CENTRAL,bundle,premium_bundle,1
416.0650029470976,4,30,0.685644124686186,0.645455598295387,0.7932139740567835,1,7.5,2.5,0.2,295.0,0.05,digital,MX-NORTH,promotion,targeted_discount,1
356.10342847345714,7,17,0.414976282083861,0.4353350416532388,0.26832390365292214,0,15.5,1.5,0.25,385.0,0.0,digital,MX-CENTRAL,bundle,premium_bundle,0
247.2147237838052,1,14,0.7333032626331666,0.08034335072029541,0.23208396058607217,2,18.0,0.0,4.5,0.0,0.0,modern_trade,BR-SE,human_followup,sales_visit,1
186.29822348398903,5,3,0.8422123374603264,0.5823827853881591,0.4459606806184278,3,7.5,2.5,0.2,295.0,0.05,modern_trade,CO-ANDES,promotion,targeted_discount,0
244.63001527992216,3,25,0.7352990437627375,0.5398949935003351,0.42236338525152817,1,7.5,2.5,0.2,295.0,0.05,modern_trade,CO-ANDES,promotion,targeted_discount,1
345.8587541551608,6,0,0.6063100494482901,0.8141339056888287,0.611777663218101,0,7.5,2.5,0.2,295.0,0.05,digital,CO-ANDES,promotion,targeted_discount,1
370.99850571352556,4,1,0.633316518899435,0.22491137331548924,0.14909714416576567,1,18.0,0.0,4.5,0.0,0.0,digital,BR-SE,human_followup,sales_visit,0
113.47308518111907,5,6,0.3418930359663615,0.43461941643589996,0.5690383914212161,0,9.0,0.0,0.25,310.0,0.0,traditional_trade,MX-NORTH,product_recommendation,promote_core_pack,0
311.89934361419165,8,3,0.761631570906125,0.2769682801063978,0.41550388535971905,1,7.5,2.5,0.2,295.0,0.05,traditional_trade,CO-ANDES,promotion,targeted_discount,1
309.0937619700145,7,25,0.7430092993787452,0.5893855668048474,0.22234130724547194,0,7.5,2.5,0.2,295.0,0.05,modern_trade,MX-NORTH,promotion,targeted_discount,0
346.47939362923,7,12,0.741861030498232,0.7975104279540596,0.3560551181587927,3,15.5,1.5,0.25,385.0,0.0,traditional_trade,MX-NORTH,bundle,premium_bundle,0
368.3252070300103,4,10,0.6822287090485637,0.19447279869794007,0.635499679370982,1,9.0,0.0,0.25,310.0,0.0,digital,CO-ANDES,product_recommendation,promote_core_pack,0
481.1064424211446,6,6,0.7207295100103288,0.3203824391063264,0.31489879857853215,3,9.0,0.0,0.25,310.0,0.0,traditional_trade,CO-ANDES,product_recommendation,promote_core_pack,1
80.0,5,3,0.6015568686084531,0.24581418159116877,0.2865774796149833,0,9.0,0.0,0.25,310.0,0.0,modern_trade,MX-CENTRAL,product_recommendation,promote_core_pack,1
320.4850106958931,4,24,0.8946924427826572,0.4764795343945145,0.5708847620592566,0,18.0,0.0,4.5,0.0,0.0,traditional_trade,BR-SE,human_followup,sales_visit,1
294.4958955502357,7,25,0.6226987396475457,0.5556383037900452,0.1678385949901249,1,18.0,0.0,4.5,0.0,0.0,modern_trade,MX-NORTH,human_followup,sales_visit,1
353.7155514382403,4,11,0.7754339542601524,0.8132800325874046,0.6161100898430474,1,15.5,1.5,0.25,385.0,0.0,digital,MX-CENTRAL,bundle,premium_bundle,0
313.22671976094927,7,4,0.6882489639651702,0.3870339131757085,0.2770968277563392,0,15.5,1.5,0.25,385.0,0.0,modern_trade,MX-NORTH,bundle,premium_bundle,1
305.96760271458595,1,22,0.687231383606862,0.2081244333592183,0.5883788244857621,1,7.5,2.5,0.2,295.0,0.05,modern_trade,MX-CENTRAL,promotion,targeted_discount,0
179.89223011723288,3,29,0.8665559152937072,0.8827049832878273,0.6539747420615928,0,9.0,0.0,0.25,310.0,0.0,traditional_trade,BR-SE,product_recommendation,promote_core_pack,1
222.35199275477763,3,22,0.43226803126719676,0.5296071998690042,0.5906892388210634,2,15.5,1.5,0.25,385.0,0.0,traditional_trade,MX-CENTRAL,bundle,premium_bundle,1
381.9430028242916,4,10,0.662417633344135,0.7511287601280311,0.2306902281728041,1,15.5,1.5,0.25,385.0,0.0,traditional_trade,MX-CENTRAL,bundle,premium_bundle,1
491.04389538867724,6,10,0.8705924967533235,0.17386404370747946,0.7329553192714633,3,9.0,0.0,0.25,310.0,0.0,digital,MX-CENTRAL,product_recommendation,promote_core_pack,1
284.5696088462987,2,4,0.6476317311525236,0.3926250059886179,0.1774786868528803,0,18.0,0.0,4.5,0.0,0.0,digital,BR-SE,human_followup,sales_visit,1
310.80695362859007,4,19,0.8825265630889615,0.27631736803216744,0.8222727559789733,1,7.5,2.5,0.2,295.0,0.05,modern_trade,CO-ANDES,promotion,targeted_discount,0
394.5044819398518,4,15,0.32777643637795556,0.6180140965556177,0.2651600378129677,0,9.0,0.0,0.25,310.0,0.0,traditional_trade,MX-CENTRAL,product_recommendation,promote_core_pack,1
288.2146669430818,5,29,0.8763678489731954,0.5387287974995085,0.3736577794895389,1,18.0,0.0,4.5,0.0,0.0,modern_trade,BR-SE,human_followup,sales_visit,1
277.08007534839123,3,7,0.6383083485447624,0.39850533758218815,0.41533473379120917,0,9.0,0.0,0.25,310.0,0.0,traditional_trade,MX-CENTRAL,product_recommendation,promote_core_pack,0
359.53508234365717,4,4,0.4668247917399092,0.6582219089248458,0.3190754534403632,3,18.0,0.0,4.5,0.0,0.0,traditional_trade,MX-CENTRAL,human_followup,sales_visit,1
440.05461251077077,3,1,0.936343474281957,0.390132438541153,0.385430807403477,2,15.5,1.5,0.25,385.0,0.0,modern_trade,MX-CENTRAL,bundle,premium_bundle,1
210.1275112578949,4,24,0.4596305099617919,0.4599362908780975,0.6654403605805481,3,7.5,2.5,0.2,295.0,0.05,traditional_trade,CO-ANDES,promotion,targeted_discount,0
347.0354530229121,4,18,0.8213977340064488,0.4858267172755425,0.6334274406805348,2,7.5,2.5,0.2,295.0,0.05,traditional_trade,MX-CENTRAL,promotion,targeted_discount,1
309.3382719186464,5,27,0.5912040639223568,0.3714474166315153,0.6499196521918709,1,15.5,1.5,0.25,385.0,0.0,traditional_trade,CO-ANDES,bundle,premium_bundle,0
345.8331865082711,5,7,0.7374158143337883,0.5938980850929125,0.1400792488774498,3,18.0,0.0,4.5,0.0,0.0,digital,MX-CENTRAL,human_followup,sales_visit,0
245.67876982931196,7,8,0.8718406963225797,0.47635517514224723,0.1479458108912102,1,7.5,2.5,0.2,295.0,0.05,digital,BR-SE,promotion,targeted_discount,1
444.6640030975472,6,26,0.585567079375326,0.38981631656758164,0.15481499037621269,2,18.0,0.0,4.5,0.0,0.0,modern_trade,MX-CENTRAL,human_followup,sales_visit,0
427.7703958048768,3,7,0.7402059952559703,0.28390170416548655,0.24834820651136238,0,7.5,2.5,0.2,295.0,0.05,digital,BR-SE,promotion,targeted_discount,1
207.52731133948424,11,29,0.7305801876671015,0.11406771816724523,0.685282842830665,0,18.0,0.0,4.5,0.0,0.0,traditional_trade,CO-ANDES,human_followup,sales_visit,0
439.20718288994345,11,30,0.3682910172422842,0.2799914248043772,0.16264845829427077,2,7.5,2.5,0.2,295.0,0.05,traditional_trade,MX-CENTRAL,promotion,targeted_discount,1
472.1138769849022,13,30,0.5049590351507794,0.7255895326706878,0.5698040735569739,2,7.5,2.5,0.2,295.0,0.05,digital,BR-SE,promotion,targeted_discount,0
378.2609718792393,6,17,0.7490595520536791,0.6295102738584764,0.4480888659097425,2,18.0,0.0,4.5,0.0,0.0,digital,MX-NORTH,human_followup,sales_visit,1
342.73906248168,12,16,0.4449008931980543,0.23371847806853527,0.30675599269775006,1,7.5,2.5,0.2,295.0,0.05,modern_trade,MX-CENTRAL,promotion,targeted_discount,0
231.0916263547256,8,27,0.6593087838617552,0.13531808395685155,0.4899510608881899,3,15.5,1.5,0.25,385.0,0.0,digital,MX-CENTRAL,bundle,premium_bundle,0
401.6943399395122,2,3,0.48521565197779637,0.4223216985338271,0.6517004931572344,2,7.5,2.5,0.2,295.0,0.05,digital,MX-CENTRAL,promotion,targeted_discount,1
209.50694726049142,7,6,0.7468410719775914,0.3954116185455526,0.5107237937741738,0,7.5,2.5,0.2,295.0,0.05,traditional_trade,MX-NORTH,promotion,targeted_discount,1
419.83884916270307,10,16,0.49281205666034544,0.2741312220090557,0.5484082586423863,0,18.0,0.0,4.5,0.0,0.0,traditional_trade,BR-SE,human_followup,sales_visit,0
410.2650814530815,3,7,0.6065618370194964,0.2314108848655893,0.08167311162414602,2,18.0,0.0,4.5,0.0,0.0,traditional_trade,BR-SE,human_followup,sales_visit,1
359.6922715162374,7,30,0.8246016666829235,0.3314421884292258,0.36992884747750954,3,15.5,1.5,0.25,385.0,0.0,modern_trade,MX-NORTH,bundle,premium_bundle,0
335.6614389723302,6,12,0.9355869097464856,0.20420290169131244,0.2734167272068694,0,18.0,0.0,4.5,0.0,0.0,modern_trade,MX-NORTH,human_followup,sales_visit,0
370.1290994331823,1,16,0.7006758220552425,0.21234685791042346,0.6899355099981316,0,9.0,0.0,0.25,310.0,0.0,modern_trade,CO-ANDES,product_recommendation,promote_core_pack,0
341.886090880325,1,18,0.7275375664668802,0.18285695150800224,0.41429678498138606,0,18.0,0.0,4.5,0.0,0.0,modern_trade,BR-SE,human_followup,sales_visit,1
292.4340944681346,4,10,0.7023600506491139,0.15102308959748756,0.4351350391837221,1,9.0,0.0,0.25,310.0,0.0,traditional_trade,CO-ANDES,product_recommendation,promote_core_pack,0
341.5009627751821,2,26,0.8456948595676901,0.37209372273849145,0.5133285104963197,1,9.0,0.0,0.25,310.0,0.0,traditional_trade,CO-ANDES,product_recommendation,promote_core_pack,1
319.38339641005246,6,10,0.7074560286291176,0.48126490073148287,0.1275489990771623,2,9.0,0.0,0.25,310.0,0.0,modern_trade,CO-ANDES,product_recommendation,promote_core_pack,1
327.63174962921147,6,24,0.8443202798982883,0.5366512423585144,0.482225415685808,2,15.5,1.5,0.25,385.0,0.0,digital,CO-ANDES,bundle,premium_bundle,0
396.0133465202777,5,29,0.45398597817465497,0.320534846242528,0.07174779334200053,3,15.5,1.5,0.25,385.0,0.0,digital,CO-ANDES,bundle,premium_bundle,0
282.17056931287806,1,19,0.5700805280021795,0.49681089570804704,0.23534539113637215,3,18.0,0.0,4.5,0.0,0.0,modern_trade,MX-CENTRAL,human_followup,sales_visit,0
407.974600779291,6,8,0.912620057522747,0.2945246800432796,0.5002911784503187,2,9.0,0.0,0.25,310.0,0.0,traditional_trade,MX-NORTH,product_recommendation,promote_core_pack,1
416.42489831716824,2,10,0.709485760675228,0.7030500223785302,0.5450089279207406,3,9.0,0.0,0.25,310.0,0.0,modern_trade,CO-ANDES,product_recommendation,promote_core_pack,0
230.47577241597048,3,21,0.768065752516346,0.4932486500515635,0.3506269630581745,3,9.0,0.0,0.25,310.0,0.0,modern_trade,BR-SE,product_recommendation,promote_core_pack,1
343.70701745296924,13,16,0.4483606760593576,0.6991459988846725,0.1333981947995887,0,7.5,2.5,0.2,295.0,0.05,modern_trade,MX-CENTRAL,promotion,targeted_discount,1
540.4591540279226,3,27,0.41757400296309494,0.4513280440142815,0.3453742397954223,3,18.0,0.0,4.5,0.0,0.0,traditional_trade,BR-SE,human_followup,sales_visit,0
191.87392564361377,6,2,0.763784914457589,0.741711987247112,0.5045884595980634,1,15.5,1.5,0.25,385.0,0.0,modern_trade,CO-ANDES,bundle,premium_bundle,0
371.0865656243774,3,14,0.6209843891779897,0.3945585432136863,0.24639870121318644,2,15.5,1.5,0.25,385.0,0.0,traditional_trade,BR-SE,bundle,premium_bundle,0
336.56598227703563,10,9,0.6639291027826739,0.4631140168534866,0.5252648467348503,1,15.5,1.5,0.25,385.0,0.0,digital,BR-SE,bundle,premium_bundle,0
418.9226980328005,3,19,0.3214202858303424,0.7200435419140992,0.5338692272818872,2,15.5,1.5,0.25,385.0,0.0,digital,CO-ANDES,bundle,premium_bundle,0
268.37956807639813,3,29,0.5803715700968611,0.569339906620922,0.048451655236858376,2,7.5,2.5,0.2,295.0,0.05,traditional_trade,BR-SE,promotion,targeted_discount,1
484.71364246764483,7,29,0.677522935933787,0.3782552141746231,0.36438657712544287,2,18.0,0.0,4.5,0.0,0.0,traditional_trade,MX-CENTRAL,human_followup,sales_visit,0
327.33501672767534,2,13,0.5694036932023857,0.16521450466431623,0.5810923100577176,1,9.0,0.0,0.25,310.0,0.0,modern_trade,MX-CENTRAL,product_recommendation,promote_core_pack,1
388.4984300642434,6,7,0.5065252398333114,0.40171821370532923,0.40786127346438567,3,7.5,2.5,0.2,295.0,0.05,traditional_trade,MX-CENTRAL,promotion,targeted_discount,0
300.29704396620383,7,22,0.6750146125763005,0.13414623716688284,0.49885294519979545,0,18.0,0.0,4.5,0.0,0.0,traditional_trade,CO-ANDES,human_followup,sales_visit,0
406.6461473325595,6,14,0.7170574455874131,0.3305086630245587,0.33580093579133075,1,7.5,2.5,0.2,295.0,0.05,modern_trade,MX-NORTH,promotion,targeted_discount,1
309.60730400719535,2,1,0.8451699407068463,0.4824421649142175,0.5872014444752306,2,9.0,0.0,0.25,310.0,0.0,traditional_trade,CO-ANDES,product_recommendation,promote_core_pack,1
409.94886583245545,10,26,0.42903171683901026,0.601341635491872,0.3324772651236971,3,18.0,0.0,4.5,0.0,0.0,modern_trade,BR-SE,human_followup,sales_visit,0
283.96741966172954,5,16,0.9209148774783309,0.8000238971362351,0.29859805596145694,0,9.0,0.0,0.25,310.0,0.0,modern_trade,MX-CENTRAL,product_recommendation,promote_core_pack,0
372.97805183615355,3,14,0.7460092507003401,0.5678659754525998,0.17083982589219007,0,7.5,2.5,0.2,295.0,0.05,modern_trade,MX-CENTRAL,promotion,targeted_discount,0
318.66892925312254,8,14,0.8791128433486166,0.7134668447073317,0.6658193293122305,2,18.0,0.0,4.5,0.0,0.0,traditional_trade,MX-NORTH,human_followup,sales_visit,0
253.27306382645577,9,14,0.5141613407050185,0.25968276252514033,0.29699568592256836,3,15.5,1.5,0.25,385.0,0.0,digital,CO-ANDES,bundle,premium_bundle,0
306.7883107603471,3,17,0.9010807590384144,0.5776876655044721,0.560671621954008,3,18.0,0.0,4.5,0.0,0.0,modern_trade,BR-SE,human_followup,sales_visit,0
372.0768433366988,5,29,0.5491684606922429,0.37542730813880076,0.7266526131403663,0,15.5,1.5,0.25,385.0,0.0,traditional_trade,MX-CENTRAL,bundle,premium_bundle,0
313.60003933680184,5,28,0.7696603902882261,0.4218723735860846,0.7363163981383362,2,15.5,1.5,0.25,385.0,0.0,digital,MX-NORTH,bundle,premium_bundle,0
398.7628682416782,7,16,0.47761799501894375,0.4567181273080186,0.283724584850327,2,18.0,0.0,4.5,0.0,0.0,modern_trade,BR-SE,human_followup,sales_visit,0
493.1561375116371,3,9,0.8818269988064473,0.7090488611134818,0.4030605802430757,3,15.5,1.5,0.25,385.0,0.0,digital,BR-SE,bundle,premium_bundle,1
416.017463314876,5,6,0.761735362491205,0.8758895782526573,0.7210448508525287,1,18.0,0.0,4.5,0.0,0.0,digital,CO-ANDES,human_followup,sales_visit,0
432.9830241186748,5,8,0.33033257888940154,0.2567715024601845,0.38099656125782394,0,9.0,0.0,0.25,310.0,0.0,traditional_trade,MX-CENTRAL,product_recommendation,promote_core_pack,1
366.1211462171743,6,4,0.6885308389898525,0.2615592315591616,0.07688403834582735,3,9.0,0.0,0.25,310.0,0.0,traditional_trade,CO-ANDES,product_recommendation,promote_core_pack,1
432.0582450197164,4,9,0.7821775602344027,0.5834483373408011,0.5582481658417866,3,15.5,1.5,0.25,385.0,0.0,traditional_trade,MX-NORTH,bundle,premium_bundle,1
259.5597100239652,6,28,0.48146452098924303,0.3664660784482041,0.07699083645270419,2,15.5,1.5,0.25,385.0,0.0,digital,BR-SE,bundle,premium_bundle,0
231.3465874631439,5,26,0.9805357161116744,0.5160659846386316,0.568532793077868,3,7.5,2.5,0.2,295.0,0.05,traditional_trade,CO-ANDES,promotion,targeted_discount,0
335.8869735422019,3,9,0.8182647932312237,0.48852411800920753,0.3635016481005271,2,7.5,2.5,0.2,295.0,0.05,modern_trade,MX-NORTH,promotion,targeted_discount,0
452.62740332533406,4,18,0.5559867635620156,0.2211367017801715,0.44535613975373195,3,15.5,1.5,0.25,385.0,0.0,traditional_trade,MX-NORTH,bundle,premium_bundle,0
280.36727499275213,8,9,0.6123510252510325,0.4912766475095894,0.27083622880850633,2,18.0,0.0,4.5,0.0,0.0,digital,MX-NORTH,human_followup,sales_visit,0
369.5905900215262,6,4,0.6404201426774536,0.6410511398005887,0.6365899939730605,2,7.5,2.5,0.2,295.0,0.05,modern_trade,MX-CENTRAL,promotion,targeted_discount,1
360.4102619759125,6,17,0.5068490810197623,0.3498954280684834,0.2947938476119705,0,18.0,0.0,4.5,0.0,0.0,digital,BR-SE,human_followup,sales_visit,0
371.8269250880526,6,2,0.7351833937151804,0.5819316751839742,0.6909150761792676,3,15.5,1.5,0.25,385.0,0.0,digital,CO-ANDES,bundle,premium_bundle,1
191.27582426816554,3,13,0.722253939088406,0.6845403360679001,0.5582087463618083,0,9.0,0.0,0.25,310.0,0.0,traditional_trade,MX-NORTH,product_recommendation,promote_core_pack,0
145.03239213038324,8,25,0.7792004486451031,0.4099468646106929,0.6121960944720716,0,7.5,2.5,0.2,295.0,0.05,traditional_trade,BR-SE,promotion,targeted_discount,1
294.83835631974875,4,3,0.5049731621912364,0.2824077263695404,0.325805411618449,1,7.5,2.5,0.2,295.0,0.05,digital,MX-NORTH,promotion,targeted_discount,0
343.8020013942446,6,13,0.6753668275596266,0.34936397906695166,0.21335267521154933,3,18.0,0.0,4.5,0.0,0.0,traditional_trade,MX-NORTH,human_followup,sales_visit,0
239.77482003631434,7,25,0.6861000905687759,0.2618664397681341,0.595860364727216,3,15.5,1.5,0.25,385.0,0.0,modern_trade,MX-CENTRAL,bundle,premium_bundle,0
135.44225938646161,4,14,0.7772963201065582,0.5001911447608549,0.6790169840737004,1,7.5,2.5,0.2,295.0,0.05,digital,CO-ANDES,promotion,targeted_discount,0
304.23158907278014,3,9,0.8813994611121904,0.537853597301794,0.3214250126942698,1,15.5,1.5,0.25,385.0,0.0,digital,MX-NORTH,bundle,premium_bundle,1
246.46409104741343,5,5,0.8991663022764436,0.4227707126725995,0.30924212087177017,3,9.0,0.0,0.25,310.0,0.0,modern_trade,MX-CENTRAL,product_recommendation,promote_core_pack,0
341.90320246417826,3,30,0.8652603991156136,0.5942180873190389,0.47650822046902475,1,18.0,0.0,4.5,0.0,0.0,digital,CO-ANDES,human_followup,sales_visit,0
268.47674245989697,2,6,0.9001766839668169,0.2997173662412414,0.26168015304411163,1,7.5,2.5,0.2,295.0,0.05,traditional_trade,CO-ANDES,promotion,targeted_discount,1
382.6180450626733,3,28,0.7928875340411927,0.23801657349823457,0.8542823406927096,0,7.5,2.5,0.2,295.0,0.05,digital,MX-NORTH,promotion,targeted_discount,0
219.39443096913945,4,18,0.6978485035004934,0.4591439655724557,0.1356516879884105,0,9.0,0.0,0.25,310.0,0.0,traditional_trade,MX-CENTRAL,product_recommendation,promote_core_pack,1
301.7155991941238,2,19,0.32387197611145285,0.5355617511396831,0.35774982558675084,1,15.5,1.5,0.25,385.0,0.0,digital,CO-ANDES,bundle,premium_bundle,0
230.9608126945132,6,27,0.6756671015012884,0.3000666755784667,0.34925600166738074,1,18.0,0.0,4.5,0.0,0.0,modern_trade,MX-NORTH,human_followup,sales_visit,1
277.7965762914728,3,14,0.7742941159723629,0.634825221970925,0.4366786680287204,1,9.0,0.0,0.25,310.0,0.0,modern_trade,MX-NORTH,product_recommendation,promote_core_pack,1
445.071750384242,6,7,0.6737153366542442,0.4125951723477079,0.2511929491925319,0,18.0,0.0,4.5,0.0,0.0,modern_trade,CO-ANDES,human_followup,sales_visit,0
378.7553337284238,2,24,0.8789550987065287,0.40737244433451864,0.5539270982000547,1,15.5,1.5,0.25,385.0,0.0,modern_trade,CO-ANDES,bundle,premium_bundle,0
260.3714051621456,5,10,0.8015580839953528,0.3944168334572566,0.5836274996482452,1,9.0,0.0,0.25,310.0,0.0,modern_trade,MX-NORTH,product_recommendation,promote_core_pack,1
379.46123094550387,4,0,0.8495417381223936,0.5543744762986912,0.5957722830094777,2,15.5,1.5,0.25,385.0,0.0,traditional_trade,MX-CENTRAL,bundle,premium_bundle,0
449.1398146043593,3,19,0.5507596231904672,0.1296889532257138,0.1457357303945738,2,9.0,0.0,0.25,310.0,0.0,traditional_trade,MX-CENTRAL,product_recommendation,promote_core_pack,0
347.1766481825608,6,17,0.743131764881257,0.7181833999334927,0.344095233463006,2,15.5,1.5,0.25,385.0,0.0,modern_trade,MX-NORTH,bundle,premium_bundle,0
425.7599201171661,4,30,0.9021101997697241,0.53864264600631,0.1586278220105987,0,15.5,1.5,0.25,385.0,0.0,modern_trade,BR-SE,bundle,premium_bundle,1
336.9617125845465,7,12,0.9671485282416243,0.572486127825056,0.306060492503442,2,15.5,1.5,0.25,385.0,0.0,traditional_trade,CO-ANDES,bundle,premium_bundle,1
223.246554740597,7,0,0.86413938199653,0.5791649097215973,0.5369256818725432,0,7.5,2.5,0.2,295.0,0.05,modern_trade,BR-SE,promotion,targeted_discount,1
332.3229658911277,7,23,0.48363649157311683,0.5673243903296343,0.6142925804904573,0,18.0,0.0,4.5,0.0,0.0,digital,BR-SE,human_followup,sales_visit,0
461.9332963072902,3,7,0.7811953165409917,0.26743511278288623,0.7129938067851913,0,15.5,1.5,0.25,385.0,0.0,digital,MX-CENTRAL,bundle,premium_bundle,1
292.0105367712739,7,9,0.8377288885356688,0.7076070781300227,0.395519586913269,1,15.5,1.5,0.25,385.0,0.0,digital,CO-ANDES,bundle,premium_bundle,0
412.4125946188304,7,10,0.6417996945938054,0.7884146119579462,0.34999172521656313,3,9.0,0.0,0.25,310.0,0.0,digital,CO-ANDES,product_recommendation,promote_core_pack,0
295.6802607654958,5,9,0.9219617018356255,0.16408310478666113,0.6593151873674232,1,15.5,1.5,0.25,385.0,0.0,traditional_trade,BR-SE,bundle,premium_bundle,0
387.68101776478477,4,30,0.7798994009001387,0.390744084498574,0.6644860145779988,2,9.0,0.0,0.25,310.0,0.0,modern_trade,MX-NORTH,product_recommendation,promote_core_pack,1
373.53843165048534,3,29,0.35946336844997406,0.630200762068325,0.5886516122082617,2,9.0,0.0,0.25,310.0,0.0,modern_trade,BR-SE,product_recommendation,promote_core_pack,0
342.5697814111464,9,29,0.8415449723081501,0.1755993064894081,0.4597341121304228,0,9.0,0.0,0.25,310.0,0.0,traditional_trade,MX-CENTRAL,product_recommendation,promote_core_pack,1
242.08414890961507,5,18,0.7939675468587025,0.5392977455840092,0.25033706057032484,1,9.0,0.0,0.25,310.0,0.0,traditional_trade,BR-SE,product_recommendation,promote_core_pack,1
336.5268686539971,7,21,0.6497151022789757,0.28830154444492895,0.44282541205601506,1,9.0,0.0,0.25,310.0,0.0,digital,BR-SE,product_recommendation,promote_core_pack,1
444.071457182043,4,17,0.7136631562863833,0.22755506834986286,0.3907253836785033,3,15.5,1.5,0.25,385.0,0.0,digital,MX-NORTH,bundle,premium_bundle,0
251.85573012695494,8,22,0.3156987397627215,0.3309138110756922,0.7307101466626125,3,7.5,2.5,0.2,295.0,0.05,traditional_trade,BR-SE,promotion,targeted_discount,0
318.32759538212775,3,26,0.7557904403010424,0.43226207434299774,0.07234729577021091,1,18.0,0.0,4.5,0.0,0.0,modern_trade,MX-CENTRAL,human_followup,sales_visit,0
383.1694845021842,1,7,0.9389229923795388,0.16643880158286822,0.40593402213924434,0,18.0,0.0,4.5,0.0,0.0,traditional_trade,MX-NORTH,human_followup,sales_visit,0
203.25593062086404,7,7,0.4757906625005035,0.5885243617628712,0.19065054670184356,3,15.5,1.5,0.25,385.0,0.0,digital,BR-SE,bundle,premium_bundle,0
244.71204332188233,11,17,0.9308138983443682,0.7542395805677515,0.5700160927825326,3,15.5,1.5,0.25,385.0,0.0,digital,MX-CENTRAL,bundle,premium_bundle,0
299.5036326270011,4,28,0.2714084472347439,0.4849829661873425,0.37977559534536537,2,7.5,2.5,0.2,295.0,0.05,traditional_trade,MX-NORTH,promotion,targeted_discount,1
299.67260935612563,4,14,0.648997664802273,0.2972689121931813,0.2925685244208145,2,9.0,0.0,0.25,310.0,0.0,traditional_trade,BR-SE,product_recommendation,promote_core_pack,0
331.8562824124262,4,10,0.8854024072774784,0.3691640580689365,0.43317759994989186,2,15.5,1.5,0.25,385.0,0.0,digital,BR-SE,bundle,premium_bundle,0
425.7046438498089,6,17,0.7627845544910478,0.659737403395879,0.15587622964350675,2,18.0,0.0,4.5,0.0,0.0,digital,BR-SE,human_followup,sales_visit,1
312.8114760910482,4,30,0.69997671013639,0.3493748154222256,0.38272581231048153,1,7.5,2.5,0.2,295.0,0.05,modern_trade,MX-CENTRAL,promotion,targeted_discount,0
211.7510866524487,2,5,0.8453281621478931,0.2772573458745172,0.30223770787890425,3,15.5,1.5,0.25,385.0,0.0,traditional_trade,MX-CENTRAL,bundle,premium_bundle,1
310.387496606892,8,6,0.6360597776184318,0.0955579778519951,0.42042033177789623,0,7.5,2.5,0.2,295.0,0.05,digital,BR-SE,promotion,targeted_discount,1
531.8386818971089,6,4,0.599129254037609,0.42037717492428,0.6647099674968696,3,15.5,1.5,0.25,385.0,0.0,traditional_trade,MX-NORTH,bundle,premium_bundle,0
154.01105939512092,1,28,0.39507198845901903,0.5605143820938807,0.20852557840568323,0,9.0,0.0,0.25,310.0,0.0,modern_trade,MX-NORTH,product_recommendation,promote_core_pack,0
453.5566213546605,6,15,0.6467352374270035,0.25927565855818235,0.506967537178691,1,15.5,1.5,0.25,385.0,0.0,traditional_trade,MX-CENTRAL,bundle,premium_bundle,0
349.941488130475,7,6,0.6040950107730744,0.8549225296781181,0.14265278271749698,2,15.5,1.5,0.25,385.0,0.0,modern_trade,MX-NORTH,bundle,premium_bundle,0
240.75764964288564,4,8,0.7090419092588267,0.11277911445535672,0.504010107494827,1,15.5,1.5,0.25,385.0,0.0,digital,CO-ANDES,bundle,premium_bundle,1
275.6031908388391,7,7,0.6729188238486772,0.29710450720560383,0.5723352810216572,3,15.5,1.5,0.25,385.0,0.0,digital,MX-CENTRAL,bundle,premium_bundle,1
231.45832194658055,7,28,0.24115773591515238,0.8395141930574848,0.5233875121080184,1,7.5,2.5,0.2,295.0,0.05,digital,MX-CENTRAL,promotion,targeted_discount,0
492.582792422646,12,5,0.573280580152074,0.10849050465649553,0.50357533228494,2,7.5,2.5,0.2,295.0,0.05,modern_trade,CO-ANDES,promotion,targeted_discount,1
428.83097917764013,8,23,0.8296764591919784,0.32865582025826057,0.36498117364926513,0,18.0,0.0,4.5,0.0,0.0,modern_trade,MX-NORTH,human_followup,sales_visit,0
340.0747254645241,11,23,0.8918275873322768,0.22212333944434234,0.24252293072220843,3,7.5,2.5,0.2,295.0,0.05,digital,MX-CENTRAL,promotion,targeted_discount,1
297.2322536222322,3,11,0.5882825988011359,0.11155936652631888,0.46397703576574806,2,18.0,0.0,4.5,0.0,0.0,traditional_trade,CO-ANDES,human_followup,sales_visit,0
240.24273923336426,5,11,0.6654906600462822,0.8609345729828645,0.05643226933027491,1,7.5,2.5,0.2,295.0,0.05,digital,MX-NORTH,promotion,targeted_discount,1
213.61551048714963,5,28,0.6634258272557285,0.4168174651856464,0.24643874548769695,2,18.0,0.0,4.5,0.0,0.0,digital,MX-NORTH,human_followup,sales_visit,0
318.0750217158798,4,13,0.8585842648173282,0.6176715030158163,0.7130547706044487,3,7.5,2.5,0.2,295.0,0.05,modern_trade,MX-NORTH,promotion,targeted_discount,0
326.62507750612815,4,2,0.8096452663614436,0.3853820416989585,0.7071136894943547,1,7.5,2.5,0.2,295.0,0.05,digital,MX-CENTRAL,promotion,targeted_discount,1
327.3286414491406,7,30,0.43975913291750457,0.7423972654239079,0.27778630562096046,3,18.0,0.0,4.5,0.0,0.0,digital,MX-CENTRAL,human_followup,sales_visit,0
311.35193026502145,4,9,0.7474143714456688,0.28485184264976643,0.1646964414209035,1,7.5,2.5,0.2,295.0,0.05,digital,CO-ANDES,promotion,targeted_discount,1
334.0890623413633,2,29,0.5901350556064338,0.22833121864188435,0.15134240445272676,0,18.0,0.0,4.5,0.0,0.0,traditional_trade,MX-NORTH,human_followup,sales_visit,1
185.32728150408357,11,26,0.6551272636017705,0.5021089123776322,0.762040431879622,2,18.0,0.0,4.5,0.0,0.0,modern_trade,BR-SE,human_followup,sales_visit,0
260.9971435990895,1,2,0.7128371854115361,0.32619470403644224,0.7859941315129115,3,15.5,1.5,0.25,385.0,0.0,digital,MX-NORTH,bundle,premium_bundle,1
364.1538626494302,4,12,0.41752586835464545,0.543234370116592,0.4844959738686181,0,9.0,0.0,0.25,310.0,0.0,digital,CO-ANDES,product_recommendation,promote_core_pack,1
433.95819832858007,6,16,0.6038768923200721,0.26155844964909325,0.3436962156461028,1,18.0,0.0,4.5,0.0,0.0,modern_trade,CO-ANDES,human_followup,sales_visit,1
489.3762203727332,10,3,0.7646348413127387,0.4557170843501209,0.2798789384718773,0,9.0,0.0,0.25,310.0,0.0,digital,BR-SE,product_recommendation,promote_core_pack,1
356.73795428786735,3,27,0.5159247448159461,0.8233352366806556,0.3080229431761712,1,9.0,0.0,0.25,310.0,0.0,traditional_trade,MX-CENTRAL,product_recommendation,promote_core_pack,0
388.03263355507056,2,21,0.8195949422627008,0.49269869591432847,0.3168044611421478,3,15.5,1.5,0.25,385.0,0.0,traditional_trade,MX-CENTRAL,bundle,premium_bundle,0
347.9025595578339,1,9,0.7123149263575319,0.38317211944141183,0.09395707703913472,0,18.0,0.0,4.5,0.0,0.0,modern_trade,CO-ANDES,human_followup,sales_visit,1
314.8296119507373,5,0,0.5448082177976048,0.6515238497889675,0.6827759884283411,1,9.0,0.0,0.25,310.0,0.0,traditional_trade,CO-ANDES,product_recommendation,promote_core_pack,0
382.77442777933874,6,2,0.7368842665704004,0.587612755586955,0.18433634890207135,1,7.5,2.5,0.2,295.0,0.05,traditional_trade,BR-SE,promotion,targeted_discount,0
386.77517167265694,9,13,0.7038113083824472,0.5299297134931583,0.13825554701375295,0,15.5,1.5,0.25,385.0,0.0,digital,BR-SE,bundle,premium_bundle,1
381.3082114951649,7,7,0.8231381040190111,0.3609581110082202,0.2087805422597236,3,15.5,1.5,0.25,385.0,0.0,traditional_trade,MX-NORTH,bundle,premium_bundle,0
268.0060705748884,4,26,0.7569432672258631,0.7181777298623866,0.4386181361149293,2,9.0,0.0,0.25,310.0,0.0,digital,BR-SE,product_recommendation,promote_core_pack,1
191.31431090736933,7,27,0.3058057611527187,0.35136254977669085,0.6065890771731588,1,7.5,2.5,0.2,295.0,0.05,modern_trade,CO-ANDES,promotion,targeted_discount,0
332.4053170365783,6,1,0.4836888707023335,0.5623903678451168,0.46995487371669653,1,18.0,0.0,4.5,0.0,0.0,traditional_trade,BR-SE,human_followup,sales_visit,1
331.7615049675939,7,7,0.5946864474427324,0.48606913769676247,0.44798609822600655,1,18.0,0.0,4.5,0.0,0.0,digital,MX-CENTRAL,human_followup,sales_visit,1
298.8966990504544,7,4,0.6996322225903706,0.7033276992874816,0.3616252499419379,3,15.5,1.5,0.25,385.0,0.0,modern_trade,MX-NORTH,bundle,premium_bundle,0
463.8981555468412,8,6,0.6063167522122063,0.43515701755487035,0.6753153833507489,0,9.0,0.0,0.25,310.0,0.0,digital,MX-CENTRAL,product_recommendation,promote_core_pack,1
360.34560704813435,7,6,0.7736201482196958,0.7731904069062071,0.9410192814549322,3,7.5,2.5,0.2,295.0,0.05,digital,CO-ANDES,promotion,targeted_discount,1
384.38955339763254,7,2,0.6227408974538323,0.2625461449299848,0.23433344851007376,0,15.5,1.5,0.25,385.0,0.0,digital,MX-NORTH,bundle,premium_bundle,0
334.01401529333015,4,21,0.6801596148303812,0.3025207995722508,0.40110543015268535,3,18.0,0.0,4.5,0.0,0.0,modern_trade,CO-ANDES,human_followup,sales_visit,1
329.98752942563004,9,14,0.9059385031969693,0.38374731998565487,0.33341257488973375,1,9.0,0.0,0.25,310.0,0.0,modern_trade,CO-ANDES,product_recommendation,promote_core_pack,1
344.66991523621783,3,6,0.8997332208884007,0.05584946020497851,0.3013732964360652,1,18.0,0.0,4.5,0.0,0.0,traditional_trade,BR-SE,human_followup,sales_visit,1
312.3157810189587,8,25,0.6154444274364737,0.13797189410913938,0.599771249201409,3,18.0,0.0,4.5,0.0,0.0,traditional_trade,MX-NORTH,human_followup,sales_visit,0
264.14158948631496,6,15,0.45916748295924914,0.3311683119892453,0.38475760802841985,0,15.5,1.5,0.25,385.0,0.0,traditional_trade,BR-SE,bundle,premium_bundle,0
302.723144264363,8,15,0.8572962678711211,0.22268079653262216,0.11348517656713375,1,9.0,0.0,0.25,310.0,0.0,modern_trade,BR-SE,product_recommendation,promote_core_pack,0
310.8239346552938,5,19,0.6526940766854806,0.4620043380141891,0.4612442908744614,0,9.0,0.0,0.25,310.0,0.0,modern_trade,CO-ANDES,product_recommendation,promote_core_pack,0
456.97251711198186,4,25,0.6305338927634777,0.40860128205538615,0.11931452038491493,2,7.5,2.5,0.2,295.0,0.05,digital,BR-SE,promotion,targeted_discount,1
242.73458871129188,4,4,0.43890115490813075,0.14029971959164184,0.3385206263511579,0,15.5,1.5,0.25,385.0,0.0,digital,CO-ANDES,bundle,premium_bundle,0
405.32242079182754,5,15,0.6820697422632553,0.18667457687078282,0.09902814448233514,0,9.0,0.0,0.25,310.0,0.0,modern_trade,MX-NORTH,product_recommendation,promote_core_pack,0
161.51503393540602,5,5,0.8980393050639148,0.7952619520204782,0.41096651425793124,0,7.5,2.5,0.2,295.0,0.05,traditional_trade,CO-ANDES,promotion,targeted_discount,1
307.60308926793334,7,23,0.9454849496354191,0.45951694368677237,0.24232631021900375,0,7.5,2.5,0.2,295.0,0.05,traditional_trade,BR-SE,promotion,targeted_discount,1
318.36630965037324,9,11,0.5469396569270335,0.30762500473565096,0.2325541489632575,2,7.5,2.5,0.2,295.0,0.05,modern_trade,MX-CENTRAL,promotion,targeted_discount,1
334.0342273798549,2,2,0.7189424972516364,0.6098932136205502,0.1370193228887315,0,15.5,1.5,0.25,385.0,0.0,traditional_trade,MX-NORTH,bundle,premium_bundle,0
347.8227966153899,5,29,0.5337950217369379,0.1571825369645458,0.25239096092020025,1,18.0,0.0,4.5,0.0,0.0,modern_trade,MX-NORTH,human_followup,sales_visit,1
184.40433136767308,1,3,0.808690016350142,0.6361040275060381,0.04175665959592057,1,15.5,1.5,0.25,385.0,0.0,modern_trade,CO-ANDES,bundle,premium_bundle,0
460.51944271830325,6,22,0.6715900621778824,0.846296564139095,0.38088547955548285,2,9.0,0.0,0.25,310.0,0.0,digital,MX-CENTRAL,product_recommendation,promote_core_pack,1
325.84710744711094,4,5,0.7102509009335835,0.54894680024809,0.41210274402548924,1,9.0,0.0,0.25,310.0,0.0,traditional_trade,BR-SE,product_recommendation,promote_core_pack,1
357.277215692882,9,30,0.5019875328871815,0.5040605546173863,0.21872861611981637,1,18.0,0.0,4.5,0.0,0.0,digital,BR-SE,human_followup,sales_visit,0
396.97401301819946,1,1,0.6556141537066889,0.5320852412644063,0.5517026535222768,0,7.5,2.5,0.2,295.0,0.05,modern_trade,MX-NORTH,promotion,targeted_discount,1
335.4786021644019,6,14,0.5275589414416038,0.39496520909096916,0.22221767454145772,0,9.0,0.0,0.25,310.0,0.0,traditional_trade,MX-NORTH,product_recommendation,promote_core_pack,1
303.26829492835174,4,13,0.6322344909806417,0.5119511989704109,0.07988131627626904,3,9.0,0.0,0.25,310.0,0.0,modern_trade,BR-SE,product_recommendation,promote_core_pack,1
348.22531475870846,5,5,0.5539634263924519,0.30511660169878674,0.5756787766949858,0,9.0,0.0,0.25,310.0,0.0,traditional_trade,MX-CENTRAL,product_recommendation,promote_core_pack,1
347.0583292032127,9,7,0.9433857823848528,0.6723935750326266,0.6381662942623667,0,15.5,1.5,0.25,385.0,0.0,traditional_trade,BR-SE,bundle,premium_bundle,0
316.06617816173764,4,6,0.6032188369533439,0.31417588029524507,0.38078765203238935,2,7.5,2.5,0.2,295.0,0.05,digital,MX-NORTH,promotion,targeted_discount,0
384.4077282487634,0,14,0.9332844537175,0.8214278834592412,0.38774390811596626,3,9.0,0.0,0.25,310.0,0.0,modern_trade,MX-CENTRAL,product_recommendation,promote_core_pack,0
200.33206349552773,6,29,0.5809446779969307,0.07252972406587274,0.5453892313345298,1,7.5,2.5,0.2,295.0,0.05,modern_trade,CO-ANDES,promotion,targeted_discount,0
265.06750685576856,5,8,0.5381442409150022,0.509959159341428,0.669478503085247,2,7.5,2.5,0.2,295.0,0.05,modern_trade,BR-SE,promotion,targeted_discount,0
287.06728228066123,3,5,0.7746757858567925,0.2556573209952509,0.6350338499227115,0,18.0,0.0,4.5,0.0,0.0,traditional_trade,MX-CENTRAL,human_followup,sales_visit,0
410.63577496818476,3,8,0.5456966739572504,0.23451312393032017,0.23776212484039533,1,18.0,0.0,4.5,0.0,0.0,digital,CO-ANDES,human_followup,sales_visit,0
311.8650974224617,3,26,0.7105875708720106,0.49832615549203935,0.3298392877444847,0,15.5,1.5,0.25,385.0,0.0,digital,MX-CENTRAL,bundle,premium_bundle,1
469.3076410119699,6,18,0.9078400816850812,0.5144510082587997,0.3499808930051866,1,7.5,2.5,0.2,295.0,0.05,traditional_trade,MX-CENTRAL,promotion,targeted_discount,0
442.89588178871537,3,5,0.850295088723105,0.15882919628749775,0.26075398547490586,0,9.0,0.0,0.25,310.0,0.0,traditional_trade,MX-NORTH,product_recommendation,promote_core_pack,1
441.60039454210204,1,5,0.5134848362314453,0.7379680326439917,0.37062540444242076,3,18.0,0.0,4.5,0.0,0.0,traditional_trade,MX-CENTRAL,human_followup,sales_visit,0
370.3550763949222,1,25,0.5202251804791159,0.38869692891147645,0.18236836987320024,0,18.0,0.0,4.5,0.0,0.0,traditional_trade,MX-NORTH,human_followup,sales_visit,1
301.80103819932623,7,25,0.3057470684056918,0.13658131801066306,0.19150569852157084,2,9.0,0.0,0.25,310.0,0.0,traditional_trade,CO-ANDES,product_recommendation,promote_core_pack,1
225.66024641059465,6,5,0.6271685581957515,0.25903035395996954,0.40725261081853614,3,15.5,1.5,0.25,385.0,0.0,digital,MX-NORTH,bundle,premium_bundle,1
387.7939462590595,3,12,0.8961109695752809,0.760784799199338,0.13920036547117576,0,18.0,0.0,4.5,0.0,0.0,digital,CO-ANDES,human_followup,sales_visit,1
275.59215056009066,9,16,0.6619623661015507,0.5560325920594078,0.21240376110952763,3,15.5,1.5,0.25,385.0,0.0,digital,CO-ANDES,bundle,premium_bundle,0
363.3573729015917,3,8,0.657286753859595,0.4395628500824763,0.10538048647918308,2,9.0,0.0,0.25,310.0,0.0,traditional_trade,CO-ANDES,product_recommendation,promote_core_pack,1
247.58889312137424,3,24,0.7892456241230997,0.8130068966849142,0.6155739788352736,3,15.5,1.5,0.25,385.0,0.0,traditional_trade,MX-CENTRAL,bundle,premium_bundle,0
483.78055462026725,5,19,0.7761738514462457,0.7034052147016358,0.3331362680524242,1,7.5,2.5,0.2,295.0,0.05,digital,CO-ANDES,promotion,targeted_discount,1
458.12491541695846,4,5,0.5350255056802431,0.43877128555566536,0.8152717542225714,1,18.0,0.0,4.5,0.0,0.0,digital,MX-CENTRAL,human_followup,sales_visit,0
304.08589786502864,7,23,0.5795612538726918,0.4565063668859029,0.26313178047819347,1,15.5,1.5,0.25,385.0,0.0,modern_trade,MX-NORTH,bundle,premium_bundle,0
338.42843050066745,5,16,0.474790851394097,0.6371034814000941,0.28885753639468875,1,18.0,0.0,4.5,0.0,0.0,digital,CO-ANDES,human_followup,sales_visit,1
269.4825422624248,4,13,0.7997167811564574,0.4149869253186214,0.12528506721882085,1,9.0,0.0,0.25,310.0,0.0,modern_trade,MX-CENTRAL,product_recommendation,promote_core_pack,1
197.53410800971395,4,8,0.7354178429445417,0.600874780168079,0.2600784207212651,1,9.0,0.0,0.25,310.0,0.0,modern_trade,CO-ANDES,product_recommendation,promote_core_pack,0
447.0653329311118,7,9,0.5714271293157156,0.05810874564742223,0.1528502861273322,0,7.5,2.5,0.2,295.0,0.05,traditional_trade,MX-NORTH,promotion,targeted_discount,1
362.2178830160216,10,11,0.373310918287422,0.16307634804593676,0.549202308257212,0,15.5,1.5,0.25,385.0,0.0,traditional_trade,CO-ANDES,bundle,premium_bundle,1
150.39319391926736,3,19,0.5724053203472269,0.6250307467554781,0.31114345082672074,3,18.0,0.0,4.5,0.0,0.0,traditional_trade,BR-SE,human_followup,sales_visit,1
242.2056700514312,4,2,0.5030043532890356,0.3069964382916692,0.776874260768679,3,15.5,1.5,0.25,385.0,0.0,traditional_trade,BR-SE,bundle,premium_bundle,0
384.07177533569893,5,23,0.7728469929661632,0.340389258022505,0.43464581967910104,1,18.0,0.0,4.5,0.0,0.0,digital,CO-ANDES,human_followup,sales_visit,1
386.4135543709623,2,7,0.5440359503070469,0.4742025297314385,0.34369645077939287,1,15.5,1.5,0.25,385.0,0.0,digital,BR-SE,bundle,premium_bundle,0
461.0288029586568,5,14,0.8412417978790059,0.2323512954192019,0.3396314139087948,0,15.5,1.5,0.25,385.0,0.0,digital,BR-SE,bundle,premium_bundle,1
425.22919825280763,7,26,0.43094765329856866,0.7905232843327401,0.45124378312406055,3,15.5,1.5,0.25,385.0,0.0,modern_trade,CO-ANDES,bundle,premium_bundle,0
294.0060834708356,6,9,0.7627027421012131,0.6422945186667733,0.7084113321947325,0,9.0,0.0,0.25,310.0,0.0,modern_trade,CO-ANDES,product_recommendation,promote_core_pack,1
336.59453668116333,7,3,0.4445427005646261,0.4134113477551231,0.36000856628284617,1,7.5,2.5,0.2,295.0,0.05,digital,MX-NORTH,promotion,targeted_discount,1
269.569642045248,5,17,0.724796364510359,0.10837871201589006,0.38795076660438343,0,9.0,0.0,0.25,310.0,0.0,digital,MX-NORTH,product_recommendation,promote_core_pack,0
452.8231863725324,3,13,0.47344763777913823,0.22540891487463097,0.20011063065654758,2,7.5,2.5,0.2,295.0,0.05,modern_trade,CO-ANDES,promotion,targeted_discount,0
306.5861101771797,5,7,0.920142682955417,0.5095653363408142,0.6607479267286609,3,9.0,0.0,0.25,310.0,0.0,traditional_trade,MX-CENTRAL,product_recommendation,promote_core_pack,0
471.9446911320973,2,8,0.4769134609540516,0.3549458703791979,0.2173360357583217,3,7.5,2.5,0.2,295.0,0.05,digital,MX-CENTRAL,promotion,targeted_discount,0
325.50338894540295,5,7,0.572269566036492,0.7377723066859125,0.48231812173488003,0,15.5,1.5,0.25,385.0,0.0,traditional_trade,BR-SE,bundle,premium_bundle,1
427.7492186895188,9,4,0.5236841857445342,0.7905421215355806,0.2880505188375191,0,15.5,1.5,0.25,385.0,0.0,digital,CO-ANDES,bundle,premium_bundle,0
344.8029157971556,4,24,0.7047592726290318,0.7963652364665411,0.4946459613872596,3,9.0,0.0,0.25,310.0,0.0,modern_trade,CO-ANDES,product_recommendation,promote_core_pack,0
405.20894610873813,4,10,0.8851710960106237,0.8465927798361623,0.5795031600743996,1,9.0,0.0,0.25,310.0,0.0,traditional_trade,BR-SE,product_recommendation,promote_core_pack,1
413.7604817183163,11,26,0.8282925873016863,0.3983241435581593,0.5212223484449906,3,15.5,1.5,0.25,385.0,0.0,digital,CO-ANDES,bundle,premium_bundle,0
328.25782502130363,7,19,0.8949054212190035,0.526546536287641,0.47086589629250997,3,18.0,0.0,4.5,0.0,0.0,traditional_trade,MX-NORTH,human_followup,sales_visit,1
475.5921383174548,8,21,0.43220662266626225,0.34684314614934186,0.18491705917688864,3,9.0,0.0,0.25,310.0,0.0,traditional_trade,MX-CENTRAL,product_recommendation,promote_core_pack,1
430.35279107934565,4,13,0.8054881672847807,0.27239731283462376,0.4468801094281275,3,9.0,0.0,0.25,310.0,0.0,traditional_trade,CO-ANDES,product_recommendation,promote_core_pack,0
227.8011381388022,3,20,0.612795746798311,0.657624161889481,0.3162605818024614,2,18.0,0.0,4.5,0.0,0.0,traditional_trade,MX-CENTRAL,human_followup,sales_visit,0
200.2350950893927,9,3,0.5722068345504729,0.6980273633321056,0.032306242510053984,1,7.5,2.5,0.2,295.0,0.05,modern_trade,BR-SE,promotion,targeted_discount,1
284.41930426557917,3,14,0.5211463542538979,0.36057106103997083,0.27445032434045263,0,18.0,0.0,4.5,0.0,0.0,traditional_trade,MX-CENTRAL,human_followup,sales_visit,1
433.305246826466,1,24,0.46922710476333096,0.2576135100365095,0.7522462188774175,1,7.5,2.5,0.2,295.0,0.05,modern_trade,BR-SE,promotion,targeted_discount,0
293.0927321741035,6,15,0.7951827468559458,0.398763441891526,0.5998518366157845,1,7.5,2.5,0.2,295.0,0.05,digital,MX-CENTRAL,promotion,targeted_discount,1
285.77808546964394,3,27,0.7482825269065753,0.7641295919155042,0.5174307014375211,2,9.0,0.0,0.25,310.0,0.0,traditional_trade,CO-ANDES,product_recommendation,promote_core_pack,0
314.05186024175583,6,20,0.5247691238748343,0.4994262890509346,0.32745643263370733,1,18.0,0.0,4.5,0.0,0.0,traditional_trade,CO-ANDES,human_followup,sales_visit,1
343.60146805133854,7,10,0.5696149367087393,0.17436033002646162,0.45232667477764205,2,9.0,0.0,0.25,310.0,0.0,digital,MX-CENTRAL,product_recommendation,promote_core_pack,0
357.5872743259875,7,2,0.5674416283311011,0.29246290690103877,0.6511064159800505,0,9.0,0.0,0.25,310.0,0.0,digital,MX-NORTH,product_recommendation,promote_core_pack,0
419.32862497214853,6,21,0.5713760787626028,0.33091303465955624,0.28764193931373966,3,15.5,1.5,0.25,385.0,0.0,modern_trade,CO-ANDES,bundle,premium_bundle,0
299.67068941951743,4,3,0.7009485515417835,0.529397575820004,0.39967949661140934,2,18.0,0.0,4.5,0.0,0.0,modern_trade,CO-ANDES,human_followup,sales_visit,1
285.2377284038209,4,29,0.8734930952199699,0.7400137243047222,0.6470625150362737,3,7.5,2.5,0.2,295.0,0.05,digital,BR-SE,promotion,targeted_discount,1
365.99390452076784,6,4,0.3861154840396493,0.7241726373708197,0.6217011956769257,2,15.5,1.5,0.25,385.0,0.0,digital,MX-NORTH,bundle,premium_bundle,0
322.038499940869,6,25,0.88890753133631,0.3444983575057072,0.33708166402681383,0,7.5,2.5,0.2,295.0,0.05,traditional_trade,CO-ANDES,promotion,targeted_discount,1
377.9979718207925,8,7,0.9574815216012702,0.20813345873242525,0.6614265494119639,3,15.5,1.5,0.25,385.0,0.0,modern_trade,MX-CENTRAL,bundle,premium_bundle,0
479.5754045239596,6,11,0.9646289101828089,0.5067006916872201,0.6758274300768448,2,7.5,2.5,0.2,295.0,0.05,modern_trade,MX-CENTRAL,promotion,targeted_discount,1
378.98127931727333,7,1,0.6033048397516593,0.21922381384667006,0.5633668242083668,3,18.0,0.0,4.5,0.0,0.0,modern_trade,MX-NORTH,human_followup,sales_visit,1
317.9301623201816,4,20,0.7626517214947214,0.5992158708616327,0.34978192157698346,2,15.5,1.5,0.25,385.0,0.0,traditional_trade,BR-SE,bundle,premium_bundle,0
376.6026903091741,6,15,0.6319960983911235,0.4361099235595245,0.5645801529574526,1,18.0,0.0,4.5,0.0,0.0,digital,MX-CENTRAL,human_followup,sales_visit,1
273.4127224742192,3,11,0.6537186695227136,0.47335667654929886,0.11072961052139182,1,7.5,2.5,0.2,295.0,0.05,digital,CO-ANDES,promotion,targeted_discount,0
407.2064827390078,4,27,0.7399584170942357,0.410328524080274,0.5331498935653123,2,18.0,0.0,4.5,0.0,0.0,modern_trade,CO-ANDES,human_followup,sales_visit,0
342.5738884071645,6,27,0.707938875343939,0.23182902185512003,0.4736816969989098,3,9.0,0.0,0.25,310.0,0.0,modern_trade,MX-NORTH,product_recommendation,promote_core_pack,0
529.8464253342936,8,14,0.7544244454894588,0.4979926420598984,0.19582155141454616,3,15.5,1.5,0.25,385.0,0.0,digital,MX-CENTRAL,bundle,premium_bundle,1
268.3899737790625,5,12,0.9271574146302776,0.611826144309189,0.16957065965515783,2,18.0,0.0,4.5,0.0,0.0,traditional_trade,BR-SE,human_followup,sales_visit,1
321.2428846551446,4,19,0.489057040042985,0.5231440058553326,0.8865514088844335,2,18.0,0.0,4.5,0.0,0.0,digital,MX-CENTRAL,human_followup,sales_visit,1
429.8618479594058,2,1,0.4182111054210405,0.5379893743915234,0.7490985977543402,1,7.5,2.5,0.2,295.0,0.05,traditional_trade,MX-NORTH,promotion,targeted_discount,1
258.23317718015016,7,17,0.6533714994324142,0.28930725958115083,0.38559226412472364,2,7.5,2.5,0.2,295.0,0.05,modern_trade,CO-ANDES,promotion,targeted_discount,0
459.13344980438654,5,7,0.9256806345512977,0.4200650667501125,0.24932467652657483,3,18.0,0.0,4.5,0.0,0.0,digital,CO-ANDES,human_followup,sales_visit,1
349.74880384680466,3,26,0.6207063681408534,0.5829853981633283,0.5774309598974267,1,9.0,0.0,0.25,310.0,0.0,modern_trade,MX-NORTH,product_recommendation,promote_core_pack,1
259.84007975456655,3,14,0.8745278838886339,0.08825203154447649,0.15549153496655674,3,15.5,1.5,0.25,385.0,0.0,traditional_trade,CO-ANDES,bundle,premium_bundle,0
281.01866862228485,6,11,0.7448931437162871,0.2441936267719795,0.39649883319343365,0,7.5,2.5,0.2,295.0,0.05,traditional_trade,MX-NORTH,promotion,targeted_discount,1
396.89056436178157,5,22,0.35347089423577194,0.4355189061030279,0.21836839113681275,0,18.0,0.0,4.5,0.0,0.0,modern_trade,MX-CENTRAL,human_followup,sales_visit,0
405.73497966070784,4,5,0.8495022331309272,0.2217657199035398,0.35196945302091037,2,18.0,0.0,4.5,0.0,0.0,modern_trade,MX-NORTH,human_followup,sales_visit,0
169.9174836462619,3,30,0.9369746066950255,0.0930847569013209,0.3171385215251429,3,18.0,0.0,4.5,0.0,0.0,traditional_trade,MX-NORTH,human_followup,sales_visit,1
423.44453645920987,3,5,0.9105447489127776,0.09279495733949562,0.2683857416692344,2,7.5,2.5,0.2,295.0,0.05,digital,MX-CENTRAL,promotion,targeted_discount,0
168.10895697137016,6,18,0.9376032097692713,0.5820734826468381,0.17351727750716978,0,9.0,0.0,0.25,310.0,0.0,digital,BR-SE,product_recommendation,promote_core_pack,0
351.67766534775933,5,4,0.7392199895076397,0.5352466105619904,0.28164884485624025,3,9.0,0.0,0.25,310.0,0.0,modern_trade,CO-ANDES,product_recommendation,promote_core_pack,1
532.5897000682163,4,9,0.6577381993648908,0.24610618705208698,0.43461375216482423,3,9.0,0.0,0.25,310.0,0.0,traditional_trade,MX-NORTH,product_recommendation,promote_core_pack,0
296.3114721922184,3,0,0.8576019614996241,0.4326663659705946,0.21524077990372734,1,15.5,1.5,0.25,385.0,0.0,modern_trade,MX-CENTRAL,bundle,premium_bundle,0
276.5588312852164,3,15,0.7480526480468274,0.3918285715223523,0.038506055381675994,1,7.5,2.5,0.2,295.0,0.05,traditional_trade,MX-CENTRAL,promotion,targeted_discount,0
288.5671056962939,1,6,0.7937102706336622,0.43061946935695666,0.6415813414677769,0,9.0,0.0,0.25,310.0,0.0,digital,MX-NORTH,product_recommendation,promote_core_pack,1
445.7326741711868,6,16,0.48239353721192896,0.5365618275337902,0.6776502338243384,3,15.5,1.5,0.25,385.0,0.0,modern_trade,MX-NORTH,bundle,premium_bundle,0
362.21158893921705,3,1,0.7542140146449742,0.4173250049484035,0.7942302797259339,0,9.0,0.0,0.25,310.0,0.0,traditional_trade,MX-NORTH,product_recommendation,promote_core_pack,1
360.9447616875795,4,14,0.8376222262126961,0.2706457236509375,0.4365540506430878,0,18.0,0.0,4.5,0.0,0.0,traditional_trade,CO-ANDES,human_followup,sales_visit,0
313.1604494949515,7,1,0.5579297331611722,0.7478302679817317,0.2953020279774658,0,9.0,0.0,0.25,310.0,0.0,modern_trade,MX-NORTH,product_recommendation,promote_core_pack,1
234.92131462473026,5,3,0.614933870695727,0.5090471592374823,0.30634934403976705,1,15.5,1.5,0.25,385.0,0.0,digital,BR-SE,bundle,premium_bundle,1
380.66981693757833,5,0,0.3750762851194175,0.3714208347763871,0.3649108095156175,3,18.0,0.0,4.5,0.0,0.0,modern_trade,BR-SE,human_followup,sales_visit,0
352.59931152489764,4,8,0.5399326296106354,0.5949265777898205,0.4523465896268688,1,15.5,1.5,0.25,385.0,0.0,modern_trade,CO-ANDES,bundle,premium_bundle,0
449.56441380364225,8,18,0.880302661390564,0.5139898541779883,0.28870088135096184,3,15.5,1.5,0.25,385.0,0.0,digital,MX-CENTRAL,bundle,premium_bundle,1
376.3043800806876,2,3,0.8740821291092854,0.30892012363425037,0.4665486082032159,3,7.5,2.5,0.2,295.0,0.05,modern_trade,CO-ANDES,promotion,targeted_discount,1
345.63095650382945,7,21,0.7854417936872256,0.18027758304023367,0.2571731835920807,1,15.5,1.5,0.25,385.0,0.0,modern_trade,MX-CENTRAL,bundle,premium_bundle,1
298.2671917056489,9,27,0.740366555402647,0.6417520645216247,0.3583049899227378,1,9.0,0.0,0.25,310.0,0.0,traditional_trade,BR-SE,product_recommendation,promote_core_pack,0
204.4185614478337,7,20,0.512844564091748,0.25146452658451,0.08074675298647863,0,18.0,0.0,4.5,0.0,0.0,digital,MX-CENTRAL,human_followup,sales_visit,1
304.13789092361543,5,27,0.5514871699652274,0.7251621413300945,0.4133213891262069,1,9.0,0.0,0.25,310.0,0.0,traditional_trade,CO-ANDES,product_recommendation,promote_core_pack,1
259.5848286336304,5,1,0.8837902942056557,0.538203464828934,0.10017986952563228,1,7.5,2.5,0.2,295.0,0.05,digital,BR-SE,promotion,targeted_discount,0
318.75915600836146,4,13,0.5891833385377071,0.4193837594049813,0.37794042140047535,1,15.5,1.5,0.25,385.0,0.0,digital,MX-NORTH,bundle,premium_bundle,0
308.98628083404924,8,26,0.8355098832725634,0.07493723604553502,0.20233094601651008,2,18.0,0.0,4.5,0.0,0.0,traditional_trade,BR-SE,human_followup,sales_visit,1
370.2368534867146,3,19,0.5478108113185698,0.6123577173089826,0.15044833215284673,2,7.5,2.5,0.2,295.0,0.05,modern_trade,BR-SE,promotion,targeted_discount,0
399.6671320107813,1,4,0.5707749040426976,0.39333280394566855,0.44405967321788453,0,18.0,0.0,4.5,0.0,0.0,modern_trade,MX-CENTRAL,human_followup,sales_visit,1
380.49867613623496,2,9,0.8793973639546361,0.14207515258178766,0.2162427081092524,3,18.0,0.0,4.5,0.0,0.0,traditional_trade,MX-NORTH,human_followup,sales_visit,1
393.36482225161785,7,19,0.812482972256256,0.4063904543543791,0.4615887260107993,2,18.0,0.0,4.5,0.0,0.0,digital,MX-NORTH,human_followup,sales_visit,1
175.14881746408676,6,1,0.7696712326509894,0.2733311203326759,0.5144856094239272,3,9.0,0.0,0.25,310.0,0.0,digital,CO-ANDES,product_recommendation,promote_core_pack,1
260.31276864283456,3,0,0.7652772238238159,0.6232054521096895,0.27553137272638345,3,18.0,0.0,4.5,0.0,0.0,modern_trade,BR-SE,human_followup,sales_visit,0
420.96308392867854,4,5,0.504742835263727,0.30262506296314884,0.2478530368742608,1,9.0,0.0,0.25,310.0,0.0,traditional_trade,MX-NORTH,product_recommendation,promote_core_pack,0
300.22393110546955,5,27,0.5734609633135052,0.6954961355837987,0.27703898139936856,0,7.5,2.5,0.2,295.0,0.05,traditional_trade,MX-NORTH,promotion,targeted_discount,0
366.5693721940043,6,6,0.6554440288817867,0.3262371572893264,0.5034563306489998,1,9.0,0.0,0.25,310.0,0.0,modern_trade,CO-ANDES,product_recommendation,promote_core_pack,1
298.41826139481964,5,4,0.6710569810388405,0.4792226954893414,0.5507299359533866,3,7.5,2.5,0.2,295.0,0.05,modern_trade,MX-NORTH,promotion,targeted_discount,0
280.9729956452504,7,15,0.7842898635674764,0.6482469964663069,0.3353696512984624,0,15.5,1.5,0.25,385.0,0.0,digital,MX-NORTH,bundle,premium_bundle,0
135.38976492490323,4,29,0.832746988118663,0.23644732054012163,0.5834945434429163,3,15.5,1.5,0.25,385.0,0.0,digital,MX-NORTH,bundle,premium_bundle,0
397.91822197522845,4,27,0.7789100038210054,0.16054340193267505,0.4373089449405836,1,18.0,0.0,4.5,0.0,0.0,traditional_trade,BR-SE,human_followup,sales_visit,1
367.23849535925194,6,29,0.6447345795309785,0.3527483852116939,0.13098457865745272,2,9.0,0.0,0.25,310.0,0.0,modern_trade,CO-ANDES,product_recommendation,promote_core_pack,0
277.97828698703694,4,15,0.4476129678085717,0.5309965816235902,0.51311439643421,2,15.5,1.5,0.25,385.0,0.0,traditional_trade,CO-ANDES,bundle,premium_bundle,0
325.563791084161,4,26,0.7894589146193807,0.4519314605558956,0.7119014025832204,3,9.0,0.0,0.25,310.0,0.0,modern_trade,BR-SE,product_recommendation,promote_core_pack,0
239.54766817245016,6,14,0.5811486646337926,0.48292409763103444,0.2787376690481933,0,18.0,0.0,4.5,0.0,0.0,traditional_trade,MX-CENTRAL,human_followup,sales_visit,1
269.52997265277565,0,26,0.899188077098428,0.5383719918101831,0.267073372017536,2,9.0,0.0,0.25,310.0,0.0,modern_trade,MX-CENTRAL,product_recommendation,promote_core_pack,0
298.58879281655203,4,29,0.59749614256597,0.3789164261884472,0.5926279339338197,0,9.0,0.0,0.25,310.0,0.0,traditional_trade,CO-ANDES,product_recommendation,promote_core_pack,0
392.2192365489835,6,4,0.7389935353018335,0.08089561060875945,0.13444144591405263,1,15.5,1.5,0.25,385.0,0.0,modern_trade,CO-ANDES,bundle,premium_bundle,1
463.6199545205136,4,11,0.6236203896821583,0.6138919286960076,0.7577289846466534,3,7.5,2.5,0.2,295.0,0.05,traditional_trade,MX-CENTRAL,promotion,targeted_discount,0
294.97308301668,1,7,0.5416648006580973,0.5342791921198587,0.14779997537313252,2,9.0,0.0,0.25,310.0,0.0,digital,BR-SE,product_recommendation,promote_core_pack,1
387.6718483434688,4,4,0.3505929181157441,0.2906885332177082,0.22124036451236145,1,7.5,2.5,0.2,295.0,0.05,digital,BR-SE,promotion,targeted_discount,1
416.8318056295633,3,3,0.7944103090933523,0.46330093560490904,0.6303179123273785,3,7.5,2.5,0.2,295.0,0.05,traditional_trade,BR-SE,promotion,targeted_discount,0
220.10527018451134,9,20,0.8156128067189496,0.2793430560482797,0.2979506114598271,1,7.5,2.5,0.2,295.0,0.05,traditional_trade,MX-NORTH,promotion,targeted_discount,1
380.8882701131564,3,16,0.6411470169308828,0.5270457821858103,0.8216531520555945,1,18.0,0.0,4.5,0.0,0.0,traditional_trade,MX-NORTH,human_followup,sales_visit,1
300.37788678939535,7,16,0.681907219442817,0.24981250983727724,0.17950419234007642,3,18.0,0.0,4.5,0.0,0.0,traditional_trade,CO-ANDES,human_followup,sales_visit,0
177.98053883100576,6,17,0.3950493969619082,0.09385699397041823,0.20782877983133619,0,15.5,1.5,0.25,385.0,0.0,modern_trade,MX-CENTRAL,bundle,premium_bundle,1
505.43570859364434,4,2,0.6960233089506827,0.5727631668064993,0.2536793072325633,1,9.0,0.0,0.25,310.0,0.0,digital,BR-SE,product_recommendation,promote_core_pack,1
278.42005218102315,2,27,0.534154125653834,0.4644084466554212,0.16544384572011625,1,18.0,0.0,4.5,0.0,0.0,traditional_trade,MX-NORTH,human_followup,sales_visit,0
415.40365299062734,4,0,0.6740960259588968,0.09919345891279004,0.15512441175524538,0,15.5,1.5,0.25,385.0,0.0,modern_trade,MX-CENTRAL,bundle,premium_bundle,1
357.91396989229975,3,12,0.7504427140029242,0.6434595723097395,0.4067082783794033,3,7.5,2.5,0.2,295.0,0.05,modern_trade,MX-NORTH,promotion,targeted_discount,1
238.83005207454926,5,8,0.6830588768917084,0.6322927951621251,0.6921698321260152,0,9.0,0.0,0.25,310.0,0.0,traditional_trade,BR-SE,product_recommendation,promote_core_pack,0
290.50084888177383,2,18,0.8586448237148615,0.1691793664240028,0.16894797029671926,3,9.0,0.0,0.25,310.0,0.0,modern_trade,CO-ANDES,product_recommendation,promote_core_pack,1
406.9857201852517,7,23,0.6498329590686244,0.4526719317409872,0.09293069645496461,3,18.0,0.0,4.5,0.0,0.0,traditional_trade,MX-CENTRAL,human_followup,sales_visit,0
426.2180766866061,4,9,0.7125488411356,0.5253028104059765,0.2798808891142991,3,15.5,1.5,0.25,385.0,0.0,traditional_trade,BR-SE,bundle,premium_bundle,0
440.63814867073177,2,28,0.3230584288260442,0.3456179066938788,0.19521013473648122,0,7.5,2.5,0.2,295.0,0.05,traditional_trade,MX-CENTRAL,promotion,targeted_discount,0
282.9874253374735,1,25,0.771743591383861,0.755982644679685,0.5369070356595629,2,7.5,2.5,0.2,295.0,0.05,modern_trade,MX-CENTRAL,promotion,targeted_discount,1
253.9943881738818,6,29,0.6753097094287526,0.2954728762389069,0.3445237433199145,1,7.5,2.5,0.2,295.0,0.05,traditional_trade,MX-CENTRAL,promotion,targeted_discount,0
398.9445099826038,4,27,0.36206013598680675,0.7296313493196638,0.3552385817594027,1,7.5,2.5,0.2,295.0,0.05,traditional_trade,CO-ANDES,promotion,targeted_discount,0
315.40855736637525,4,11,0.638246045705809,0.7112088793760686,0.4896376759190652,0,15.5,1.5,0.25,385.0,0.0,digital,MX-NORTH,bundle,premium_bundle,0
301.7850317442583,2,26,0.76999356561111,0.06774816237335148,0.4261963393114277,0,18.0,0.0,4.5,0.0,0.0,traditional_trade,CO-ANDES,human_followup,sales_visit,1
289.1947917114358,3,1,0.8597509642342834,0.6588278859039272,0.6612472638055253,2,15.5,1.5,0.25,385.0,0.0,digital,MX-NORTH,bundle,premium_bundle,0
355.1419547442109,4,23,0.6341417143979334,0.48701318231252494,0.0873159779398676,0,18.0,0.0,4.5,0.0,0.0,modern_trade,CO-ANDES,human_followup,sales_visit,0
296.829018068819,4,29,0.6018190480458016,0.35271101531614346,0.40979887665913467,1,9.0,0.0,0.25,310.0,0.0,modern_trade,MX-NORTH,product_recommendation,promote_core_pack,0
308.71706308758564,3,27,0.8099888055170108,0.7226219845923785,0.5030288440036351,1,18.0,0.0,4.5,0.0,0.0,digital,MX-CENTRAL,human_followup,sales_visit,1
415.98755490162165,5,29,0.7108670347767138,0.6095045645128971,0.5653333853663455,0,9.0,0.0,0.25,310.0,0.0,traditional_trade,MX-NORTH,product_recommendation,promote_core_pack,0
315.71788308546184,5,3,0.5259349769476391,0.40249995004574624,0.5682716843768778,1,18.0,0.0,4.5,0.0,0.0,modern_trade,BR-SE,human_followup,sales_visit,1
171.10871509820205,3,29,0.7300532200654293,0.41699517304029415,0.8282237315855034,1,15.5,1.5,0.25,385.0,0.0,modern_trade,CO-ANDES,bundle,premium_bundle,0
399.7333539879083,6,30,0.5951116278465954,0.6349576443287065,0.1628197310152855,1,9.0,0.0,0.25,310.0,0.0,modern_trade,MX-CENTRAL,product_recommendation,promote_core_pack,1
236.62957091590923,6,5,0.7450872064629579,0.7888786895180528,0.22252730863157194,3,18.0,0.0,4.5,0.0,0.0,traditional_trade,MX-NORTH,human_followup,sales_visit,1
392.4665201220494,6,16,0.95019664989101,0.28399456595566464,0.06979113713424279,1,9.0,0.0,0.25,310.0,0.0,modern_trade,MX-NORTH,product_recommendation,promote_core_pack,1
406.516483937207,7,8,0.786267085769945,0.5290683225669536,0.14204632981337972,0,18.0,0.0,4.5,0.0,0.0,modern_trade,CO-ANDES,human_followup,sales_visit,1
307.10004978862565,8,1,0.8584019761081477,0.5864327932288929,0.3307042082561961,0,7.5,2.5,0.2,295.0,0.05,modern_trade,BR-SE,promotion,targeted_discount,1
529.9460445980599,9,29,0.6736185839679667,0.6544640803551032,0.35603536618663567,2,15.5,1.5,0.25,385.0,0.0,digital,MX-NORTH,bundle,premium_bundle,0
307.36107658363085,5,13,0.8949795622292651,0.6823138785497175,0.5083950898123777,1,7.5,2.5,0.2,295.0,0.05,digital,BR-SE,promotion,targeted_discount,1
314.59001039739246,2,15,0.2531161782597926,0.5779288479704536,0.6754029239062082,0,7.5,2.5,0.2,295.0,0.05,digital,MX-NORTH,promotion,targeted_discount,1
558.7037922508975,7,14,0.8127154389950035,0.6636904998355356,0.609947351414633,1,9.0,0.0,0.25,310.0,0.0,modern_trade,MX-NORTH,product_recommendation,promote_core_pack,1
413.71279616063464,6,28,0.6067738027187769,0.6075793435507107,0.3650067355542101,0,18.0,0.0,4.5,0.0,0.0,digital,MX-NORTH,human_followup,sales_visit,1
240.60692166326137,6,18,0.6687983152978203,0.4988366817086263,0.35871249766418545,1,7.5,2.5,0.2,295.0,0.05,traditional_trade,BR-SE,promotion,targeted_discount,0
396.6570517009509,4,7,0.2996641308413817,0.4511420409727522,0.5172740623844968,2,15.5,1.5,0.25,385.0,0.0,traditional_trade,MX-CENTRAL,bundle,premium_bundle,1
341.8338247237344,5,28,0.9727534538663667,0.5291549656738701,0.37916433100787,3,7.5,2.5,0.2,295.0,0.05,modern_trade,MX-NORTH,promotion,targeted_discount,1
296.32405156056166,5,29,0.6324858022767967,0.19048481851514704,0.2884106358256476,1,18.0,0.0,4.5,0.0,0.0,traditional_trade,BR-SE,human_followup,sales_visit,0
276.50659339485264,4,14,0.4555411226808795,0.5695874251985364,0.34841459336875136,3,18.0,0.0,4.5,0.0,0.0,traditional_trade,BR-SE,human_followup,sales_visit,1
269.27470312229536,5,3,0.5939962461408216,0.23651364329423766,0.25521549020290485,3,9.0,0.0,0.25,310.0,0.0,digital,CO-ANDES,product_recommendation,promote_core_pack,1
343.30915059133594,6,19,0.8400717103197821,0.16012336012544193,0.583597007853331,3,7.5,2.5,0.2,295.0,0.05,digital,MX-CENTRAL,promotion,targeted_discount,0
277.0729106119993,4,5,0.4616106646195295,0.6746834969178573,0.39364546912593634,1,15.5,1.5,0.25,385.0,0.0,traditional_trade,MX-NORTH,bundle,premium_bundle,0
163.7407174672137,5,11,0.7009706664179304,0.37936853956343125,0.25699209009268703,1,9.0,0.0,0.25,310.0,0.0,modern_trade,MX-CENTRAL,product_recommendation,promote_core_pack,0
420.7823500090639,3,21,0.5700308989841086,0.49283599326306976,0.4493932457405775,0,7.5,2.5,0.2,295.0,0.05,traditional_trade,MX-CENTRAL,promotion,targeted_discount,0
256.47200617704306,5,21,0.7601750050653532,0.31469962814355856,0.08728400356573325,2,9.0,0.0,0.25,310.0,0.0,digital,CO-ANDES,product_recommendation,promote_core_pack,1
161.7342906796857,9,27,0.7401438235486725,0.34228688619758624,0.440747181880504,1,15.5,1.5,0.25,385.0,0.0,traditional_trade,CO-ANDES,bundle,premium_bundle,0
236.6856281459943,5,0,0.731423019030535,0.22953323517798047,0.19494441245755809,1,9.0,0.0,0.25,310.0,0.0,modern_trade,BR-SE,product_recommendation,promote_core_pack,1
411.6157569396953,3,30,0.6369627894005948,0.9648908511289375,0.8927897033999226,1,9.0,0.0,0.25,310.0,0.0,modern_trade,MX-NORTH,product_recommendation,promote_core_pack,1
353.47226890608584,5,9,0.7541531448924786,0.42747461682767657,0.3625214182203758,3,18.0,0.0,4.5,0.0,0.0,modern_trade,MX-NORTH,human_followup,sales_visit,1
357.491879088639,2,26,0.4281385275557521,0.2746630100030821,0.23233666539071735,1,7.5,2.5,0.2,295.0,0.05,traditional_trade,CO-ANDES,promotion,targeted_discount,0
282.66704631797285,10,12,0.5596671392748553,0.18700204136699783,0.08836677039820734,1,18.0,0.0,4.5,0.0,0.0,modern_trade,BR-SE,human_followup,sales_visit,1
434.30056429892466,2,3,0.494916206192758,0.4460150612300381,0.046188829769087225,1,18.0,0.0,4.5,0.0,0.0,modern_trade,CO-ANDES,human_followup,sales_visit,0
272.2092659943105,8,27,0.7474316553568037,0.5128101710867266,0.5417995207444652,0,15.5,1.5,0.25,385.0,0.0,digital,CO-ANDES,bundle,premium_bundle,1
352.3902341785156,5,28,0.5066889090209433,0.6529530841785379,0.5489813822238802,3,7.5,2.5,0.2,295.0,0.05,digital,CO-ANDES,promotion,targeted_discount,0
315.44108251809314,2,19,0.7148032182398056,0.6009295622071484,0.7853998741324155,1,18.0,0.0,4.5,0.0,0.0,modern_trade,CO-ANDES,human_followup,sales_visit,0
382.51463499097827,7,12,0.9716466790332245,0.6190470601236749,0.6761135146264233,3,9.0,0.0,0.25,310.0,0.0,traditional_trade,MX-CENTRAL,product_recommendation,promote_core_pack,1
466.97457770846137,2,27,0.5681183867656847,0.777992153161903,0.6484081930478434,0,7.5,2.5,0.2,295.0,0.05,traditional_trade,MX-NORTH,promotion,targeted_discount,0
220.3333167650269,6,20,0.6431213489041926,0.84578551674118,0.6247148370680122,1,9.0,0.0,0.25,310.0,0.0,modern_trade,MX-CENTRAL,product_recommendation,promote_core_pack,0
286.6158263280046,4,24,0.605040668217316,0.410991833164199,0.4301394356565091,0,15.5,1.5,0.25,385.0,0.0,traditional_trade,CO-ANDES,bundle,premium_bundle,0
389.11208712349656,6,13,0.6783235128047014,0.4959712909552355,0.3157268667401275,1,9.0,0.0,0.25,310.0,0.0,digital,CO-ANDES,product_recommendation,promote_core_pack,1
288.01188006949616,5,1,0.7512745990902501,0.5737744933317901,0.0720403053023363,1,9.0,0.0,0.25,310.0,0.0,traditional_trade,CO-ANDES,product_recommendation,promote_core_pack,1
292.3994348584111,6,12,0.7362517667431852,0.2659046740545456,0.11395548660775519,1,18.0,0.0,4.5,0.0,0.0,digital,MX-NORTH,human_followup,sales_visit,0
498.2958157680099,6,10,0.7538976383138508,0.2992190200105744,0.5548286124205406,0,9.0,0.0,0.25,310.0,0.0,modern_trade,CO-ANDES,product_recommendation,promote_core_pack,0
308.34528405079936,4,23,0.6954973927119812,0.7536738129504418,0.05080366980203368,2,7.5,2.5,0.2,295.0,0.05,modern_trade,MX-NORTH,promotion,targeted_discount,0
385.0092984435306,5,6,0.6905163947069288,0.46277028592079034,0.4273305602817941,0,15.5,1.5,0.25,385.0,0.0,traditional_trade,MX-NORTH,bundle,premium_bundle,1
340.4052479704359,4,9,0.8331505053524231,0.4062685195205695,0.41240230512898846,3,9.0,0.0,0.25,310.0,0.0,digital,MX-NORTH,product_recommendation,promote_core_pack,1
288.6890169657312,7,1,0.8959380333081836,0.4632467551324323,0.792987411040955,3,18.0,0.0,4.5,0.0,0.0,modern_trade,BR-SE,human_followup,sales_visit,1
242.68410765294033,8,7,0.7176761817914428,0.6398320775484193,0.3367683280625076,2,15.5,1.5,0.25,385.0,0.0,traditional_trade,CO-ANDES,bundle,premium_bundle,0
293.2733509135716,3,9,0.8670209046974048,0.49873046143613775,0.27994041982058177,0,18.0,0.0,4.5,0.0,0.0,modern_trade,MX-NORTH,human_followup,sales_visit,1
439.08074916567784,7,23,0.6182998107072709,0.3889458581598085,0.3667602385792391,1,15.5,1.5,0.25,385.0,0.0,digital,MX-NORTH,bundle,premium_bundle,1
272.3404646487928,5,25,0.5971053084998528,0.6750886695228072,0.4086473492151296,2,7.5,2.5,0.2,295.0,0.05,modern_trade,BR-SE,promotion,targeted_discount,1
354.9189715661397,6,16,0.9627026692215075,0.7573461629001906,0.037383066977658856,3,18.0,0.0,4.5,0.0,0.0,modern_trade,MX-NORTH,human_followup,sales_visit,1
346.375281475922,4,17,0.5358656919400219,0.3187252511947957,0.3453376603268385,3,18.0,0.0,4.5,0.0,0.0,traditional_trade,BR-SE,human_followup,sales_visit,1
371.0107285188059,5,13,0.8600562773897843,0.4265917611997898,0.4515014900305124,1,7.5,2.5,0.2,295.0,0.05,modern_trade,BR-SE,promotion,targeted_discount,1
308.9884718918271,6,17,0.6452569665704887,0.7543078279694101,0.4341525147592522,3,15.5,1.5,0.25,385.0,0.0,digital,CO-ANDES,bundle,premium_bundle,1
283.2020168655371,4,22,0.47503074713726756,0.7424759216621005,0.8318904145804187,2,7.5,2.5,0.2,295.0,0.05,traditional_trade,MX-CENTRAL,promotion,targeted_discount,0
360.07045997953185,3,17,0.9170065682752166,0.08647419254862414,0.4743289703122661,3,15.5,1.5,0.25,385.0,0.0,digital,BR-SE,bundle,premium_bundle,0
305.0976427200851,6,28,0.4131201366263914,0.30399356857324905,0.31636842236553253,1,9.0,0.0,0.25,310.0,0.0,modern_trade,MX-NORTH,product_recommendation,promote_core_pack,1
350.21837808882793,2,8,0.76192391566699,0.7907280655553584,0.7341241094392603,1,18.0,0.0,4.5,0.0,0.0,traditional_trade,BR-SE,human_followup,sales_visit,1
231.85262894564318,8,17,0.9608977374210511,0.4766238884237463,0.5201859796603929,1,7.5,2.5,0.2,295.0,0.05,digital,CO-ANDES,promotion,targeted_discount,1
453.9514795395739,2,3,0.6631338517222564,0.39856764264294237,0.7431746984735478,1,15.5,1.5,0.25,385.0,0.0,traditional_trade,BR-SE,bundle,premium_bundle,1
493.3646815289054,5,0,0.2966366912958528,0.45619322927294653,0.07284609045529282,1,18.0,0.0,4.5,0.0,0.0,traditional_trade,BR-SE,human_followup,sales_visit,1
368.8861685444535,4,20,0.48449527045305657,0.21691336171941722,0.57599374495346,2,15.5,1.5,0.25,385.0,0.0,modern_trade,MX-NORTH,bundle,premium_bundle,1
274.38989005647835,4,3,0.48916867168415407,0.638374918058581,0.6675073016566078,3,9.0,0.0,0.25,310.0,0.0,traditional_trade,CO-ANDES,product_recommendation,promote_core_pack,0
333.3453115385849,4,3,0.8577751118541038,0.5048880294711399,0.14780636408329687,2,18.0,0.0,4.5,0.0,0.0,modern_trade,MX-NORTH,human_followup,sales_visit,1
347.7164797436188,6,6,0.5410596083773632,0.06295188343588048,0.44210832197979705,2,15.5,1.5,0.25,385.0,0.0,traditional_trade,CO-ANDES,bundle,premium_bundle,1
280.1975528823164,3,12,0.865365191358087,0.4582251920652085,0.5098758613058013,3,18.0,0.0,4.5,0.0,0.0,traditional_trade,CO-ANDES,human_followup,sales_visit,1
331.8382525805171,3,10,0.6300553277598402,0.4126284341144016,0.22450908373728792,0,15.5,1.5,0.25,385.0,0.0,modern_trade,CO-ANDES,bundle,premium_bundle,0
352.5101471513509,1,2,0.6755060958779344,0.35134844876418064,0.2919280254090227,2,18.0,0.0,4.5,0.0,0.0,modern_trade,BR-SE,human_followup,sales_visit,0
285.84117777713425,6,22,0.6783829043822514,0.8737604199859811,0.4670492158309701,0,7.5,2.5,0.2,295.0,0.05,traditional_trade,MX-NORTH,promotion,targeted_discount,1
319.0384176621607,6,3,0.932698821170626,0.4734680458860495,0.7343604479303324,0,18.0,0.0,4.5,0.0,0.0,modern_trade,BR-SE,human_followup,sales_visit,0
274.8628297524597,11,0,0.8258385006957079,0.8102626887223706,0.14144368120160297,0,7.5,2.5,0.2,295.0,0.05,modern_trade,CO-ANDES,promotion,targeted_discount,1
433.45235753379245,5,8,0.7434518379048627,0.6087827924953336,0.6112730191745974,3,7.5,2.5,0.2,295.0,0.05,digital,CO-ANDES,promotion,targeted_discount,0
251.12805394224233,4,18,0.8420706038862781,0.41345282611375705,0.5198006982957816,0,18.0,0.0,4.5,0.0,0.0,modern_trade,CO-ANDES,human_followup,sales_visit,0
344.9951264627505,3,7,0.9659130519509791,0.29820963343346607,0.3881554282978105,1,7.5,2.5,0.2,295.0,0.05,traditional_trade,BR-SE,promotion,targeted_discount,1
267.37305478235606,5,14,0.6075282366615857,0.5895540672747058,0.3706706062069636,2,15.5,1.5,0.25,385.0,0.0,traditional_trade,CO-ANDES,bundle,premium_bundle,0
339.9344226976738,3,10,0.8392966724833659,0.3781425888330294,0.7762116794786361,0,9.0,0.0,0.25,310.0,0.0,modern_trade,CO-ANDES,product_recommendation,promote_core_pack,0
229.95183339507258,8,16,0.5199041972596387,0.5592421869033142,0.5529576959058988,1,7.5,2.5,0.2,295.0,0.05,digital,CO-ANDES,promotion,targeted_discount,1
255.0877466718086,4,21,0.7636453737764493,0.41818246540198406,0.1738158891929242,3,18.0,0.0,4.5,0.0,0.0,traditional_trade,CO-ANDES,human_followup,sales_visit,1
312.75075357047973,10,23,0.5627839390170029,0.7840781372588436,0.7996200650719386,3,15.5,1.5,0.25,385.0,0.0,digital,MX-NORTH,bundle,premium_bundle,1
391.0938106775822,3,2,0.7950838147323234,0.551804070701808,0.31239291121054985,3,7.5,2.5,0.2,295.0,0.05,modern_trade,BR-SE,promotion,targeted_discount,1
351.9738886349826,4,11,0.7662247523313368,0.5714075828577273,0.19960993229853202,3,9.0,0.0,0.25,310.0,0.0,traditional_trade,MX-CENTRAL,product_recommendation,promote_core_pack,0
284.868140500391,2,7,0.7172790070638699,0.5250107209396284,0.656520594105132,1,7.5,2.5,0.2,295.0,0.05,modern_trade,BR-SE,promotion,targeted_discount,1
364.29183544857744,4,15,0.720739169983093,0.6591397410572732,0.4281624184185368,2,18.0,0.0,4.5,0.0,0.0,modern_trade,MX-NORTH,human_followup,sales_visit,0
443.88446167466407,5,26,0.40118819361103986,0.13460617943322026,0.3991342125924529,1,7.5,2.5,0.2,295.0,0.05,traditional_trade,CO-ANDES,promotion,targeted_discount,0
231.59153441313373,6,4,0.9120584473262148,0.4490000686895791,0.27656477851790573,1,15.5,1.5,0.25,385.0,0.0,traditional_trade,CO-ANDES,bundle,premium_bundle,1
249.75716761900247,6,6,0.6855011348624513,0.3716847866272032,0.6643123762331006,2,7.5,2.5,0.2,295.0,0.05,traditional_trade,MX-NORTH,promotion,targeted_discount,1
410.55868016929253,5,5,0.9029864037121341,0.3538682954964063,0.19032435651155172,3,7.5,2.5,0.2,295.0,0.05,modern_trade,CO-ANDES,promotion,targeted_discount,1
364.120023651477,6,28,0.5390480470118628,0.2224257406261724,0.5481548515797335,1,18.0,0.0,4.5,0.0,0.0,modern_trade,CO-ANDES,human_followup,sales_visit,0
383.33429965235024,6,29,0.4559935475168024,0.7277446174796846,0.36166006316588833,3,7.5,2.5,0.2,295.0,0.05,digital,MX-CENTRAL,promotion,targeted_discount,1
480.37743694396295,1,4,0.6869551527086258,0.452161776031441,0.14049733057029867,2,18.0,0.0,4.5,0.0,0.0,traditional_trade,MX-CENTRAL,human_followup,sales_visit,1
340.57703487817724,2,25,0.5421846709425061,0.6774386963571933,0.4299769190543539,3,9.0,0.0,0.25,310.0,0.0,digital,MX-CENTRAL,product_recommendation,promote_core_pack,0
424.4233790639481,5,18,0.9146459232508074,0.36733149420987105,0.3072043007782066,3,9.0,0.0,0.25,310.0,0.0,digital,MX-NORTH,product_recommendation,promote_core_pack,0
309.11928994708967,6,4,0.6433460644808533,0.26542386357664854,0.3583896736024119,2,18.0,0.0,4.5,0.0,0.0,digital,MX-CENTRAL,human_followup,sales_visit,1
376.17188936900374,8,21,0.9460927917458927,0.3555641586898783,0.442735165316481,2,7.5,2.5,0.2,295.0,0.05,traditional_trade,MX-NORTH,promotion,targeted_discount,1
289.00930440559495,2,28,0.3110080658532254,0.3519063272036436,0.399810406963737,1,18.0,0.0,4.5,0.0,0.0,traditional_trade,CO-ANDES,human_followup,sales_visit,0
291.33908401135614,3,23,0.4348368131051633,0.15216585628572837,0.6988113623191017,2,9.0,0.0,0.25,310.0,0.0,digital,BR-SE,product_recommendation,promote_core_pack,0
312.9974532894562,4,13,0.8669103214449867,0.4493564891811916,0.09987586534647772,2,15.5,1.5,0.25,385.0,0.0,traditional_trade,MX-NORTH,bundle,premium_bundle,0
219.81637352423363,9,30,0.6830061387552115,0.2998625698133643,0.18948810681919762,0,15.5,1.5,0.25,385.0,0.0,traditional_trade,MX-NORTH,bundle,premium_bundle,1
436.6317355521353,3,4,0.40748193676696104,0.6919320395300826,0.4310483631227572,2,15.5,1.5,0.25,385.0,0.0,traditional_trade,MX-NORTH,bundle,premium_bundle,0
302.8322461034029,4,6,0.7621910504701275,0.709211563489349,0.6109010015031463,2,7.5,2.5,0.2,295.0,0.05,traditional_trade,CO-ANDES,promotion,targeted_discount,1
371.2932691246987,5,25,0.5222734510403169,0.44384200715658756,0.35710558644530116,2,9.0,0.0,0.25,310.0,0.0,digital,CO-ANDES,product_recommendation,promote_core_pack,1
293.49492388015665,5,3,0.7552267959721107,0.25425874970037965,0.2175198071456979,2,7.5,2.5,0.2,295.0,0.05,modern_trade,MX-NORTH,promotion,targeted_discount,1
214.55991022572374,7,1,0.5368769577270636,0.437137194435876,0.506995422198663,0,7.5,2.5,0.2,295.0,0.05,digital,CO-ANDES,promotion,targeted_discount,0
241.06543444815378,4,3,0.9029271209833022,0.5505103388326426,0.6625389175962028,1,9.0,0.0,0.25,310.0,0.0,traditional_trade,BR-SE,product_recommendation,promote_core_pack,1
283.86536324934923,2,15,0.8009453576880717,0.24706025338500376,0.6981253289800889,1,7.5,2.5,0.2,295.0,0.05,digital,MX-CENTRAL,promotion,targeted_discount,0
377.0517247138635,5,16,0.6176513635992124,0.14943993696418165,0.6051123728271028,1,15.5,1.5,0.25,385.0,0.0,digital,MX-NORTH,bundle,premium_bundle,1
369.79923726607063,10,21,0.6901224944827155,0.1988105283686695,0.5374963795635016,3,18.0,0.0,4.5,0.0,0.0,traditional_trade,MX-NORTH,human_followup,sales_visit,1
513.8093485943014,1,4,0.7230087633535176,0.675954753946,0.7559093924525843,3,15.5,1.5,0.25,385.0,0.0,modern_trade,MX-CENTRAL,bundle,premium_bundle,0
373.2224351510265,4,28,0.7809469551968791,0.591506007639427,0.23801219238902815,1,9.0,0.0,0.25,310.0,0.0,traditional_trade,BR-SE,product_recommendation,promote_core_pack,0
236.96746709983177,7,27,0.838864607345251,0.5450113485606387,0.7047821857726926,1,9.0,0.0,0.25,310.0,0.0,digital,BR-SE,product_recommendation,promote_core_pack,1
290.17472425211326,5,0,0.5116272872478402,0.4822542523964246,0.44752941515642936,2,7.5,2.5,0.2,295.0,0.05,traditional_trade,BR-SE,promotion,targeted_discount,1
313.1562837424707,4,6,0.6815432190997365,0.6883106823621525,0.39058173501839033,1,15.5,1.5,0.25,385.0,0.0,traditional_trade,BR-SE,bundle,premium_bundle,0
167.12750049152106,2,13,0.9463296258647281,0.2157895533726025,0.25029629010319593,0,9.0,0.0,0.25,310.0,0.0,traditional_trade,CO-ANDES,product_recommendation,promote_core_pack,0
412.8851309314622,6,7,0.8803284230980123,0.7914827893576625,0.6640250513517411,2,18.0,0.0,4.5,0.0,0.0,modern_trade,MX-NORTH,human_followup,sales_visit,1
221.31862714957282,4,6,0.36965562478979486,0.3884379913736189,0.17081138737453244,0,18.0,0.0,4.5,0.0,0.0,traditional_trade,MX-CENTRAL,human_followup,sales_visit,0
240.2332382356929,1,12,0.658286642878659,0.5043221820403494,0.24444722923920015,3,9.0,0.0,0.25,310.0,0.0,modern_trade,BR-SE,product_recommendation,promote_core_pack,0
316.1129475288041,3,30,0.928984997054897,0.6974469935476723,0.3450378826350783,3,7.5,2.5,0.2,295.0,0.05,modern_trade,CO-ANDES,promotion,targeted_discount,1
301.00167074837714,8,19,0.7895518412344017,0.691904048839547,0.8331232081454724,3,7.5,2.5,0.2,295.0,0.05,traditional_trade,MX-CENTRAL,promotion,targeted_discount,1
354.32683138765594,5,2,0.7776521359765229,0.23539822451683515,0.29376511796466637,0,15.5,1.5,0.25,385.0,0.0,digital,CO-ANDES,bundle,premium_bundle,1
321.73324606697366,4,4,0.4833315982939789,0.4294118805864851,0.5086145560565806,0,7.5,2.5,0.2,295.0,0.05,digital,MX-NORTH,promotion,targeted_discount,1
275.72809875492555,6,21,0.6838985356840827,0.24409896497755407,0.3808733234302461,2,9.0,0.0,0.25,310.0,0.0,digital,MX-CENTRAL,product_recommendation,promote_core_pack,0
263.4129099958176,4,14,0.5705816548261098,0.10961420475388212,0.5488844400319612,0,9.0,0.0,0.25,310.0,0.0,modern_trade,BR-SE,product_recommendation,promote_core_pack,0
355.08954864176616,10,19,0.8291351431311313,0.9479948483463152,0.4284108028009814,1,18.0,0.0,4.5,0.0,0.0,digital,MX-CENTRAL,human_followup,sales_visit,1
437.139237081481,8,9,0.5554346107891848,0.18945816546037222,0.09709483424209814,3,7.5,2.5,0.2,295.0,0.05,digital,CO-ANDES,promotion,targeted_discount,1
302.1610254264051,7,28,0.4240901495756819,0.6907979948730932,0.5376476563686515,2,15.5,1.5,0.25,385.0,0.0,modern_trade,MX-CENTRAL,bundle,premium_bundle,0
488.21134257299116,2,25,0.8882304329191798,0.7264163579977383,0.04035175776864666,1,7.5,2.5,0.2,295.0,0.05,digital,MX-CENTRAL,promotion,targeted_discount,0
301.28722346499814,5,12,0.7010994316520454,0.4263291300943708,0.452533233310031,3,9.0,0.0,0.25,310.0,0.0,traditional_trade,MX-NORTH,product_recommendation,promote_core_pack,0
322.64363677349,4,13,0.7412536746833006,0.6114564726208902,0.592375118312045,1,15.5,1.5,0.25,385.0,0.0,modern_trade,BR-SE,bundle,premium_bundle,1
311.77200710960494,7,22,0.7527900755909464,0.14467380144479017,0.48723758281011453,2,15.5,1.5,0.25,385.0,0.0,modern_trade,CO-ANDES,bundle,premium_bundle,0
406.38397919526835,2,26,0.3940000693446735,0.27376163076668114,0.415057331851442,1,9.0,0.0,0.25,310.0,0.0,traditional_trade,BR-SE,product_recommendation,promote_core_pack,1
316.311526822075,3,29,0.7628655560192465,0.5658553021235786,0.4954757542894735,0,7.5,2.5,0.2,295.0,0.05,modern_trade,MX-CENTRAL,promotion,targeted_discount,1
291.8518081610191,4,18,0.6051228599201224,0.5295092952791473,0.6834099669155401,0,7.5,2.5,0.2,295.0,0.05,digital,MX-NORTH,promotion,targeted_discount,1
358.9192115132376,7,2,0.7860307389563501,0.5032860627516226,0.3171169828989735,2,7.5,2.5,0.2,295.0,0.05,digital,BR-SE,promotion,targeted_discount,0
275.84355364617437,2,22,0.519412291865091,0.3671239288052455,0.421455109832345,2,18.0,0.0,4.5,0.0,0.0,traditional_trade,BR-SE,human_followup,sales_visit,0
336.22547640144313,6,1,0.8442923006246792,0.797552714198167,0.6081592122761998,3,7.5,2.5,0.2,295.0,0.05,digital,MX-NORTH,promotion,targeted_discount,1
381.55192453225897,8,24,0.5324250214605863,0.7083686841059409,0.5666503921240991,3,7.5,2.5,0.2,295.0,0.05,modern_trade,CO-ANDES,promotion,targeted_discount,1
153.28531517109585,3,15,0.8043514987797883,0.4225485267169458,0.556155425852442,0,9.0,0.0,0.25,310.0,0.0,modern_trade,CO-ANDES,product_recommendation,promote_core_pack,1
236.5703465104334,6,11,0.6216069472624233,0.5659487729275279,0.5123600625130122,1,15.5,1.5,0.25,385.0,0.0,modern_trade,MX-CENTRAL,bundle,premium_bundle,1
331.4596937233677,6,2,0.7883401389090631,0.7220761111392068,0.31099704590934346,1,9.0,0.0,0.25,310.0,0.0,traditional_trade,CO-ANDES,product_recommendation,promote_core_pack,1
385.0617844216441,7,28,0.9285593528627901,0.7658468011392963,0.6930900950055603,0,18.0,0.0,4.5,0.0,0.0,modern_trade,MX-NORTH,human_followup,sales_visit,1
364.995776527843,8,29,0.6438152370436553,0.6454147767925432,0.4861478640337364,0,18.0,0.0,4.5,0.0,0.0,traditional_trade,MX-NORTH,human_followup,sales_visit,1
404.94215535222554,4,21,0.4662186346501519,0.3174262220880815,0.6629236851409697,3,18.0,0.0,4.5,0.0,0.0,traditional_trade,MX-CENTRAL,human_followup,sales_visit,0
300.02208058791257,4,12,0.6139858625957426,0.38969675554169836,0.45513836298684135,1,15.5,1.5,0.25,385.0,0.0,digital,MX-CENTRAL,bundle,premium_bundle,0
300.8364696284125,2,23,0.8372075823532643,0.629814523853011,0.15130670509865068,2,18.0,0.0,4.5,0.0,0.0,digital,BR-SE,human_followup,sales_visit,0
483.40304301834976,5,2,0.6543049672677431,0.6227793245557842,0.6633949688631826,1,7.5,2.5,0.2,295.0,0.05,digital,MX-NORTH,promotion,targeted_discount,1
339.8415855558001,7,6,0.9401879345116545,0.5917132744304852,0.6326858865435063,1,7.5,2.5,0.2,295.0,0.05,digital,MX-CENTRAL,promotion,targeted_discount,0
336.0411391270667,5,30,0.41968873277671187,0.6240393906525866,0.38754924271059216,2,7.5,2.5,0.2,295.0,0.05,digital,BR-SE,promotion,targeted_discount,0
484.0112016227953,1,9,0.6561726553852273,0.9386215703523741,0.1400905322621807,2,15.5,1.5,0.25,385.0,0.0,digital,BR-SE,bundle,premium_bundle,0
320.27566793023647,3,9,0.3256037455003311,0.49246735016009274,0.7937977251519902,2,18.0,0.0,4.5,0.0,0.0,traditional_trade,MX-NORTH,human_followup,sales_visit,0
288.8314517118605,6,26,0.8051861058821764,0.04232125456981146,0.46380982165299,0,18.0,0.0,4.5,0.0,0.0,digital,MX-NORTH,human_followup,sales_visit,1
355.8237047830742,5,23,0.6784283772807486,0.618244501321329,0.2806736319630856,0,9.0,0.0,0.25,310.0,0.0,traditional_trade,BR-SE,product_recommendation,promote_core_pack,1
409.95281097833765,6,0,0.8494413481497897,0.5469365393578538,0.4874409003648644,3,15.5,1.5,0.25,385.0,0.0,digital,BR-SE,bundle,premium_bundle,0
452.36315869822926,6,2,0.5818700183701294,0.4992390660733479,0.6857784261106556,1,7.5,2.5,0.2,295.0,0.05,digital,MX-CENTRAL,promotion,targeted_discount,0
140.54733001356337,5,2,0.8415596746326568,0.40939531975390314,0.14646591759497676,0,7.5,2.5,0.2,295.0,0.05,digital,MX-CENTRAL,promotion,targeted_discount,0
470.83952089639035,5,5,0.6918728353372052,0.297300563389916,0.5363096427549942,3,18.0,0.0,4.5,0.0,0.0,modern_trade,CO-ANDES,human_followup,sales_visit,1
468.28461003780296,5,11,0.8292263200897119,0.26714299781859985,0.44854069443178335,2,7.5,2.5,0.2,295.0,0.05,modern_trade,MX-CENTRAL,promotion,targeted_discount,0
340.83974725549757,5,13,0.8554670491096221,0.10619475153736609,0.6714778193198202,1,9.0,0.0,0.25,310.0,0.0,traditional_trade,MX-CENTRAL,product_recommendation,promote_core_pack,1
405.9091689328914,5,13,0.6249665570202874,0.6778183209969184,0.6003271523463102,0,18.0,0.0,4.5,0.0,0.0,modern_trade,MX-CENTRAL,human_followup,sales_visit,0
324.05423449822865,6,10,0.8742428473608824,0.13696925652597539,0.2191818861853459,3,9.0,0.0,0.25,310.0,0.0,digital,BR-SE,product_recommendation,promote_core_pack,1
248.72723404283727,3,4,0.51036605153463,0.22230092130560627,0.6120324046292225,2,9.0,0.0,0.25,310.0,0.0,digital,BR-SE,product_recommendation,promote_core_pack,1
407.31859630746,5,19,0.5715803892202647,0.39159093281254426,0.7693444714992483,1,15.5,1.5,0.25,385.0,0.0,digital,MX-NORTH,bundle,premium_bundle,0
323.3103210193611,4,16,0.8062676042514143,0.6043943957675318,0.2591430842881575,1,18.0,0.0,4.5,0.0,0.0,modern_trade,CO-ANDES,human_followup,sales_visit,1
403.1837508157358,11,2,0.8730013616055424,0.18987999497157543,0.20831266385197422,2,18.0,0.0,4.5,0.0,0.0,digital,MX-NORTH,human_followup,sales_visit,1
253.1175348552552,7,18,0.6005276804401444,0.48499585056106187,0.6698051681698992,1,15.5,1.5,0.25,385.0,0.0,traditional_trade,MX-CENTRAL,bundle,premium_bundle,1
542.7384316421936,5,23,0.5066236057133369,0.865517294616732,0.17749096608227866,0,18.0,0.0,4.5,0.0,0.0,traditional_trade,CO-ANDES,human_followup,sales_visit,0
242.01584143044943,5,5,0.4651972913174728,0.6404433314767868,0.10065349344981024,0,18.0,0.0,4.5,0.0,0.0,traditional_trade,BR-SE,human_followup,sales_visit,1
231.47116762682083,10,12,0.48033238847360626,0.7392684295316548,0.3070447825372358,2,15.5,1.5,0.25,385.0,0.0,digital,MX-NORTH,bundle,premium_bundle,0
374.09162774423896,4,0,0.44444035347442395,0.42994267369136696,0.3852597208824535,0,15.5,1.5,0.25,385.0,0.0,traditional_trade,MX-NORTH,bundle,premium_bundle,0
462.5907149140099,5,26,0.8809683688650696,0.5286890256273344,0.2674027458368737,2,15.5,1.5,0.25,385.0,0.0,modern_trade,MX-CENTRAL,bundle,premium_bundle,1
437.4481979390305,11,4,0.5651127371815543,0.7824245260044328,0.2872170347849933,3,15.5,1.5,0.25,385.0,0.0,modern_trade,BR-SE,bundle,premium_bundle,0
384.03936894984554,2,1,0.7718728949578628,0.328183264859282,0.412926094384152,0,9.0,0.0,0.25,310.0,0.0,modern_trade,BR-SE,product_recommendation,promote_core_pack,1
421.66589451741334,2,16,0.8181400093792327,0.506980001888008,0.52184587436177,1,15.5,1.5,0.25,385.0,0.0,traditional_trade,BR-SE,bundle,premium_bundle,1
364.59964559583307,3,4,0.6895022545373479,0.7421243179783962,0.43269148477588687,3,15.5,1.5,0.25,385.0,0.0,digital,MX-CENTRAL,bundle,premium_bundle,0
325.5157390344952,4,17,0.7717376980323198,0.3898675616309506,0.12747111473574538,2,15.5,1.5,0.25,385.0,0.0,traditional_trade,BR-SE,bundle,premium_bundle,0
402.4816167560471,5,20,0.8271615448624559,0.5235836066761496,0.5893205323831866,3,9.0,0.0,0.25,310.0,0.0,traditional_trade,MX-NORTH,product_recommendation,promote_core_pack,0
423.4630035612361,8,16,0.5295828861467631,0.3247664377673294,0.3788459504046402,1,9.0,0.0,0.25,310.0,0.0,digital,BR-SE,product_recommendation,promote_core_pack,0
323.0328333071976,3,24,0.8289766455166573,0.44609294198921745,0.3167690288724683,0,9.0,0.0,0.25,310.0,0.0,digital,MX-CENTRAL,product_recommendation,promote_core_pack,1
430.1665631772666,6,4,0.42916043400909554,0.24854218072428924,0.7187168012299331,0,15.5,1.5,0.25,385.0,0.0,traditional_trade,CO-ANDES,bundle,premium_bundle,1
403.3471486403612,7,16,0.8624501241438379,0.3350212377526218,0.32959310076871107,2,7.5,2.5,0.2,295.0,0.05,digital,CO-ANDES,promotion,targeted_discount,1
336.78316639944904,6,15,0.6455544984480254,0.2516155547286421,0.35946232636699804,0,18.0,0.0,4.5,0.0,0.0,digital,BR-SE,human_followup,sales_visit,0
381.2775716587753,3,14,0.49623347666689904,0.5377028497554045,0.38138910765059214,2,18.0,0.0,4.5,0.0,0.0,digital,MX-CENTRAL,human_followup,sales_visit,1
196.08761220615324,5,26,0.6954243624258439,0.2760524890413203,0.5807662608312413,0,18.0,0.0,4.5,0.0,0.0,digital,BR-SE,human_followup,sales_visit,1
358.19960420114245,1,30,0.9203370427886048,0.20632448959926886,0.24902124219900157,2,7.5,2.5,0.2,295.0,0.05,traditional_trade,MX-CENTRAL,promotion,targeted_discount,1
322.41266703923054,4,27,0.6861536528019282,0.012439804019685467,0.29498906100341704,3,15.5,1.5,0.25,385.0,0.0,digital,MX-NORTH,bundle,premium_bundle,1
293.62556031428403,6,17,0.6857126141953495,0.19848143712268237,0.3151048340773863,3,9.0,0.0,0.25,310.0,0.0,digital,CO-ANDES,product_recommendation,promote_core_pack,1
354.6515202027666,2,25,0.9429647936684268,0.7217689007584559,0.038285191982832575,0,9.0,0.0,0.25,310.0,0.0,traditional_trade,MX-NORTH,product_recommendation,promote_core_pack,1
249.37750881358915,5,25,0.6908181140948908,0.6126379074293934,0.5849090654705313,0,18.0,0.0,4.5,0.0,0.0,traditional_trade,BR-SE,human_followup,sales_visit,1
364.7797417253313,7,28,0.5631856207374393,0.5868899562599011,0.5077833168045641,1,15.5,1.5,0.25,385.0,0.0,digital,MX-CENTRAL,bundle,premium_bundle,1
406.5744032270457,6,9,0.872949254036839,0.19494051373013407,0.5744585687610628,0,9.0,0.0,0.25,310.0,0.0,traditional_trade,CO-ANDES,product_recommendation,promote_core_pack,0
411.8562631330441,9,3,0.7337469058228345,0.09599571525652652,0.41163961783058184,1,9.0,0.0,0.25,310.0,0.0,traditional_trade,CO-ANDES,product_recommendation,promote_core_pack,1
323.84158313654365,8,4,0.5999604437112712,0.5077312008892896,0.25199415187521723,2,9.0,0.0,0.25,310.0,0.0,modern_trade,CO-ANDES,product_recommendation,promote_core_pack,1
374.39832121575523,3,6,0.6984788514211018,0.2213074143177835,0.8527155149784599,3,15.5,1.5,0.25,385.0,0.0,modern_trade,MX-CENTRAL,bundle,premium_bundle,0
239.68335816087074,5,29,0.8239056900749422,0.6007039690014974,0.543064362319603,1,7.5,2.5,0.2,295.0,0.05,traditional_trade,CO-ANDES,promotion,targeted_discount,1
357.5788475213716,7,1,0.8990909294209857,0.4016481327020583,0.3167129998173741,0,7.5,2.5,0.2,295.0,0.05,traditional_trade,MX-NORTH,promotion,targeted_discount,1
301.86375161026365,4,25,0.4557892686948735,0.26219749979628504,0.673514694508651,0,15.5,1.5,0.25,385.0,0.0,traditional_trade,MX-NORTH,bundle,premium_bundle,0
216.30349015631566,5,6,0.6153172244258835,0.3426724872193841,0.17425576003048668,3,18.0,0.0,4.5,0.0,0.0,digital,CO-ANDES,human_followup,sales_visit,0
380.86383967705814,1,14,0.654083722086563,0.12419410949204429,0.5638916543218383,3,18.0,0.0,4.5,0.0,0.0,traditional_trade,BR-SE,human_followup,sales_visit,1
250.71609153662803,4,24,0.7220476545394908,0.403136649893575,0.6836684719993309,0,9.0,0.0,0.25,310.0,0.0,modern_trade,MX-NORTH,product_recommendation,promote_core_pack,0
305.8648108585144,6,26,0.929638635508794,0.4708176844129162,0.49498651447788317,1,9.0,0.0,0.25,310.0,0.0,modern_trade,MX-CENTRAL,product_recommendation,promote_core_pack,0
298.82635433457955,4,22,0.8165034063246769,0.584213748181608,0.548155277172084,0,18.0,0.0,4.5,0.0,0.0,digital,MX-NORTH,human_followup,sales_visit,1
549.1630234352681,4,10,0.7510647699937796,0.5315125172225805,0.3157413949276625,0,7.5,2.5,0.2,295.0,0.05,digital,MX-NORTH,promotion,targeted_discount,0
133.05580188945638,1,4,0.5754006521708839,0.315820601224923,0.4099935788120632,3,9.0,0.0,0.25,310.0,0.0,digital,MX-NORTH,product_recommendation,promote_core_pack,1
358.8525573831403,4,15,0.2707342632062245,0.2194493233791581,0.3412053798629906,3,7.5,2.5,0.2,295.0,0.05,digital,MX-CENTRAL,promotion,targeted_discount,1
362.6982633530894,2,14,0.5223741607042044,0.6006778363705486,0.46662164133061507,3,9.0,0.0,0.25,310.0,0.0,traditional_trade,BR-SE,product_recommendation,promote_core_pack,0
284.30189371661726,5,3,0.6247337664815927,0.22155644603258404,0.16186635600933652,0,9.0,0.0,0.25,310.0,0.0,modern_trade,BR-SE,product_recommendation,promote_core_pack,1
395.608313531329,9,15,0.49902823641555527,0.21270422899434047,0.2195072973321768,0,9.0,0.0,0.25,310.0,0.0,digital,BR-SE,product_recommendation,promote_core_pack,1
333.8178188296901,4,14,0.7631308784799888,0.2711361698150343,0.1623213550309255,3,7.5,2.5,0.2,295.0,0.05,traditional_trade,MX-NORTH,promotion,targeted_discount,1
418.9560742904056,4,30,0.6969778106993119,0.48227982063621655,0.5067407562704683,0,7.5,2.5,0.2,295.0,0.05,traditional_trade,MX-NORTH,promotion,targeted_discount,0
287.37907415082145,2,8,0.44207980363973104,0.3479029695416433,0.3928206220767044,1,7.5,2.5,0.2,295.0,0.05,digital,CO-ANDES,promotion,targeted_discount,0
301.21902277807334,9,1,0.6992157381992459,0.5569544047329659,0.7000377560083204,2,7.5,2.5,0.2,295.0,0.05,traditional_trade,MX-NORTH,promotion,targeted_discount,0
390.62906042763444,4,7,0.7269051538321349,0.2792571440131808,0.30024775219629685,0,9.0,0.0,0.25,310.0,0.0,traditional_trade,BR-SE,product_recommendation,promote_core_pack,0
407.35021996092536,2,9,0.5870653696261826,0.32182559625229107,0.8124561533052208,3,9.0,0.0,0.25,310.0,0.0,modern_trade,CO-ANDES,product_recommendation,promote_core_pack,0
310.5706517602605,3,18,0.5699152772130691,0.7324498273641299,0.20867194095194697,3,15.5,1.5,0.25,385.0,0.0,digital,MX-CENTRAL,bundle,premium_bundle,0
415.8189285402458,3,11,0.7634331468083854,0.09906779543198141,0.6404035402025449,2,15.5,1.5,0.25,385.0,0.0,modern_trade,MX-CENTRAL,bundle,premium_bundle,0
286.42964528516137,5,24,0.9053676755771695,0.5458657872204878,0.2877417369289331,2,15.5,1.5,0.25,385.0,0.0,digital,MX-NORTH,bundle,premium_bundle,1
382.4224806144008,3,8,0.8584366662891778,0.5826140452983254,0.3646628656488895,2,7.5,2.5,0.2,295.0,0.05,modern_trade,MX-NORTH,promotion,targeted_discount,1
372.4504737947375,7,1,0.8238702305030717,0.753710248671062,0.10844736501444932,0,7.5,2.5,0.2,295.0,0.05,modern_trade,BR-SE,promotion,targeted_discount,1
365.99861948271814,5,9,0.8446288893419742,0.12940960377258295,0.25668731647391985,2,18.0,0.0,4.5,0.0,0.0,modern_trade,MX-CENTRAL,human_followup,sales_visit,1
155.53016988050277,4,27,0.8808549946939745,0.216344214314414,0.41028980347112665,2,15.5,1.5,0.25,385.0,0.0,modern_trade,MX-CENTRAL,bundle,premium_bundle,0
351.45296917063405,6,8,0.8423439394602734,0.8633660113137618,0.6980639097878474,3,18.0,0.0,4.5,0.0,0.0,modern_trade,MX-NORTH,human_followup,sales_visit,0
270.6215121284227,6,6,0.5801385421969691,0.2155373601489177,0.6348903526859164,3,18.0,0.0,4.5,0.0,0.0,digital,MX-NORTH,human_followup,sales_visit,1
362.1677849169625,4,5,0.8344804734316102,0.5919105263810599,0.7071535561623932,0,18.0,0.0,4.5,0.0,0.0,modern_trade,MX-NORTH,human_followup,sales_visit,1
148.93078361325038,4,3,0.6510806318327764,0.38360117678969785,0.15047465762085696,0,7.5,2.5,0.2,295.0,0.05,digital,CO-ANDES,promotion,targeted_discount,1
396.7769927385445,4,2,0.3966220739060366,0.490853213001102,0.16627638183529858,1,7.5,2.5,0.2,295.0,0.05,digital,MX-NORTH,promotion,targeted_discount,0
275.97893981665175,5,0,0.6909463230006774,0.22731114032551164,0.6266747190799026,0,9.0,0.0,0.25,310.0,0.0,digital,CO-ANDES,product_recommendation,promote_core_pack,0
468.6609675707134,5,26,0.6536536674275029,0.6427797433899564,0.37202705323696067,3,18.0,0.0,4.5,0.0,0.0,modern_trade,BR-SE,human_followup,sales_visit,1
342.8119201628838,6,19,0.554284376347837,0.6254904043548861,0.4093042133586506,2,9.0,0.0,0.25,310.0,0.0,digital,MX-CENTRAL,product_recommendation,promote_core_pack,0
341.56240375989256,8,15,0.4364995803819751,0.28483338214731385,0.5459906858013482,1,9.0,0.0,0.25,310.0,0.0,modern_trade,BR-SE,product_recommendation,promote_core_pack,0
411.9931619175575,4,22,0.9222468696256262,0.7174062208308909,0.258184292945808,3,18.0,0.0,4.5,0.0,0.0,modern_trade,CO-ANDES,human_followup,sales_visit,0
435.0960035463244,5,0,0.4402393652359332,0.2780195245673013,0.2873125605485848,3,9.0,0.0,0.25,310.0,0.0,traditional_trade,MX-NORTH,product_recommendation,promote_core_pack,1
373.6308421722165,7,12,0.4747182223764674,0.4162754353652832,0.6191900504388054,1,18.0,0.0,4.5,0.0,0.0,modern_trade,MX-NORTH,human_followup,sales_visit,1
201.1981214376343,4,9,0.2635425946024645,0.7051612641669757,0.3819847360611079,2,7.5,2.5,0.2,295.0,0.05,modern_trade,CO-ANDES,promotion,targeted_discount,1
387.4786218265545,5,10,0.8559893716376604,0.588201583657225,0.18060416240034843,3,18.0,0.0,4.5,0.0,0.0,traditional_trade,BR-SE,human_followup,sales_visit,1
335.33168697754286,9,6,0.8050327385461507,0.4795818367627698,0.28465915076072895,0,7.5,2.5,0.2,295.0,0.05,traditional_trade,MX-CENTRAL,promotion,targeted_discount,1
318.3159186044896,2,28,0.634126456909942,0.39722429955071265,0.5545905806881982,0,18.0,0.0,4.5,0.0,0.0,digital,CO-ANDES,human_followup,sales_visit,1
398.34235716689136,6,13,0.8076374941091672,0.2323842658911365,0.21170557719096583,0,7.5,2.5,0.2,295.0,0.05,modern_trade,CO-ANDES,promotion,targeted_discount,1
280.82990009341813,5,8,0.8434245450980613,0.43969956301974006,0.8453725297060187,3,7.5,2.5,0.2,295.0,0.05,traditional_trade,MX-CENTRAL,promotion,targeted_discount,1
445.1266404821675,3,22,0.6975476895936298,0.3858432889891731,0.5045899339451356,3,18.0,0.0,4.5,0.0,0.0,modern_trade,BR-SE,human_followup,sales_visit,0
476.203711138341,5,1,0.6121723482473355,0.1814125239504882,0.38965309912215756,1,18.0,0.0,4.5,0.0,0.0,digital,BR-SE,human_followup,sales_visit,1
419.7634431210487,3,25,0.4469411744675348,0.3688296406516583,0.3233564917455033,3,18.0,0.0,4.5,0.0,0.0,traditional_trade,MX-NORTH,human_followup,sales_visit,1
358.7600236249059,5,27,0.9349121053155962,0.44853050302569564,0.31826718618209127,0,18.0,0.0,4.5,0.0,0.0,traditional_trade,BR-SE,human_followup,sales_visit,0
255.28302692160554,2,19,0.5138353835180672,0.7820486667110765,0.28118425574321954,1,18.0,0.0,4.5,0.0,0.0,digital,MX-NORTH,human_followup,sales_visit,0
428.02702877544255,3,21,0.6252602622354619,0.5987012004823683,0.12070366281658047,1,9.0,0.0,0.25,310.0,0.0,digital,BR-SE,product_recommendation,promote_core_pack,1
294.0245418431019,2,30,0.7973101528265544,0.3259176959645082,0.1319779500209653,2,9.0,0.0,0.25,310.0,0.0,traditional_trade,MX-CENTRAL,product_recommendation,promote_core_pack,1
303.98732727330184,3,12,0.6479891413806819,0.1752964362665774,0.27583330063653955,0,7.5,2.5,0.2,295.0,0.05,modern_trade,BR-SE,promotion,targeted_discount,0
452.3806037521789,7,3,0.6183153205223723,0.588425371921921,0.32822470620882327,2,9.0,0.0,0.25,310.0,0.0,modern_trade,MX-CENTRAL,product_recommendation,promote_core_pack,1
348.70030656527183,9,18,0.7913671407526055,0.32129780965511734,0.6000374329124377,3,18.0,0.0,4.5,0.0,0.0,traditional_trade,BR-SE,human_followup,sales_visit,0
268.03967587852605,7,0,0.9651166149457318,0.2764664221383387,0.5757998686238016,2,7.5,2.5,0.2,295.0,0.05,traditional_trade,BR-SE,promotion,targeted_discount,0
381.4113670034973,8,29,0.35982509320988754,0.33130757324917753,0.3643209479742838,1,7.5,2.5,0.2,295.0,0.05,digital,MX-NORTH,promotion,targeted_discount,0
392.3232865370853,3,1,0.8401538525454922,0.49158596913798686,0.6479773021220929,1,15.5,1.5,0.25,385.0,0.0,digital,CO-ANDES,bundle,premium_bundle,0
164.4872691295235,2,1,0.7233356581087114,0.2987062357140382,0.5063452150092622,3,15.5,1.5,0.25,385.0,0.0,digital,CO-ANDES,bundle,premium_bundle,0
360.2885891508383,8,21,0.6241343250047308,0.3879306601583688,0.7767527615608308,0,7.5,2.5,0.2,295.0,0.05,traditional_trade,CO-ANDES,promotion,targeted_discount,1
304.3222990820525,5,21,0.745729569980147,0.7569810694281595,0.2516972863520324,1,9.0,0.0,0.25,310.0,0.0,traditional_trade,MX-NORTH,product_recommendation,promote_core_pack,0
269.87190754173116,6,14,0.4653722764073113,0.094472574868062,0.39179430709792745,3,7.5,2.5,0.2,295.0,0.05,digital,MX-CENTRAL,promotion,targeted_discount,0
318.8109809057822,6,3,0.8325509957099679,0.6432940062298891,0.3515667906540227,1,15.5,1.5,0.25,385.0,0.0,digital,MX-NORTH,bundle,premium_bundle,1
213.28018668855782,4,2,0.6186662644542564,0.15772895082440908,0.3722468361870026,2,9.0,0.0,0.25,310.0,0.0,digital,CO-ANDES,product_recommendation,promote_core_pack,0
199.4037745204725,6,19,0.8267552367454567,0.3588221703635344,0.3563966179054261,1,9.0,0.0,0.25,310.0,0.0,traditional_trade,CO-ANDES,product_recommendation,promote_core_pack,0
223.87377035199177,4,30,0.4066453852396938,0.45321877890057616,0.5032254372655441,2,9.0,0.0,0.25,310.0,0.0,modern_trade,CO-ANDES,product_recommendation,promote_core_pack,0
422.3155465219689,6,9,0.5650034703094492,0.6559341887848664,0.22740972770267256,3,18.0,0.0,4.5,0.0,0.0,traditional_trade,CO-ANDES,human_followup,sales_visit,1
331.34751905575826,4,7,0.5211174636290667,0.33891913364069837,0.5522712090329539,3,7.5,2.5,0.2,295.0,0.05,digital,MX-CENTRAL,promotion,targeted_discount,1
250.91196626816895,7,22,0.820961849424614,0.6396137714918333,0.4352230170680939,2,18.0,0.0,4.5,0.0,0.0,traditional_trade,MX-CENTRAL,human_followup,sales_visit,1
252.65219623390135,4,26,0.45354819399045704,0.16894865329512185,0.22745086034893663,0,15.5,1.5,0.25,385.0,0.0,traditional_trade,MX-CENTRAL,bundle,premium_bundle,1
288.0952291121087,1,29,0.4814260262750386,0.3550523456719938,0.47224863735802,2,18.0,0.0,4.5,0.0,0.0,traditional_trade,BR-SE,human_followup,sales_visit,0
284.950838438228,5,12,0.23431129752661897,0.9137458205677473,0.4091101012322087,1,9.0,0.0,0.25,310.0,0.0,digital,BR-SE,product_recommendation,promote_core_pack,1
240.44099967290956,3,25,0.735197440333364,0.31334903383798635,0.24554432704853885,3,9.0,0.0,0.25,310.0,0.0,modern_trade,CO-ANDES,product_recommendation,promote_core_pack,0
495.2694504461508,2,4,0.49655327312494646,0.6899507007457336,0.1876565563572325,1,15.5,1.5,0.25,385.0,0.0,digital,MX-CENTRAL,bundle,premium_bundle,1
382.9415716558189,3,26,0.698577250723037,0.14318775010594376,0.6261254923699553,2,15.5,1.5,0.25,385.0,0.0,modern_trade,MX-CENTRAL,bundle,premium_bundle,1
278.4809602184126,7,2,0.4846914734841199,0.6998262040183157,0.43652692045643976,2,7.5,2.5,0.2,295.0,0.05,traditional_trade,MX-CENTRAL,promotion,targeted_discount,0
294.1718502128139,3,16,0.6645208252461522,0.28409573262229537,0.1738788294032601,3,7.5,2.5,0.2,295.0,0.05,digital,MX-CENTRAL,promotion,targeted_discount,0
347.5569600597278,4,30,0.539274219263121,0.25359128641773737,0.514490064918732,2,15.5,1.5,0.25,385.0,0.0,traditional_trade,BR-SE,bundle,premium_bundle,1
312.73079690840973,2,29,0.5505051833325983,0.3595322669308126,0.20142088728958554,3,7.5,2.5,0.2,295.0,0.05,traditional_trade,CO-ANDES,promotion,targeted_discount,0
309.417693784097,6,27,0.7901650553877141,0.6061582076825405,0.18803112023962978,3,7.5,2.5,0.2,295.0,0.05,digital,BR-SE,promotion,targeted_discount,0
430.40718523473413,7,16,0.5631018003844516,0.35420884153017757,0.4285851875625772,0,7.5,2.5,0.2,295.0,0.05,traditional_trade,MX-CENTRAL,promotion,targeted_discount,1
335.0685024384048,4,20,0.8213827044249945,0.45593363433369233,0.7053559336470118,3,7.5,2.5,0.2,295.0,0.05,digital,MX-NORTH,promotion,targeted_discount,0
277.564181631489,3,23,0.7193501234937281,0.6182718608044967,0.3880657992106298,1,15.5,1.5,0.25,385.0,0.0,traditional_trade,BR-SE,bundle,premium_bundle,0
331.97284191839725,3,20,0.28116597005104127,0.5480469346716778,0.3540840522944935,3,7.5,2.5,0.2,295.0,0.05,digital,BR-SE,promotion,targeted_discount,0
449.0345560656018,8,22,0.7560426881237255,0.37957831224981214,0.678079372462574,2,18.0,0.0,4.5,0.0,0.0,modern_trade,MX-CENTRAL,human_followup,sales_visit,1
297.61066109997785,3,17,0.32921512954436444,0.5525161825367043,0.1805673786038742,2,18.0,0.0,4.5,0.0,0.0,traditional_trade,CO-ANDES,human_followup,sales_visit,0
372.1268365345783,4,19,0.5756001754773175,0.7524920486992783,0.30536817744911965,2,15.5,1.5,0.25,385.0,0.0,digital,MX-NORTH,bundle,premium_bundle,1
335.39439543846083,1,28,0.916113529441569,0.47874951198612126,0.2392654519132832,1,18.0,0.0,4.5,0.0,0.0,digital,MX-NORTH,human_followup,sales_visit,0
453.6265448707065,5,9,0.629346945217174,0.4166274171947481,0.6371867018721684,3,15.5,1.5,0.25,385.0,0.0,modern_trade,MX-NORTH,bundle,premium_bundle,0
205.97189252584212,2,9,0.9271078500454719,0.252614971361759,0.5972398744051137,3,18.0,0.0,4.5,0.0,0.0,traditional_trade,BR-SE,human_followup,sales_visit,1
384.03993552564003,7,2,0.4143493904354547,0.3591836222183499,0.34084460663764804,0,18.0,0.0,4.5,0.0,0.0,modern_trade,MX-NORTH,human_followup,sales_visit,0
384.2815041465049,3,28,0.5454615897791409,0.8099988040410927,0.20113446847479513,3,15.5,1.5,0.25,385.0,0.0,traditional_trade,BR-SE,bundle,premium_bundle,1
306.37710291182464,2,5,0.44283813838437336,0.27861011961635623,0.6113852117494134,2,15.5,1.5,0.25,385.0,0.0,modern_trade,MX-NORTH,bundle,premium_bundle,0
395.75811201692926,8,4,0.31426878566533395,0.5470830521648724,0.5661949855218124,0,9.0,0.0,0.25,310.0,0.0,modern_trade,MX-NORTH,product_recommendation,promote_core_pack,1
352.70096651221485,4,10,0.8027200236360453,0.42488463547480254,0.47662369691031425,0,9.0,0.0,0.25,310.0,0.0,modern_trade,CO-ANDES,product_recommendation,promote_core_pack,1
431.027829229801,9,12,0.48616600017571177,0.3746806389330896,0.4302889169661474,1,9.0,0.0,0.25,310.0,0.0,modern_trade,MX-NORTH,product_recommendation,promote_core_pack,1
288.2258626210328,6,30,0.5311958011578917,0.33746257278412933,0.1608565572990081,1,18.0,0.0,4.5,0.0,0.0,digital,MX-NORTH,human_followup,sales_visit,0
403.36198095043517,6,25,0.7358546113630524,0.3989022699243899,0.5880278686055599,0,9.0,0.0,0.25,310.0,0.0,traditional_trade,BR-SE,product_recommendation,promote_core_pack,0
197.4875352968166,4,27,0.8162608251092411,0.44765572424717953,0.39813988121514005,3,15.5,1.5,0.25,385.0,0.0,modern_trade,CO-ANDES,bundle,premium_bundle,0
194.98170093491467,3,4,0.7800481027702186,0.7655270948957043,0.2624563899135549,0,18.0,0.0,4.5,0.0,0.0,traditional_trade,CO-ANDES,human_followup,sales_visit,0
372.8334974731683,8,7,0.41936285946011126,0.8846665931571988,0.45420296226995593,3,18.0,0.0,4.5,0.0,0.0,traditional_trade,BR-SE,human_followup,sales_visit,0
285.6357932605315,7,16,0.7198056013709955,0.7681772019465947,0.2115802325188103,0,7.5,2.5,0.2,295.0,0.05,digital,BR-SE,promotion,targeted_discount,1
436.94808001176636,6,4,0.656349410982403,0.6124886446168626,0.44644772800281196,2,9.0,0.0,0.25,310.0,0.0,digital,CO-ANDES,product_recommendation,promote_core_pack,0
189.25184458505757,3,10,0.8342338507926865,0.4439718756082524,0.22521703557737408,1,15.5,1.5,0.25,385.0,0.0,modern_trade,CO-ANDES,bundle,premium_bundle,1
358.88146928637616,5,24,0.598637179305062,0.5519377189986829,0.6650247059414992,3,18.0,0.0,4.5,0.0,0.0,modern_trade,CO-ANDES,human_followup,sales_visit,0
293.79178704183687,8,14,0.6009671578232819,0.6633925636256484,0.42992199230231887,2,18.0,0.0,4.5,0.0,0.0,digital,CO-ANDES,human_followup,sales_visit,1
226.091543109528,6,16,0.5341800747518346,0.5518198732187406,0.7402552553726143,1,7.5,2.5,0.2,295.0,0.05,modern_trade,MX-NORTH,promotion,targeted_discount,0
293.38218563603,6,15,0.6730190618453591,0.6952951846869984,0.2480003476948582,2,18.0,0.0,4.5,0.0,0.0,digital,MX-CENTRAL,human_followup,sales_visit,1
393.8993428880814,4,22,0.6401738602997776,0.510285445557448,0.5068119170343497,3,18.0,0.0,4.5,0.0,0.0,digital,BR-SE,human_followup,sales_visit,1
351.02442080259334,8,20,0.9510669513094813,0.7482339661789645,0.22080003559963757,2,7.5,2.5,0.2,295.0,0.05,traditional_trade,MX-CENTRAL,promotion,targeted_discount,1
287.5511003126189,6,4,0.5563650976425277,0.2826552210936293,0.542221556380561,3,7.5,2.5,0.2,295.0,0.05,modern_trade,MX-NORTH,promotion,targeted_discount,0
304.4783743276754,5,13,0.8478554827398199,0.5414931476383485,0.4335281382454447,2,18.0,0.0,4.5,0.0,0.0,digital,BR-SE,human_followup,sales_visit,0
263.337848937565,2,28,0.826638062840731,0.42500836038684314,0.4515584101319234,2,9.0,0.0,0.25,310.0,0.0,digital,MX-NORTH,product_recommendation,promote_core_pack,0
408.0676930953779,6,26,0.4872794180280441,0.7375281659001958,0.5881489181174672,3,7.5,2.5,0.2,295.0,0.05,modern_trade,CO-ANDES,promotion,targeted_discount,0
317.7639343512194,10,5,0.5487454408360194,0.6490327354613328,0.6312138745336454,0,18.0,0.0,4.5,0.0,0.0,modern_trade,CO-ANDES,human_followup,sales_visit,1
367.37615485926847,9,21,0.5414625716289427,0.3613810752866603,0.17959152485877283,0,15.5,1.5,0.25,385.0,0.0,digital,BR-SE,bundle,premium_bundle,1
404.20545658974453,6,24,0.8899271988066463,0.6551519533804575,0.3217430320977179,0,7.5,2.5,0.2,295.0,0.05,traditional_trade,BR-SE,promotion,targeted_discount,1
264.4607624877782,1,23,0.395549283366158,0.4962257912403713,0.339678325835825,0,18.0,0.0,4.5,0.0,0.0,modern_trade,CO-ANDES,human_followup,sales_visit,1
354.6796383528323,7,5,0.5624145103184617,0.4933258124116403,0.27188607892139655,3,18.0,0.0,4.5,0.0,0.0,modern_trade,MX-CENTRAL,human_followup,sales_visit,1
401.0557482779474,8,4,0.3835705759900335,0.27208067792997453,0.27240908847034656,3,18.0,0.0,4.5,0.0,0.0,digital,MX-NORTH,human_followup,sales_visit,0
328.0254506357402,6,16,0.9109103699389689,0.3693869856518972,0.6648851909886743,0,18.0,0.0,4.5,0.0,0.0,modern_trade,MX-CENTRAL,human_followup,sales_visit,0
381.0023426107224,10,13,0.9413731235450674,0.40128851611436767,0.32400463256170453,1,7.5,2.5,0.2,295.0,0.05,traditional_trade,BR-SE,promotion,targeted_discount,1
342.0578457266405,3,28,0.835340178602548,0.6986309279892772,0.6907040680677804,2,18.0,0.0,4.5,0.0,0.0,modern_trade,BR-SE,human_followup,sales_visit,1
500.67902636460553,3,4,0.9092319370367665,0.6080793483640727,0.22335568572912845,1,18.0,0.0,4.5,0.0,0.0,modern_trade,BR-SE,human_followup,sales_visit,0
296.21552411379275,6,3,0.6749342086723474,0.5632456785128432,0.19636006792092447,1,7.5,2.5,0.2,295.0,0.05,traditional_trade,MX-NORTH,promotion,targeted_discount,1
157.39621347219122,7,4,0.44104786592427464,0.2793912895668758,0.30496889989089543,1,18.0,0.0,4.5,0.0,0.0,digital,MX-CENTRAL,human_followup,sales_visit,1
165.15435511659254,2,25,0.510471550763129,0.5433945481536457,0.24771796740583338,3,15.5,1.5,0.25,385.0,0.0,modern_trade,MX-NORTH,bundle,premium_bundle,0
302.83202244433403,6,19,0.7621135622741088,0.3377723343149414,0.10893410883963925,0,7.5,2.5,0.2,295.0,0.05,digital,MX-CENTRAL,promotion,targeted_discount,0
296.4006200591567,7,4,0.8891443133835402,0.5750253948434905,0.5202648892127603,3,15.5,1.5,0.25,385.0,0.0,modern_trade,MX-NORTH,bundle,premium_bundle,0
349.7113583049429,7,6,0.7050816445950441,0.28835652329113326,0.127897985287906,1,18.0,0.0,4.5,0.0,0.0,modern_trade,CO-ANDES,human_followup,sales_visit,1
321.7270483276403,2,18,0.9323357770096934,0.6425267570734967,0.6029448592329941,0,15.5,1.5,0.25,385.0,0.0,traditional_trade,BR-SE,bundle,premium_bundle,0
359.82510681032954,5,9,0.7845130008624939,0.1382972739732943,0.3978789798894205,2,9.0,0.0,0.25,310.0,0.0,modern_trade,CO-ANDES,product_recommendation,promote_core_pack,1
294.18460768911854,9,11,0.8812537741629932,0.2694492835308313,0.27554628403329307,0,15.5,1.5,0.25,385.0,0.0,digital,BR-SE,bundle,premium_bundle,0
337.88854756151557,6,3,0.6992793326711061,0.18469853435125777,0.2820290126893384,1,9.0,0.0,0.25,310.0,0.0,traditional_trade,MX-NORTH,product_recommendation,promote_core_pack,1
277.66088754920276,5,26,0.8558409821292817,0.3573956659119327,0.39281320577876716,1,7.5,2.5,0.2,295.0,0.05,modern_trade,MX-NORTH,promotion,targeted_discount,1
286.8546439427827,3,19,0.707245207104935,0.4606617279071576,0.17393874652639185,3,15.5,1.5,0.25,385.0,0.0,digital,MX-CENTRAL,bundle,premium_bundle,0
185.13599233421965,7,2,0.8638386631027275,0.23699624310999215,0.1548400672973677,3,15.5,1.5,0.25,385.0,0.0,traditional_trade,BR-SE,bundle,premium_bundle,1
206.13770382135888,3,8,0.784862883506186,0.09784410444318095,0.22773981792090175,0,18.0,0.0,4.5,0.0,0.0,digital,BR-SE,human_followup,sales_visit,0
206.3301659406965,5,6,0.7339852641705057,0.28714565660557534,0.5338397463434067,1,9.0,0.0,0.25,310.0,0.0,modern_trade,MX-CENTRAL,product_recommendation,promote_core_pack,1
248.33568350596715,2,30,0.7990876424750317,0.12801213643987455,0.05586033152258322,2,9.0,0.0,0.25,310.0,0.0,modern_trade,MX-CENTRAL,product_recommendation,promote_core_pack,0
181.30103243938606,4,16,0.7106555177503379,0.5874885728028902,0.6527761457252478,0,9.0,0.0,0.25,310.0,0.0,modern_trade,BR-SE,product_recommendation,promote_core_pack,1
345.51136287553277,3,25,0.490833604786096,0.32019432834174705,0.4822190540913675,1,18.0,0.0,4.5,0.0,0.0,modern_trade,MX-NORTH,human_followup,sales_visit,1
276.95446542586296,2,5,0.5772098245486502,0.576503413029353,0.40819759474804673,3,9.0,0.0,0.25,310.0,0.0,modern_trade,MX-NORTH,product_recommendation,promote_core_pack,0
521.4973568871426,5,8,0.8204776069294701,0.5568455290015694,0.13561646746033246,0,7.5,2.5,0.2,295.0,0.05,modern_trade,MX-CENTRAL,promotion,targeted_discount,1
226.78989740488123,7,19,0.5648837648456904,0.4480342441192196,0.62163430792067,0,15.5,1.5,0.25,385.0,0.0,digital,CO-ANDES,bundle,premium_bundle,0
302.10825857519717,4,19,0.7521069729170691,0.4397188901145926,0.3867666550264518,1,7.5,2.5,0.2,295.0,0.05,modern_trade,MX-CENTRAL,promotion,targeted_discount,0
353.32321704395093,6,27,0.701579814074012,0.4144081900224369,0.13222931150770956,3,9.0,0.0,0.25,310.0,0.0,digital,MX-NORTH,product_recommendation,promote_core_pack,0
216.6899372197385,6,20,0.7720608810550347,0.6168000844804657,0.5416791119174107,0,15.5,1.5,0.25,385.0,0.0,traditional_trade,MX-CENTRAL,bundle,premium_bundle,1
339.47606253104755,3,3,0.7646354400820607,0.3462221945500313,0.41976362812277773,0,7.5,2.5,0.2,295.0,0.05,digital,MX-NORTH,promotion,targeted_discount,1
365.6663213879426,9,23,0.7958723955800284,0.401942077415972,0.28191838159544225,3,15.5,1.5,0.25,385.0,0.0,modern_trade,BR-SE,bundle,premium_bundle,1
333.8347426443736,5,29,0.4398967164105827,0.41058142337010217,0.710719739227285,0,7.5,2.5,0.2,295.0,0.05,modern_trade,CO-ANDES,promotion,targeted_discount,1
370.0385287432438,3,7,0.7408359591764659,0.3924676249851913,0.5431648814293765,0,15.5,1.5,0.25,385.0,0.0,digital,MX-NORTH,bundle,premium_bundle,1
235.79770580101223,6,29,0.5838992838480798,0.3870665017827076,0.09903250926153445,1,18.0,0.0,4.5,0.0,0.0,digital,MX-CENTRAL,human_followup,sales_visit,1
361.87032075716957,1,1,0.8451846627923002,0.4440479911401337,0.2730591676491524,3,9.0,0.0,0.25,310.0,0.0,modern_trade,MX-CENTRAL,product_recommendation,promote_core_pack,0
289.1386794734307,3,15,0.6348433095063916,0.6750299754421254,0.41502334487938153,2,18.0,0.0,4.5,0.0,0.0,digital,BR-SE,human_followup,sales_visit,1
390.65972795900825,6,3,0.4860602787353058,0.2632989201847501,0.3434067837289444,0,15.5,1.5,0.25,385.0,0.0,traditional_trade,MX-CENTRAL,bundle,premium_bundle,0
390.39050217463347,4,3,0.532049681546831,0.6385251541550298,0.8093423778294452,0,9.0,0.0,0.25,310.0,0.0,traditional_trade,MX-NORTH,product_recommendation,promote_core_pack,0
436.68557087581627,5,21,0.6818009964932679,0.6473721393502833,0.6248083306199578,3,9.0,0.0,0.25,310.0,0.0,traditional_trade,CO-ANDES,product_recommendation,promote_core_pack,1
194.6086054660301,5,26,0.5415480266023449,0.3986264889258139,0.38538521093246886,3,9.0,0.0,0.25,310.0,0.0,traditional_trade,BR-SE,product_recommendation,promote_core_pack,0
80.0,4,11,0.8672312412414172,0.6805370222420102,0.22086507481810858,3,18.0,0.0,4.5,0.0,0.0,modern_trade,CO-ANDES,human_followup,sales_visit,1
387.13965985524203,6,12,0.41207909278744165,0.6447074884893893,0.33402057912374566,2,15.5,1.5,0.25,385.0,0.0,traditional_trade,MX-NORTH,bundle,premium_bundle,1
297.7669012802653,3,29,0.840631860926874,0.5628966042148882,0.2606697400333004,3,7.5,2.5,0.2,295.0,0.05,modern_trade,BR-SE,promotion,targeted_discount,1
174.51181655528902,7,13,0.5550035050011286,0.3871853767135418,0.4525860305923308,0,18.0,0.0,4.5,0.0,0.0,digital,MX-CENTRAL,human_followup,sales_visit,1
306.5241991906775,6,26,0.3122884051289302,0.19533323347213816,0.46528247411136914,0,9.0,0.0,0.25,310.0,0.0,digital,MX-CENTRAL,product_recommendation,promote_core_pack,1
262.61599932030026,5,25,0.63986557868026,0.807528801321906,0.230113445916274,2,7.5,2.5,0.2,295.0,0.05,modern_trade,MX-NORTH,promotion,targeted_discount,1
265.9516571103223,6,25,0.5110851184459737,0.39570458471911246,0.31094421336637135,0,15.5,1.5,0.25,385.0,0.0,modern_trade,BR-SE,bundle,premium_bundle,1
334.4145947182443,3,30,0.7528663062151201,0.5155109120632777,0.1321495071196519,2,18.0,0.0,4.5,0.0,0.0,traditional_trade,CO-ANDES,human_followup,sales_visit,0
359.5204975118729,7,2,0.642677562872439,0.18963483435996745,0.19325407186218763,1,9.0,0.0,0.25,310.0,0.0,traditional_trade,MX-CENTRAL,product_recommendation,promote_core_pack,1
204.07603772404855,7,14,0.6135173243995398,0.17484167425636774,0.15885675360329135,1,9.0,0.0,0.25,310.0,0.0,modern_trade,MX-CENTRAL,product_recommendation,promote_core_pack,1
440.9590524239255,5,23,0.7649979019055606,0.4236082223641078,0.3697049838626498,0,18.0,0.0,4.5,0.0,0.0,modern_trade,MX-CENTRAL,human_followup,sales_visit,1
228.30068004447247,8,26,0.8825041022674331,0.4512810122410823,0.2827655578302264,0,9.0,0.0,0.25,310.0,0.0,digital,MX-NORTH,product_recommendation,promote_core_pack,0
385.5537611530228,5,16,0.6325952637635632,0.5709772895669545,0.3692472125298717,1,7.5,2.5,0.2,295.0,0.05,digital,MX-NORTH,promotion,targeted_discount,0
361.4035838262546,12,30,0.902424102750232,0.4742081552545522,0.1943221602364732,3,7.5,2.5,0.2,295.0,0.05,digital,CO-ANDES,promotion,targeted_discount,1
241.99078441965457,2,5,0.43044612792710313,0.7296691434491918,0.6842172306060537,0,7.5,2.5,0.2,295.0,0.05,digital,CO-ANDES,promotion,targeted_discount,0
255.61266147721136,8,8,0.6273286668865258,0.1666022269125909,0.15184781135964498,2,18.0,0.0,4.5,0.0,0.0,digital,MX-NORTH,human_followup,sales_visit,1
364.1394347747761,2,8,0.4369039067700692,0.24965088064890775,0.5001500268371274,1,18.0,0.0,4.5,0.0,0.0,traditional_trade,CO-ANDES,human_followup,sales_visit,0
243.38487987519514,6,16,0.6632797545942805,0.22237860862450473,0.4682722467195974,0,18.0,0.0,4.5,0.0,0.0,modern_trade,MX-NORTH,human_followup,sales_visit,1
369.11750412474515,5,0,0.6028712985025805,0.32734116662527274,0.0679292061372411,1,7.5,2.5,0.2,295.0,0.05,digital,BR-SE,promotion,targeted_discount,1
422.62006120699795,4,17,0.7444906553051432,0.3365369444122333,0.4695272121734008,1,7.5,2.5,0.2,295.0,0.05,modern_trade,CO-ANDES,promotion,targeted_discount,1
320.44061073053416,5,11,0.6416755619634513,0.636543918052579,0.2831645491518449,2,7.5,2.5,0.2,295.0,0.05,traditional_trade,MX-NORTH,promotion,targeted_discount,1
336.2292341397001,7,0,0.30931807810699014,0.281231077164719,0.28248627445595653,3,15.5,1.5,0.25,385.0,0.0,traditional_trade,MX-CENTRAL,bundle,premium_bundle,0
446.28223712047753,4,12,0.6291543814948133,0.7873677824475005,0.1638783052618434,1,15.5,1.5,0.25,385.0,0.0,modern_trade,MX-NORTH,bundle,premium_bundle,1
219.79545288117342,6,29,0.8413438329817633,0.9193413415404409,0.4481774246486011,1,7.5,2.5,0.2,295.0,0.05,traditional_trade,CO-ANDES,promotion,targeted_discount,0
179.89139506316099,6,12,0.6353912429643235,0.24846282716871354,0.33225274364145535,0,15.5,1.5,0.25,385.0,0.0,digital,BR-SE,bundle,premium_bundle,1
414.5218352618173,3,11,0.32575997447384986,0.3452134654403434,0.2696312842876259,0,7.5,2.5,0.2,295.0,0.05,digital,CO-ANDES,promotion,targeted_discount,0
371.7914274269534,4,18,0.5984702807324557,0.45047155562681157,0.23959880933755334,3,7.5,2.5,0.2,295.0,0.05,modern_trade,MX-NORTH,promotion,targeted_discount,1
360.4755940035925,7,20,0.8611153787631647,0.40008014646910994,0.3297616089452487,0,9.0,0.0,0.25,310.0,0.0,modern_trade,BR-SE,product_recommendation,promote_core_pack,1
384.82692622349487,5,14,0.7593618675612467,0.635985821189901,0.3030733157748992,3,15.5,1.5,0.25,385.0,0.0,traditional_trade,MX-CENTRAL,bundle,premium_bundle,1
261.34479250967655,2,16,0.8654284357575049,0.531831656341832,0.24828617934701694,1,15.5,1.5,0.25,385.0,0.0,digital,BR-SE,bundle,premium_bundle,1
395.91925215120915,1,1,0.8889702447597133,0.18705654719649786,0.4049483557357177,0,15.5,1.5,0.25,385.0,0.0,traditional_trade,BR-SE,bundle,premium_bundle,1
389.43898532590595,4,19,0.7509202938974344,0.35971967060771143,0.342482671171614,2,15.5,1.5,0.25,385.0,0.0,traditional_trade,CO-ANDES,bundle,premium_bundle,1
286.5986263974695,3,1,0.7187092403502429,0.4949850630910136,0.18752220674409892,0,7.5,2.5,0.2,295.0,0.05,traditional_trade,CO-ANDES,promotion,targeted_discount,0
269.12418391595025,0,22,0.43126075999461955,0.44539990911248695,0.34647466519334863,3,18.0,0.0,4.5,0.0,0.0,traditional_trade,MX-CENTRAL,human_followup,sales_visit,0
366.2204758502389,6,3,0.7794365666282012,0.17944366567971184,0.5143613481079834,0,15.5,1.5,0.25,385.0,0.0,modern_trade,CO-ANDES,bundle,premium_bundle,1
315.6739522418163,6,26,0.9120522253794827,0.3839684178460099,0.17877391604478526,2,7.5,2.5,0.2,295.0,0.05,modern_trade,CO-ANDES,promotion,targeted_discount,1
361.37984576677553,4,8,0.4380348408311484,0.3424276735749885,0.13354056500412026,2,7.5,2.5,0.2,295.0,0.05,traditional_trade,MX-NORTH,promotion,targeted_discount,1
380.07679504677327,3,24,0.3746268192009455,0.13874232732175074,0.426775360167646,0,7.5,2.5,0.2,295.0,0.05,modern_trade,BR-SE,promotion,targeted_discount,1
416.5746757005031,3,20,0.8620698158397032,0.2644377409238149,0.18344211514059508,2,7.5,2.5,0.2,295.0,0.05,digital,CO-ANDES,promotion,targeted_discount,1
296.567448883133,3,9,0.7332440608463131,0.5013342112316789,0.138400927257205,0,15.5,1.5,0.25,385.0,0.0,modern_trade,MX-NORTH,bundle,premium_bundle,0
195.89364493150248,7,10,0.8124976709484649,0.4400131859028626,0.6906566585322176,0,18.0,0.0,4.5,0.0,0.0,traditional_trade,MX-NORTH,human_followup,sales_visit,0
352.4095429509207,5,23,0.9083057144260908,0.3021643176651682,0.09070332706235733,2,15.5,1.5,0.25,385.0,0.0,modern_trade,MX-CENTRAL,bundle,premium_bundle,1
482.55051937021983,6,17,0.8057368262895385,0.2421746853388167,0.10354625390909893,0,9.0,0.0,0.25,310.0,0.0,traditional_trade,BR-SE,product_recommendation,promote_core_pack,1
415.78948462054643,5,12,0.6583666068819445,0.3587890058795008,0.12001707356563211,0,9.0,0.0,0.25,310.0,0.0,traditional_trade,MX-CENTRAL,product_recommendation,promote_core_pack,1
417.1741938323501,7,29,0.6442125438140841,0.17094198759024085,0.3823977065983631,0,15.5,1.5,0.25,385.0,0.0,modern_trade,BR-SE,bundle,premium_bundle,1
341.6182264424424,4,15,0.7604016588910621,0.8788490644254106,0.7733364852523139,2,18.0,0.0,4.5,0.0,0.0,modern_trade,BR-SE,human_followup,sales_visit,1
411.918006262882,8,13,0.579422843926076,0.869655702839771,0.39021197327058976,3,7.5,2.5,0.2,295.0,0.05,traditional_trade,MX-CENTRAL,promotion,targeted_discount,1
236.57691667870102,2,3,0.19660185437627667,0.5607981227534978,0.2655608522005281,2,7.5,2.5,0.2,295.0,0.05,modern_trade,MX-CENTRAL,promotion,targeted_discount,0
324.8079159853857,6,18,0.7963883760188663,0.2580388700871081,0.7432633470108213,2,7.5,2.5,0.2,295.0,0.05,modern_trade,CO-ANDES,promotion,targeted_discount,1
392.6958144265921,12,9,0.7267032737103187,0.31832500897253124,0.5100671425561916,2,7.5,2.5,0.2,295.0,0.05,digital,CO-ANDES,promotion,targeted_discount,1
277.37365399999595,5,19,0.953458810692041,0.4411376457168618,0.4916891089128566,2,18.0,0.0,4.5,0.0,0.0,traditional_trade,BR-SE,human_followup,sales_visit,1
352.1099238718139,3,30,0.5915470432755775,0.2792126430110729,0.3047545431275068,2,18.0,0.0,4.5,0.0,0.0,digital,MX-CENTRAL,human_followup,sales_visit,0
80.0,4,18,0.9004897430837083,0.39965192624801527,0.6081290502757533,3,18.0,0.0,4.5,0.0,0.0,digital,MX-CENTRAL,human_followup,sales_visit,1
286.90495324773235,7,21,0.3717643790273228,0.6884826514876066,0.24580332124807505,1,15.5,1.5,0.25,385.0,0.0,traditional_trade,MX-NORTH,bundle,premium_bundle,0
245.87580137958878,7,1,0.6321347142841487,0.5448490726303403,0.6836129481636714,1,18.0,0.0,4.5,0.0,0.0,traditional_trade,MX-NORTH,human_followup,sales_visit,1
412.00668422369205,5,28,0.7837012369258003,0.4161555281105018,0.4722184740275346,2,7.5,2.5,0.2,295.0,0.05,digital,BR-SE,promotion,targeted_discount,0
499.4935957096483,4,2,0.2812047844792891,0.22609709433857217,0.5089152014724002,2,15.5,1.5,0.25,385.0,0.0,modern_trade,BR-SE,bundle,premium_bundle,0
232.33525956847228,4,1,0.8929709243775821,0.7269653414046242,0.7234675448356569,0,7.5,2.5,0.2,295.0,0.05,modern_trade,CO-ANDES,promotion,targeted_discount,0
344.3336983349528,2,22,0.7503083030397367,0.6001457534685891,0.13886339960791802,0,7.5,2.5,0.2,295.0,0.05,modern_trade,MX-CENTRAL,promotion,targeted_discount,0
369.0126600456666,7,0,0.7338966330084753,0.1823281618872592,0.4033335778877952,1,15.5,1.5,0.25,385.0,0.0,modern_trade,MX-NORTH,bundle,premium_bundle,1
478.51735961968984,4,17,0.399117024816882,0.18340431280913316,0.3078149074425975,3,18.0,0.0,4.5,0.0,0.0,modern_trade,MX-CENTRAL,human_followup,sales_visit,0
298.8328929788277,6,23,0.6350453321732692,0.7686862416771733,0.1934016829271212,0,15.5,1.5,0.25,385.0,0.0,digital,BR-SE,bundle,premium_bundle,1
477.3988010807567,3,12,0.8252166379340237,0.39778496271930674,0.18316985107376527,2,7.5,2.5,0.2,295.0,0.05,digital,MX-NORTH,promotion,targeted_discount,1
310.3158289791541,7,11,0.6757164995247097,0.6982388998215393,0.14960165092452837,3,7.5,2.5,0.2,295.0,0.05,modern_trade,CO-ANDES,promotion,targeted_discount,0
276.590798302996,6,22,0.7548513394708358,0.40784578663661514,0.20998284804238349,0,7.5,2.5,0.2,295.0,0.05,modern_trade,BR-SE,promotion,targeted_discount,0
290.9654375491628,10,1,0.6743918125206018,0.08815878230379859,0.6163949242236213,1,18.0,0.0,4.5,0.0,0.0,traditional_trade,CO-ANDES,human_followup,sales_visit,1
403.32970526209095,6,2,0.819539923578555,0.7676215456255459,0.5299912284699255,0,9.0,0.0,0.25,310.0,0.0,traditional_trade,CO-ANDES,product_recommendation,promote_core_pack,1
312.28356652642685,3,29,0.6497582359170057,0.16370443153381534,0.2379349270615214,2,18.0,0.0,4.5,0.0,0.0,digital,MX-CENTRAL,human_followup,sales_visit,0
217.8379388498534,3,17,0.7202530690973793,0.7553697986054024,0.4082431208195015,3,7.5,2.5,0.2,295.0,0.05,digital,BR-SE,promotion,targeted_discount,1
368.8700075364116,5,28,0.5824905954869689,0.4165375416839294,0.5792477755994803,2,7.5,2.5,0.2,295.0,0.05,modern_trade,MX-CENTRAL,promotion,targeted_discount,0
455.34015145176744,3,12,0.8615119133202435,0.6721764925378431,0.45704311398383507,0,7.5,2.5,0.2,295.0,0.05,digital,MX-CENTRAL,promotion,targeted_discount,1
233.62193463375525,9,30,0.6799396929292012,0.6060833265051372,0.30789999389479134,0,9.0,0.0,0.25,310.0,0.0,digital,MX-NORTH,product_recommendation,promote_core_pack,0
243.88891714941877,8,11,0.8553723894924607,0.6177316589650442,0.4308704967329233,2,15.5,1.5,0.25,385.0,0.0,traditional_trade,MX-CENTRAL,bundle,premium_bundle,1
379.4488747726182,6,9,0.7727813854732692,0.5006793938284418,0.47938238096218433,2,7.5,2.5,0.2,295.0,0.05,traditional_trade,CO-ANDES,promotion,targeted_discount,0
313.35467120584315,3,12,0.3420380799440195,0.20717739171464172,0.6094783814219811,3,7.5,2.5,0.2,295.0,0.05,traditional_trade,MX-NORTH,promotion,targeted_discount,0
354.95007374762645,8,27,0.6841656949365621,0.4943020762739083,0.5558129625996924,3,18.0,0.0,4.5,0.0,0.0,traditional_trade,MX-NORTH,human_followup,sales_visit,1
384.7052291983654,4,12,0.39759875757414415,0.3692688520493551,0.4201010529643513,1,9.0,0.0,0.25,310.0,0.0,traditional_trade,BR-SE,product_recommendation,promote_core_pack,1
383.0277681037232,5,2,0.75983227972494,0.5779486851208168,0.20244892604870965,1,18.0,0.0,4.5,0.0,0.0,traditional_trade,MX-CENTRAL,human_followup,sales_visit,1
339.9657747408689,6,17,0.49590358198241674,0.5006480251020563,0.6101660772421632,1,15.5,1.5,0.25,385.0,0.0,traditional_trade,MX-CENTRAL,bundle,premium_bundle,0
179.5603866176744,3,11,0.6303458460352099,0.5323128110932126,0.7570463586401158,0,18.0,0.0,4.5,0.0,0.0,traditional_trade,CO-ANDES,human_followup,sales_visit,1
275.72383532383236,7,25,0.813094253937482,0.5011419994171077,0.03657973406168362,2,7.5,2.5,0.2,295.0,0.05,digital,CO-ANDES,promotion,targeted_discount,1
387.4805874147868,2,1,0.8097935419461414,0.666184588631553,0.4536548771566206,0,7.5,2.5,0.2,295.0,0.05,traditional_trade,MX-CENTRAL,promotion,targeted_discount,0
348.3492925740142,3,11,0.45698867741827803,0.41945042686098105,0.3654153863641976,0,9.0,0.0,0.25,310.0,0.0,digital,MX-CENTRAL,product_recommendation,promote_core_pack,0
429.9734444418005,5,26,0.8294456564081902,0.6710225527249464,0.516178855406621,1,9.0,0.0,0.25,310.0,0.0,traditional_trade,MX-NORTH,product_recommendation,promote_core_pack,1
458.3363103517114,5,24,0.6569938858149761,0.8705927824251731,0.3595451379885149,3,15.5,1.5,0.25,385.0,0.0,digital,BR-SE,bundle,premium_bundle,1
416.48688040747055,6,8,0.496602892580894,0.617335961229294,0.08016730773693305,1,15.5,1.5,0.25,385.0,0.0,modern_trade,CO-ANDES,bundle,premium_bundle,1
362.14547963538485,7,23,0.7186174263836861,0.09275073902102418,0.6919684891723116,1,9.0,0.0,0.25,310.0,0.0,traditional_trade,MX-CENTRAL,product_recommendation,promote_core_pack,1
434.62918487130514,10,9,0.4116826733082054,0.36052509850517844,0.3569051530493765,2,18.0,0.0,4.5,0.0,0.0,traditional_trade,BR-SE,human_followup,sales_visit,1
485.88248181629365,3,21,0.5832773043849848,0.11198034520097847,0.5643073183716327,0,18.0,0.0,4.5,0.0,0.0,traditional_trade,MX-CENTRAL,human_followup,sales_visit,1
335.07399185031295,4,27,0.8620010490299594,0.3012603568318276,0.38153496427699995,3,18.0,0.0,4.5,0.0,0.0,traditional_trade,MX-CENTRAL,human_followup,sales_visit,0
413.8499673494103,7,9,0.5584700407735894,0.6768179938373386,0.5013211916195417,1,7.5,2.5,0.2,295.0,0.05,digital,BR-SE,promotion,targeted_discount,1
338.45884186364606,6,2,0.9069083893374035,0.2549241453981662,0.5649663829796278,2,9.0,0.0,0.25,310.0,0.0,traditional_trade,MX-NORTH,product_recommendation,promote_core_pack,1
364.4340372959078,3,15,0.5644092877866353,0.42441316387963895,0.41337732126678567,2,7.5,2.5,0.2,295.0,0.05,modern_trade,MX-CENTRAL,promotion,targeted_discount,1
408.0074021332922,8,2,0.7587960786709022,0.2711440471294354,0.48887012159210963,2,18.0,0.0,4.5,0.0,0.0,digital,CO-ANDES,human_followup,sales_visit,1
392.65517638532674,3,22,0.7043252159975686,0.4211703754747356,0.597592898853081,2,18.0,0.0,4.5,0.0,0.0,digital,MX-NORTH,human_followup,sales_visit,0
433.55286480555856,6,1,0.6517823026411551,0.25887612815853966,0.4105680270523038,0,15.5,1.5,0.25,385.0,0.0,digital,MX-NORTH,bundle,premium_bundle,1
222.10583721372862,6,28,0.5654162327457166,0.5479443258697207,0.7058988960737749,2,9.0,0.0,0.25,310.0,0.0,modern_trade,MX-CENTRAL,product_recommendation,promote_core_pack,0
448.5332072061722,3,0,0.6225767931092792,0.3429094769199705,0.3643837214092812,0,7.5,2.5,0.2,295.0,0.05,modern_trade,MX-CENTRAL,promotion,targeted_discount,1
295.02010498047355,4,25,0.3656937781631041,0.3091388293713393,0.6479361975396891,2,18.0,0.0,4.5,0.0,0.0,modern_trade,BR-SE,human_followup,sales_visit,0
363.766305880687,4,29,0.8029832102317894,0.43048006211052936,0.47254238561097245,0,18.0,0.0,4.5,0.0,0.0,traditional_trade,CO-ANDES,human_followup,sales_visit,0
271.20842157595496,1,6,0.46055488593832805,0.4733120143944543,0.6112889129671736,2,15.5,1.5,0.25,385.0,0.0,modern_trade,CO-ANDES,bundle,premium_bundle,1
430.37530667116584,3,4,0.9203664940900054,0.7601641527393966,0.1652756813290534,3,15.5,1.5,0.25,385.0,0.0,modern_trade,MX-CENTRAL,bundle,premium_bundle,1
307.33568457932813,4,15,0.6627322128041732,0.5252323070299268,0.3716686851839498,3,18.0,0.0,4.5,0.0,0.0,modern_trade,MX-NORTH,human_followup,sales_visit,0
288.46508907731436,4,16,0.6634016547461384,0.7960776556262741,0.13048222147753083,3,18.0,0.0,4.5,0.0,0.0,digital,CO-ANDES,human_followup,sales_visit,0
256.0425356356112,3,21,0.4677916382182701,0.6739693530081903,0.3192009792320619,2,7.5,2.5,0.2,295.0,0.05,traditional_trade,CO-ANDES,promotion,targeted_discount,0
337.9179343112351,3,14,0.8843081921910009,0.5079278524581304,0.5686042681513757,3,15.5,1.5,0.25,385.0,0.0,modern_trade,MX-CENTRAL,bundle,premium_bundle,1
167.1437941325406,4,5,0.6529826853342334,0.08400607636156956,0.21353776243467407,1,9.0,0.0,0.25,310.0,0.0,traditional_trade,BR-SE,product_recommendation,promote_core_pack,1
448.8373354702482,6,9,0.30646843067771223,0.1786876120336635,0.4195819480634913,0,18.0,0.0,4.5,0.0,0.0,digital,MX-CENTRAL,human_followup,sales_visit,1
347.2078554455669,4,17,0.40426585133601145,0.1236297009028736,0.524947019566663,1,7.5,2.5,0.2,295.0,0.05,modern_trade,MX-CENTRAL,promotion,targeted_discount,1
281.7903236945083,2,11,0.8462533185729398,0.2598797466278492,0.3690568466933214,1,18.0,0.0,4.5,0.0,0.0,digital,BR-SE,human_followup,sales_visit,0
396.18053569904816,4,29,0.8130578877452908,0.3603490765308041,0.14253586899839246,0,15.5,1.5,0.25,385.0,0.0,digital,MX-CENTRAL,bundle,premium_bundle,1
287.6075206737576,7,17,0.5932497288276201,0.6706362479087478,0.5035118019014707,3,7.5,2.5,0.2,295.0,0.05,traditional_trade,MX-CENTRAL,promotion,targeted_discount,0
186.4637359313104,4,6,0.9487274099280968,0.5547557922268571,0.26712867067067064,1,7.5,2.5,0.2,295.0,0.05,modern_trade,MX-CENTRAL,promotion,targeted_discount,1
337.7569108944881,5,6,0.785050864498017,0.49905116846786735,0.42005657110116984,3,7.5,2.5,0.2,295.0,0.05,traditional_trade,MX-CENTRAL,promotion,targeted_discount,0
265.1430580904798,6,0,0.3301638539592751,0.5972559078471595,0.15362709385008508,2,7.5,2.5,0.2,295.0,0.05,modern_trade,BR-SE,promotion,targeted_discount,1
277.5592747633002,0,30,0.808826133475946,0.5831032341683214,0.27754733037800566,2,18.0,0.0,4.5,0.0,0.0,modern_trade,BR-SE,human_followup,sales_visit,0
278.67365281373907,5,26,0.7435520403260388,0.20511107421419733,0.4390656190385282,2,9.0,0.0,0.25,310.0,0.0,digital,CO-ANDES,product_recommendation,promote_core_pack,1
350.5258606490377,6,25,0.48996672470641894,0.2755087440287702,0.3900216742020327,0,18.0,0.0,4.5,0.0,0.0,digital,MX-NORTH,human_followup,sales_visit,1
168.60841887037878,2,1,0.7613220686806427,0.5909527949560982,0.22136145360375806,2,15.5,1.5,0.25,385.0,0.0,digital,MX-NORTH,bundle,premium_bundle,1
239.5761548119322,5,26,0.5252378979351073,0.3811433267781267,0.3273026141582791,2,15.5,1.5,0.25,385.0,0.0,modern_trade,MX-CENTRAL,bundle,premium_bundle,0
349.1230115736975,6,15,0.7252558007384262,0.6242706910021278,0.4596967839495627,2,18.0,0.0,4.5,0.0,0.0,traditional_trade,BR-SE,human_followup,sales_visit,0
441.56665045835666,2,23,0.7863773919959816,0.5355942235349085,0.3040755961300468,2,9.0,0.0,0.25,310.0,0.0,digital,MX-CENTRAL,product_recommendation,promote_core_pack,1
240.41704492146184,3,29,0.9196486823222368,0.35363068033834816,0.3910549223590098,3,7.5,2.5,0.2,295.0,0.05,digital,CO-ANDES,promotion,targeted_discount,1
431.5479636977818,4,29,0.9549790230582716,0.04954305380589165,0.46666858962784585,2,18.0,0.0,4.5,0.0,0.0,digital,MX-NORTH,human_followup,sales_visit,1
260.1140057362697,3,5,0.5451349377567843,0.5138274634188235,0.3378410355845483,2,15.5,1.5,0.25,385.0,0.0,digital,MX-NORTH,bundle,premium_bundle,1
215.19517449467781,6,23,0.6845915571344668,0.611730856502739,0.2872178930300287,0,7.5,2.5,0.2,295.0,0.05,digital,MX-NORTH,promotion,targeted_discount,0
312.99632769640766,4,22,0.6887996288299948,0.6386038215219446,0.41954822986630586,2,9.0,0.0,0.25,310.0,0.0,modern_trade,CO-ANDES,product_recommendation,promote_core_pack,0
309.7378625539571,3,12,0.7851844822917655,0.27403143425357834,0.6875326999726138,0,18.0,0.0,4.5,0.0,0.0,modern_trade,MX-CENTRAL,human_followup,sales_visit,1
167.76982221635402,2,17,0.7784821792712249,0.6161693372997612,0.7197033430425818,3,15.5,1.5,0.25,385.0,0.0,digital,BR-SE,bundle,premium_bundle,1
352.91336576735245,4,20,0.5645150073762434,0.4473199672936963,0.15539148336170963,3,7.5,2.5,0.2,295.0,0.05,digital,MX-CENTRAL,promotion,targeted_discount,0
221.9052748173933,7,24,0.8999934062136898,0.6398107370792296,0.4093377674307814,2,9.0,0.0,0.25,310.0,0.0,modern_trade,BR-SE,product_recommendation,promote_core_pack,0
295.3840978492701,4,30,0.7312411099858324,0.23223063563174148,0.6734999173950232,0,9.0,0.0,0.25,310.0,0.0,traditional_trade,MX-NORTH,product_recommendation,promote_core_pack,0
189.59973804376236,5,26,0.5757325317962229,0.2624842024969216,0.31420189612103283,0,9.0,0.0,0.25,310.0,0.0,digital,BR-SE,product_recommendation,promote_core_pack,1
394.62588287444953,2,19,0.7641614326007979,0.3139967980755672,0.38880718187164814,2,7.5,2.5,0.2,295.0,0.05,traditional_trade,MX-NORTH,promotion,targeted_discount,0
433.81304430925826,7,11,0.7223862410157054,0.7453880634288809,0.037806190744316195,1,7.5,2.5,0.2,295.0,0.05,digital,MX-NORTH,promotion,targeted_discount,1
289.11194302223714,5,22,0.8213531906203195,0.18995741603847754,0.24777241899896799,3,18.0,0.0,4.5,0.0,0.0,digital,CO-ANDES,human_followup,sales_visit,0
414.4487734888609,5,4,0.5597739882625494,0.35424391137793837,0.4484810734623655,2,15.5,1.5,0.25,385.0,0.0,traditional_trade,BR-SE,bundle,premium_bundle,0
279.5421049754639,3,30,0.4895186693560998,0.1891026292668057,0.3559585777634155,3,15.5,1.5,0.25,385.0,0.0,digital,MX-CENTRAL,bundle,premium_bundle,1
385.1567119094514,4,30,0.7585349968635586,0.39348106266247307,0.04802917746308097,1,7.5,2.5,0.2,295.0,0.05,digital,MX-CENTRAL,promotion,targeted_discount,1
474.4681086241403,6,21,0.4646435402048981,0.43571869801973623,0.10119321396728745,0,9.0,0.0,0.25,310.0,0.0,modern_trade,CO-ANDES,product_recommendation,promote_core_pack,1
356.1129231034465,3,2,0.588883655647505,0.48823304981839327,0.3359419418177343,0,18.0,0.0,4.5,0.0,0.0,modern_trade,MX-NORTH,human_followup,sales_visit,0
385.49796001961386,3,5,0.7424138982218286,0.26192369229245865,0.49852943747992184,1,18.0,0.0,4.5,0.0,0.0,traditional_trade,BR-SE,human_followup,sales_visit,1
400.44497111661923,3,17,0.7919755715510138,0.43248937969851636,0.6962009659680244,1,7.5,2.5,0.2,295.0,0.05,traditional_trade,BR-SE,promotion,targeted_discount,1
153.2330244188077,5,11,0.7971619856525353,0.5963768327396971,0.05274200375800118,0,15.5,1.5,0.25,385.0,0.0,digital,MX-NORTH,bundle,premium_bundle,0
268.630906761085,3,7,0.6968837457684081,0.6485064147115277,0.6445696040556358,3,18.0,0.0,4.5,0.0,0.0,traditional_trade,MX-CENTRAL,human_followup,sales_visit,0
400.37133763925294,4,14,0.6993350685675775,0.5480779738632201,0.19070488533420193,2,18.0,0.0,4.5,0.0,0.0,traditional_trade,MX-NORTH,human_followup,sales_visit,1
370.094519615983,4,25,0.7835962595850043,0.46346717625502665,0.5253907978077802,0,15.5,1.5,0.25,385.0,0.0,traditional_trade,MX-CENTRAL,bundle,premium_bundle,1
323.27751925900725,3,12,0.64770889755797,0.7850672264196439,0.3767487747458527,1,18.0,0.0,4.5,0.0,0.0,modern_trade,BR-SE,human_followup,sales_visit,1
424.6191253830825,3,21,0.6068772668503732,0.49736384773378256,0.6599920034108756,0,15.5,1.5,0.25,385.0,0.0,traditional_trade,BR-SE,bundle,premium_bundle,1
299.36294520765466,3,28,0.5851647591539412,0.5113044825293295,0.48034121729992546,3,7.5,2.5,0.2,295.0,0.05,digital,MX-CENTRAL,promotion,targeted_discount,0
234.6986575182428,4,18,0.23057561605411916,0.6157974119642353,0.4238162186270805,0,18.0,0.0,4.5,0.0,0.0,digital,MX-CENTRAL,human_followup,sales_visit,0
227.3139305419002,4,29,0.8271313614630527,0.5229915159237414,0.6553374232061344,2,9.0,0.0,0.25,310.0,0.0,traditional_trade,MX-CENTRAL,product_recommendation,promote_core_pack,1
359.53771252111403,4,24,0.7287487847794881,0.6416355135601799,0.4567593303487226,2,9.0,0.0,0.25,310.0,0.0,modern_trade,CO-ANDES,product_recommendation,promote_core_pack,1
294.12880004364536,7,5,0.5658403412399163,0.6969975155725994,0.41108126920787047,0,18.0,0.0,4.5,0.0,0.0,traditional_trade,MX-NORTH,human_followup,sales_visit,0
286.40231707122723,6,16,0.8064154656334522,0.21883653808197331,0.6486907548472127,1,18.0,0.0,4.5,0.0,0.0,modern_trade,MX-CENTRAL,human_followup,sales_visit,1
285.06749320767443,3,17,0.5711655153604172,0.6362313576605745,0.6104723960413987,3,15.5,1.5,0.25,385.0,0.0,digital,MX-NORTH,bundle,premium_bundle,0
170.7380084441424,2,15,0.9036168572881571,0.8774388106753245,0.20581095806627087,1,7.5,2.5,0.2,295.0,0.05,digital,MX-CENTRAL,promotion,targeted_discount,1
343.5902020923027,4,19,0.7636708600832322,0.3286033996547628,0.2139116141803357,2,18.0,0.0,4.5,0.0,0.0,modern_trade,CO-ANDES,human_followup,sales_visit,1
228.34991213163656,12,24,0.6343036340652326,0.48522954696418513,0.16353850042453413,1,18.0,0.0,4.5,0.0,0.0,modern_trade,MX-NORTH,human_followup,sales_visit,0
242.5354965749974,4,4,0.6731298378106391,0.27948274705525944,0.04830991081478469,3,15.5,1.5,0.25,385.0,0.0,traditional_trade,MX-NORTH,bundle,premium_bundle,1
174.86074472040988,5,25,0.8786818845134169,0.4619445233506291,0.34992181292822444,3,18.0,0.0,4.5,0.0,0.0,digital,MX-NORTH,human_followup,sales_visit,1
350.9213373486201,2,26,0.3850593366777442,0.7017268551711112,0.7347569519910773,2,7.5,2.5,0.2,295.0,0.05,modern_trade,MX-NORTH,promotion,targeted_discount,0
374.5710065760649,6,30,0.6542063945407961,0.18274456868180655,0.611791333888077,0,15.5,1.5,0.25,385.0,0.0,digital,CO-ANDES,bundle,premium_bundle,0
242.44493992643095,10,3,0.6277596530002943,0.6613198489590922,0.20209643160773888,3,7.5,2.5,0.2,295.0,0.05,traditional_trade,CO-ANDES,promotion,targeted_discount,1
256.3945648234671,7,16,0.39526960821614443,0.380033127134932,0.4847046814132441,3,7.5,2.5,0.2,295.0,0.05,digital,BR-SE,promotion,targeted_discount,0
162.73397570836025,4,5,0.5551240829563882,0.7028467381010519,0.5334947048647837,1,15.5,1.5,0.25,385.0,0.0,modern_trade,CO-ANDES,bundle,premium_bundle,0
365.9526037208706,4,2,0.8614567128533512,0.49066796416391595,0.4837859757110161,2,15.5,1.5,0.25,385.0,0.0,traditional_trade,MX-NORTH,bundle,premium_bundle,1
298.55195905695166,4,9,0.707966688929607,0.28897132718344065,0.48712883861462175,2,7.5,2.5,0.2,295.0,0.05,traditional_trade,BR-SE,promotion,targeted_discount,1
247.78596634120265,6,16,0.8205537773036349,0.6271334197193413,0.3670332088863774,3,7.5,2.5,0.2,295.0,0.05,digital,MX-CENTRAL,promotion,targeted_discount,0
395.5246414535761,6,1,0.6043109145791027,0.4387774299006344,0.4290707628313086,0,7.5,2.5,0.2,295.0,0.05,traditional_trade,CO-ANDES,promotion,targeted_discount,1
214.25426903170109,3,9,0.6787787507607018,0.04984576387771228,0.10037343098643435,1,15.5,1.5,0.25,385.0,0.0,traditional_trade,MX-NORTH,bundle,premium_bundle,1
349.45464875495605,6,6,0.6886981867291518,0.218495557283515,0.2590373852699806,3,9.0,0.0,0.25,310.0,0.0,modern_trade,MX-CENTRAL,product_recommendation,promote_core_pack,1
208.91531605601807,2,2,0.4491482835307861,0.15848617934128023,0.17242943824905893,0,7.5,2.5,0.2,295.0,0.05,traditional_trade,CO-ANDES,promotion,targeted_discount,1
476.11273733851044,6,23,0.9019369382007165,0.5841759650859488,0.6219600028244809,3,9.0,0.0,0.25,310.0,0.0,traditional_trade,MX-NORTH,product_recommendation,promote_core_pack,1
562.0270524491206,12,30,0.8090365615080922,0.655710551851023,0.15839435530432552,3,9.0,0.0,0.25,310.0,0.0,traditional_trade,MX-CENTRAL,product_recommendation,promote_core_pack,1
275.7924301438824,7,24,0.5450194903897367,0.5482285548729499,0.45128596772157453,0,18.0,0.0,4.5,0.0,0.0,traditional_trade,BR-SE,human_followup,sales_visit,0
300.920379492972,8,4,0.4333832748001119,0.21888858567619277,0.1849508484114708,1,15.5,1.5,0.25,385.0,0.0,traditional_trade,CO-ANDES,bundle,premium_bundle,0
320.48356157455527,2,25,0.9524948603316807,0.6062321899488686,0.5088025191567281,1,7.5,2.5,0.2,295.0,0.05,digital,BR-SE,promotion,targeted_discount,0
361.5972132853997,6,23,0.7184011720009392,0.769994013173576,0.09704670043310293,3,7.5,2.5,0.2,295.0,0.05,modern_trade,MX-CENTRAL,promotion,targeted_discount,0
590.1609535154311,4,11,0.5704508622709141,0.11985463013088894,0.5695784465448028,0,9.0,0.0,0.25,310.0,0.0,traditional_trade,CO-ANDES,product_recommendation,promote_core_pack,1
270.5444912586177,5,29,0.5126599148636652,0.2820139698316202,0.6627425143101159,0,15.5,1.5,0.25,385.0,0.0,modern_trade,MX-NORTH,bundle,premium_bundle,0
224.55866094118258,8,21,0.6944410367300217,0.25101495139956975,0.4041045272376156,2,9.0,0.0,0.25,310.0,0.0,digital,MX-CENTRAL,product_recommendation,promote_core_pack,1
336.6205151105208,6,6,0.6928912025326905,0.5357759334387457,0.26470982931005266,1,9.0,0.0,0.25,310.0,0.0,digital,MX-NORTH,product_recommendation,promote_core_pack,0
303.70696881162127,6,6,0.6438428262229401,0.3474998843130028,0.21576090759350922,1,7.5,2.5,0.2,295.0,0.05,modern_trade,BR-SE,promotion,targeted_discount,1
204.29830350384321,6,30,0.786602112012311,0.19741180282427825,0.2896094169048643,1,15.5,1.5,0.25,385.0,0.0,traditional_trade,MX-CENTRAL,bundle,premium_bundle,1
463.69467238923653,5,14,0.7157559928028093,0.2521077767686122,0.2566134141945035,2,18.0,0.0,4.5,0.0,0.0,modern_trade,MX-CENTRAL,human_followup,sales_visit,1
396.5928703479447,8,4,0.6715624720694992,0.5367022147051514,0.626779238656313,2,9.0,0.0,0.25,310.0,0.0,modern_trade,CO-ANDES,product_recommendation,promote_core_pack,0
366.04792408142373,5,7,0.7455823029167492,0.5706825944848605,0.10940509760286095,1,15.5,1.5,0.25,385.0,0.0,digital,MX-NORTH,bundle,premium_bundle,0
451.0537132080123,7,28,0.8721256812682205,0.5100071496756935,0.5938327627051614,0,7.5,2.5,0.2,295.0,0.05,digital,CO-ANDES,promotion,targeted_discount,1
323.123600822802,7,11,0.4667737024561831,0.25659297941352693,0.37450007152609904,0,15.5,1.5,0.25,385.0,0.0,digital,CO-ANDES,bundle,premium_bundle,0
321.061701580725,9,9,0.5490211895423384,0.6665678167718858,0.5407685746649384,0,7.5,2.5,0.2,295.0,0.05,digital,CO-ANDES,promotion,targeted_discount,1
355.1460710744711,7,5,0.7853749947779239,0.43692614697934096,0.5206697164292103,1,9.0,0.0,0.25,310.0,0.0,traditional_trade,MX-NORTH,product_recommendation,promote_core_pack,1
285.66243291342306,4,13,0.6586436357928996,0.24726312518416138,0.39497550102001605,1,15.5,1.5,0.25,385.0,0.0,digital,CO-ANDES,bundle,premium_bundle,0
346.62241226267497,6,4,0.8557196177386799,0.2381958320187658,0.2582073354883421,1,15.5,1.5,0.25,385.0,0.0,digital,BR-SE,bundle,premium_bundle,0
327.71216223997783,5,10,0.6711935886330039,0.3811487928853691,0.5497278948512747,1,7.5,2.5,0.2,295.0,0.05,traditional_trade,MX-NORTH,promotion,targeted_discount,1
309.8111286641476,4,10,0.48483670085253544,0.36812624534655214,0.6416687667481449,2,7.5,2.5,0.2,295.0,0.05,digital,BR-SE,promotion,targeted_discount,0
265.7071353186746,2,9,0.80477811170322,0.6573538759184135,0.49338866289445343,1,18.0,0.0,4.5,0.0,0.0,modern_trade,MX-NORTH,human_followup,sales_visit,1
381.5713768568203,4,17,0.6763602278949294,0.5022974585002907,0.6125058477023213,3,18.0,0.0,4.5,0.0,0.0,modern_trade,BR-SE,human_followup,sales_visit,1
180.3252855838338,9,4,0.5667994573489595,0.47535414853284297,0.7746647049876016,3,9.0,0.0,0.25,310.0,0.0,digital,MX-CENTRAL,product_recommendation,promote_core_pack,0
377.08606587961305,4,0,0.4778865108637162,0.2739691932552229,0.5531025235440182,2,18.0,0.0,4.5,0.0,0.0,modern_trade,BR-SE,human_followup,sales_visit,1
321.5085379774118,8,20,0.5389175006745918,0.5884548484664983,0.46844857360665376,3,7.5,2.5,0.2,295.0,0.05,modern_trade,BR-SE,promotion,targeted_discount,1
332.09900702558923,3,18,0.6492190621545008,0.6593275853192684,0.2248857173018205,0,15.5,1.5,0.25,385.0,0.0,traditional_trade,CO-ANDES,bundle,premium_bundle,1
456.3659094810639,4,12,0.6171684581127533,0.407681365774745,0.04728538194659037,3,9.0,0.0,0.25,310.0,0.0,modern_trade,CO-ANDES,product_recommendation,promote_core_pack,1
448.011877174498,5,8,0.7015401766364554,0.1397223902381751,0.7388794352469593,0,15.5,1.5,0.25,385.0,0.0,digital,CO-ANDES,bundle,premium_bundle,1
241.0146226741236,5,20,0.7915002853035071,0.1886947617595482,0.6671966574101524,2,18.0,0.0,4.5,0.0,0.0,traditional_trade,BR-SE,human_followup,sales_visit,1
246.63620721477983,4,10,0.6941544137426555,0.7452447016005467,0.16128829514196918,0,15.5,1.5,0.25,385.0,0.0,modern_trade,MX-NORTH,bundle,premium_bundle,1
247.61221584266417,7,1,0.8025771113100985,0.35059510135258876,0.3534556331669019,0,7.5,2.5,0.2,295.0,0.05,modern_trade,MX-CENTRAL,promotion,targeted_discount,1
418.8629174665445,7,19,0.49729430496048316,0.2621353212873505,0.7313189760855601,3,9.0,0.0,0.25,310.0,0.0,digital,MX-NORTH,product_recommendation,promote_core_pack,1
264.17041082334197,4,7,0.7384074562243421,0.12189105863426866,0.28230349559034834,2,15.5,1.5,0.25,385.0,0.0,traditional_trade,MX-NORTH,bundle,premium_bundle,1
435.3089448271863,3,28,0.7732239683836465,0.6722452254789264,0.497716567783835,2,9.0,0.0,0.25,310.0,0.0,modern_trade,MX-CENTRAL,product_recommendation,promote_core_pack,1
387.82797333154036,3,1,0.19095154373651485,0.3356239720617893,0.597477842384757,1,18.0,0.0,4.5,0.0,0.0,digital,CO-ANDES,human_followup,sales_visit,1
375.13608165302367,7,20,0.566575195523597,0.8463017207199435,0.46975390755126384,2,18.0,0.0,4.5,0.0,0.0,traditional_trade,BR-SE,human_followup,sales_visit,0
251.3483941482772,9,21,0.34603290124085057,0.8117460615299706,0.31011063843850717,0,18.0,0.0,4.5,0.0,0.0,digital,CO-ANDES,human_followup,sales_visit,0
292.2319245901158,7,20,0.5619585012087437,0.6488105087491125,0.1164058616705776,0,18.0,0.0,4.5,0.0,0.0,modern_trade,BR-SE,human_followup,sales_visit,0
377.4657200971327,6,20,0.47377916206160864,0.4962641065979117,0.1472292076977389,3,9.0,0.0,0.25,310.0,0.0,modern_trade,MX-NORTH,product_recommendation,promote_core_pack,0
365.90595731871156,7,27,0.49041181373906684,0.4584121035005838,0.3733829070713139,2,15.5,1.5,0.25,385.0,0.0,digital,CO-ANDES,bundle,premium_bundle,1
207.56705328919298,4,16,0.800927627265158,0.6978129280719014,0.6235214631625164,1,15.5,1.5,0.25,385.0,0.0,modern_trade,CO-ANDES,bundle,premium_bundle,0
80.10011174091892,6,23,0.6499337420767329,0.7479987394519563,0.6794977383225999,0,7.5,2.5,0.2,295.0,0.05,digital,MX-NORTH,promotion,targeted_discount,0
220.6864601142334,5,21,0.7211771911570608,0.11773993445669154,0.12590914578405799,0,18.0,0.0,4.5,0.0,0.0,modern_trade,MX-NORTH,human_followup,sales_visit,1
361.8035041589481,7,2,0.8866262532392322,0.35223768299676084,0.17567392285418137,3,9.0,0.0,0.25,310.0,0.0,traditional_trade,MX-CENTRAL,product_recommendation,promote_core_pack,0
236.04307759278646,7,2,0.5247088006140892,0.06806856920724459,0.05868099870723082,3,15.5,1.5,0.25,385.0,0.0,traditional_trade,CO-ANDES,bundle,premium_bundle,1
233.64601803902303,8,1,0.7556694563149757,0.6426077422716883,0.42768324755511133,2,18.0,0.0,4.5,0.0,0.0,traditional_trade,BR-SE,human_followup,sales_visit,1
185.5342760777191,4,28,0.2765842844806673,0.4521968605849611,0.3966109904995656,0,9.0,0.0,0.25,310.0,0.0,traditional_trade,MX-NORTH,product_recommendation,promote_core_pack,0
315.64392147910706,6,20,0.5000414347949879,0.4338555067351344,0.4722408978845756,0,9.0,0.0,0.25,310.0,0.0,traditional_trade,MX-NORTH,product_recommendation,promote_core_pack,1
258.21391384647234,6,29,0.26891378614521233,0.7899828804951455,0.2311124713063846,1,15.5,1.5,0.25,385.0,0.0,digital,BR-SE,bundle,premium_bundle,0
271.4528310628849,5,29,0.7398295959645123,0.4280609083362183,0.12468487205556972,1,7.5,2.5,0.2,295.0,0.05,digital,MX-NORTH,promotion,targeted_discount,1
141.01490261128734,4,0,0.6391825599257964,0.5254208192208463,0.49556813479072315,3,18.0,0.0,4.5,0.0,0.0,modern_trade,CO-ANDES,human_followup,sales_visit,1
283.133185057153,10,1,0.9962513683209953,0.59798459027065,0.07109190304624981,0,18.0,0.0,4.5,0.0,0.0,digital,MX-CENTRAL,human_followup,sales_visit,1
388.6664349049495,1,1,0.450755940225999,0.5164215558843623,0.2642662882136426,3,18.0,0.0,4.5,0.0,0.0,traditional_trade,CO-ANDES,human_followup,sales_visit,1
289.6405295367995,5,8,0.8009267539430264,0.49866887637915186,0.23739438404462995,3,15.5,1.5,0.25,385.0,0.0,traditional_trade,BR-SE,bundle,premium_bundle,0
290.0944032400658,6,0,0.5134860574682908,0.5566047245315339,0.49779311314151337,0,9.0,0.0,0.25,310.0,0.0,digital,CO-ANDES,product_recommendation,promote_core_pack,1
266.90774554576706,5,22,0.758704296681959,0.49053844176175154,0.27008083893247015,3,9.0,0.0,0.25,310.0,0.0,digital,MX-CENTRAL,product_recommendation,promote_core_pack,0
305.04227904172257,5,24,0.5514586485975063,0.3638365830416677,0.24968298891496502,3,18.0,0.0,4.5,0.0,0.0,digital,MX-CENTRAL,human_followup,sales_visit,1
278.0213576532381,3,12,0.775101232594479,0.6096861459775048,0.4995225771407601,2,18.0,0.0,4.5,0.0,0.0,traditional_trade,BR-SE,human_followup,sales_visit,1
443.964632121888,4,28,0.859851754729726,0.5223296120910895,0.39416648415274447,3,7.5,2.5,0.2,295.0,0.05,modern_trade,MX-CENTRAL,promotion,targeted_discount,1
408.187506733357,3,16,0.5128717242779928,0.602968818508605,0.22825975222935624,0,15.5,1.5,0.25,385.0,0.0,digital,MX-NORTH,bundle,premium_bundle,0
371.29538534296256,7,18,0.9006072459572487,0.4511957985885699,0.09932589520466754,2,18.0,0.0,4.5,0.0,0.0,modern_trade,MX-NORTH,human_followup,sales_visit,1
291.86362448375075,4,16,0.40913414169692347,0.5986413484174417,0.17394956293265387,0,7.5,2.5,0.2,295.0,0.05,modern_trade,CO-ANDES,promotion,targeted_discount,0
303.2304563662817,11,7,0.2787367106519356,0.7725330427696243,0.5971810442321175,3,9.0,0.0,0.25,310.0,0.0,digital,BR-SE,product_recommendation,promote_core_pack,0
415.62774978111895,4,4,0.908934404901544,0.7625489828226505,0.24370162723714883,2,15.5,1.5,0.25,385.0,0.0,traditional_trade,MX-NORTH,bundle,premium_bundle,0
267.42317407377436,8,26,0.8467754030190776,0.706057001226211,0.2761106252531935,3,7.5,2.5,0.2,295.0,0.05,modern_trade,BR-SE,promotion,targeted_discount,1
304.3763897846308,5,4,0.6372680136249776,0.4750761487339265,0.8472196902566007,3,18.0,0.0,4.5,0.0,0.0,traditional_trade,MX-NORTH,human_followup,sales_visit,1
456.03087822424646,9,4,0.32501028098732515,0.7579607352780573,0.3492931874219109,1,15.5,1.5,0.25,385.0,0.0,modern_trade,BR-SE,bundle,premium_bundle,0
353.3673798295275,3,30,0.7497624036112115,0.5599221893192317,0.3451082827039131,3,9.0,0.0,0.25,310.0,0.0,digital,MX-CENTRAL,product_recommendation,promote_core_pack,0
322.2952105715485,4,23,0.8307823230519257,0.574642467870683,0.8229511370397935,0,7.5,2.5,0.2,295.0,0.05,modern_trade,MX-CENTRAL,promotion,targeted_discount,1
444.35800873910796,4,2,0.5897031895749347,0.7149144283075755,0.5008513050708986,2,18.0,0.0,4.5,0.0,0.0,traditional_trade,CO-ANDES,human_followup,sales_visit,1
256.4039978367639,6,12,0.7390516570552101,0.5080488138265907,0.28685520732521175,3,7.5,2.5,0.2,295.0,0.05,modern_trade,MX-CENTRAL,promotion,targeted_discount,0
278.34749568605747,3,29,0.6814865378841889,0.3486494694396434,0.28041530962357153,1,7.5,2.5,0.2,295.0,0.05,traditional_trade,CO-ANDES,promotion,targeted_discount,0
405.9178458145866,3,6,0.6827940132026618,0.5606119691298176,0.3500700802324689,1,15.5,1.5,0.25,385.0,0.0,digital,MX-NORTH,bundle,premium_bundle,1
271.55012381393686,5,18,0.6833576827442306,0.21773252960175404,0.16530272995042378,1,9.0,0.0,0.25,310.0,0.0,traditional_trade,CO-ANDES,product_recommendation,promote_core_pack,0
425.8679060688763,2,17,0.6173336241746645,0.8106929129837545,0.20310917286491506,2,7.5,2.5,0.2,295.0,0.05,digital,BR-SE,promotion,targeted_discount,1
411.5430497293843,7,11,0.8716867913739229,0.45729193080645664,0.39593554611467335,2,15.5,1.5,0.25,385.0,0.0,digital,MX-CENTRAL,bundle,premium_bundle,1
318.1840176754053,3,1,0.9005051170730923,0.7361554531187673,0.6873637339757094,3,9.0,0.0,0.25,310.0,0.0,digital,MX-NORTH,product_recommendation,promote_core_pack,1
272.41523086219576,7,18,0.8187552179670322,0.19179607989493133,0.15019348568525004,1,7.5,2.5,0.2,295.0,0.05,modern_trade,CO-ANDES,promotion,targeted_discount,1
306.8220156585604,3,3,0.8334609898660051,0.3323800905493009,0.21103257496732433,0,7.5,2.5,0.2,295.0,0.05,digital,MX-NORTH,promotion,targeted_discount,1
322.4430494851989,6,2,0.3933773098117608,0.46837619052445684,0.5053571116727534,3,7.5,2.5,0.2,295.0,0.05,traditional_trade,MX-NORTH,promotion,targeted_discount,0
421.9189918527782,3,15,0.953227370248777,0.5991266670814123,0.37811915461218626,1,18.0,0.0,4.5,0.0,0.0,modern_trade,MX-CENTRAL,human_followup,sales_visit,1
241.09413272046294,8,11,0.8613056645200814,0.6707062062864932,0.2665192494301502,2,7.5,2.5,0.2,295.0,0.05,digital,BR-SE,promotion,targeted_discount,0
403.91757859981834,7,2,0.5682295085369251,0.5907228693509747,0.1463520585025941,2,7.5,2.5,0.2,295.0,0.05,digital,CO-ANDES,promotion,targeted_discount,1
326.9453432707328,3,21,0.6327849910339082,0.28602677595875653,0.4380060817980406,3,9.0,0.0,0.25,310.0,0.0,digital,MX-CENTRAL,product_recommendation,promote_core_pack,1
230.6462273529931,4,27,0.703129507429449,0.5147323355681936,0.2785283885255834,3,18.0,0.0,4.5,0.0,0.0,digital,MX-CENTRAL,human_followup,sales_visit,0
361.55483381410033,6,15,0.8931116223697788,0.21637708789426494,0.2954390659487771,3,18.0,0.0,4.5,0.0,0.0,digital,MX-CENTRAL,human_followup,sales_visit,1
361.509967890628,6,16,0.8856857220999061,0.7275362581302657,0.2357123514065784,1,15.5,1.5,0.25,385.0,0.0,traditional_trade,CO-ANDES,bundle,premium_bundle,1
342.52467163138004,7,4,0.7783508100577594,0.5135808106219907,0.6992238924347453,1,18.0,0.0,4.5,0.0,0.0,digital,BR-SE,human_followup,sales_visit,1
363.8017075057981,4,23,0.8109220635952545,0.13854636247820273,0.6761644659621309,1,18.0,0.0,4.5,0.0,0.0,traditional_trade,MX-NORTH,human_followup,sales_visit,0
407.498984789435,6,16,0.794118201336081,0.8572497347821959,0.5380715470520203,1,7.5,2.5,0.2,295.0,0.05,digital,MX-NORTH,promotion,targeted_discount,1
262.3334704954385,6,5,0.9622958669770776,0.31563466656021777,0.3264671597049725,0,18.0,0.0,4.5,0.0,0.0,modern_trade,MX-CENTRAL,human_followup,sales_visit,1
203.44778315371644,6,26,0.7967744212462561,0.6399297383422626,0.3400960546225162,1,7.5,2.5,0.2,295.0,0.05,traditional_trade,MX-CENTRAL,promotion,targeted_discount,0
277.0248315552593,6,21,0.3712907640731878,0.4572557051429012,0.7691698270967554,0,15.5,1.5,0.25,385.0,0.0,modern_trade,MX-NORTH,bundle,premium_bundle,0
280.26319526625156,7,24,0.7455609641805097,0.28779700065943054,0.4142752243462723,3,9.0,0.0,0.25,310.0,0.0,modern_trade,BR-SE,product_recommendation,promote_core_pack,0
521.6391935511468,3,2,0.7054412425866411,0.2519410509990863,0.6881255247458337,3,15.5,1.5,0.25,385.0,0.0,digital,BR-SE,bundle,premium_bundle,0
283.79746302548574,4,22,0.5181501352033008,0.7841577585986599,0.44799402743312156,1,7.5,2.5,0.2,295.0,0.05,modern_trade,MX-NORTH,promotion,targeted_discount,0
330.1408805435081,5,20,0.7998149320789432,0.6823062444874131,0.47243846203671375,2,7.5,2.5,0.2,295.0,0.05,modern_trade,MX-NORTH,promotion,targeted_discount,1
305.30155138310073,3,5,0.5362819985163323,0.42100002304224504,0.19033327330802902,0,18.0,0.0,4.5,0.0,0.0,traditional_trade,MX-NORTH,human_followup,sales_visit,1
323.8113458906448,5,5,0.4259934611568185,0.47320423723625965,0.8930392445774419,1,7.5,2.5,0.2,295.0,0.05,modern_trade,MX-NORTH,promotion,targeted_discount,1
224.47802710826238,2,17,0.37262797819912347,0.5419194269982315,0.2549220953729873,1,7.5,2.5,0.2,295.0,0.05,modern_trade,MX-CENTRAL,promotion,targeted_discount,1
200.29929970152057,3,10,0.425855821612513,0.358033903105108,0.41624666456695286,3,9.0,0.0,0.25,310.0,0.0,traditional_trade,MX-NORTH,product_recommendation,promote_core_pack,0
337.10149800567274,7,4,0.8015925003891196,0.307789569695614,0.7500396394786472,2,9.0,0.0,0.25,310.0,0.0,traditional_trade,BR-SE,product_recommendation,promote_core_pack,0
386.03590721884495,4,13,0.5942808925582198,0.5379057340765067,0.6294020944502237,0,9.0,0.0,0.25,310.0,0.0,traditional_trade,MX-NORTH,product_recommendation,promote_core_pack,1
235.9208795710499,3,9,0.2387804650759998,0.6951390858101385,0.6263310543779019,0,9.0,0.0,0.25,310.0,0.0,digital,MX-NORTH,product_recommendation,promote_core_pack,0
387.1073764626005,6,5,0.8782245553468392,0.5546542970835503,0.4646605212281169,3,9.0,0.0,0.25,310.0,0.0,digital,CO-ANDES,product_recommendation,promote_core_pack,0
378.41891661655205,1,8,0.3526214202445783,0.5925865307881412,0.5911999197855218,0,15.5,1.5,0.25,385.0,0.0,traditional_trade,CO-ANDES,bundle,premium_bundle,0
424.66915024365267,6,8,0.8893746012698215,0.37463840522964875,0.09350014336568455,0,7.5,2.5,0.2,295.0,0.05,modern_trade,MX-NORTH,promotion,targeted_discount,1
268.5743046555441,5,20,0.734981681784297,0.39940015320148514,0.724500882551759,2,7.5,2.5,0.2,295.0,0.05,modern_trade,CO-ANDES,promotion,targeted_discount,1
519.8646275204375,4,15,0.667965466430182,0.38577625388068665,0.5493124395573675,2,18.0,0.0,4.5,0.0,0.0,modern_trade,CO-ANDES,human_followup,sales_visit,1
324.80786844967054,5,20,0.719343994849986,0.7869572927070356,0.2688812425230893,3,15.5,1.5,0.25,385.0,0.0,modern_trade,MX-NORTH,bundle,premium_bundle,0
446.9503540156643,5,10,0.8573255397351079,0.15997250141649874,0.48390529145467215,2,15.5,1.5,0.25,385.0,0.0,traditional_trade,BR-SE,bundle,premium_bundle,1
372.9775258840788,5,5,0.9287619739640086,0.33987746965967414,0.22133823191472102,2,18.0,0.0,4.5,0.0,0.0,modern_trade,CO-ANDES,human_followup,sales_visit,1
284.6047981934356,6,13,0.5340295765967596,0.2923537517104792,0.39784391808030545,1,18.0,0.0,4.5,0.0,0.0,digital,BR-SE,human_followup,sales_visit,0
364.5960611962116,8,24,0.4926183348482829,0.4114520701642303,0.687712155272395,1,18.0,0.0,4.5,0.0,0.0,modern_trade,MX-CENTRAL,human_followup,sales_visit,0
320.89354084619697,7,26,0.8887448515118528,0.46068883647875136,0.29309596360595996,3,9.0,0.0,0.25,310.0,0.0,digital,CO-ANDES,product_recommendation,promote_core_pack,0
256.1314418226602,4,29,0.5612162148391013,0.342647473132612,0.20100983175429565,1,7.5,2.5,0.2,295.0,0.05,traditional_trade,MX-NORTH,promotion,targeted_discount,1
352.01121903942976,6,12,0.8649364771938998,0.34980759930681127,0.5558518970245871,2,7.5,2.5,0.2,295.0,0.05,modern_trade,MX-CENTRAL,promotion,targeted_discount,1
385.48903059980245,7,3,0.5395688348677325,0.43552115982407213,0.3007857604973242,2,18.0,0.0,4.5,0.0,0.0,digital,MX-NORTH,human_followup,sales_visit,1
475.2523618047358,5,29,0.9319830114700199,0.3089797742362996,0.6076033553137654,3,18.0,0.0,4.5,0.0,0.0,digital,CO-ANDES,human_followup,sales_visit,1
562.7257444171853,4,28,0.7166953925226138,0.6995220517166696,0.4737131307835288,2,9.0,0.0,0.25,310.0,0.0,digital,BR-SE,product_recommendation,promote_core_pack,0
348.35783197707025,5,12,0.6060206761354529,0.5684171367389684,0.5677972477622851,1,18.0,0.0,4.5,0.0,0.0,digital,CO-ANDES,human_followup,sales_visit,1
315.8541144610401,11,24,0.32980255086582483,0.4964693443981323,0.40539878170228505,2,18.0,0.0,4.5,0.0,0.0,traditional_trade,CO-ANDES,human_followup,sales_visit,0
271.68730859710973,2,9,0.6418164399293701,0.6377599879611012,0.17389561977449244,2,9.0,0.0,0.25,310.0,0.0,modern_trade,BR-SE,product_recommendation,promote_core_pack,0
386.2441205854217,3,1,0.30717325717024313,0.3289493614936773,0.15565874500172577,2,15.5,1.5,0.25,385.0,0.0,modern_trade,MX-CENTRAL,bundle,premium_bundle,1
401.63316430721284,2,1,0.8210421287847985,0.41869640637818206,0.05666414174032374,3,7.5,2.5,0.2,295.0,0.05,modern_trade,MX-NORTH,promotion,targeted_discount,1
330.4483208825496,5,7,0.8579600738506297,0.8005660643807512,0.12381283514704017,0,7.5,2.5,0.2,295.0,0.05,digital,CO-ANDES,promotion,targeted_discount,0
85.71626408930808,7,9,0.6951532649313613,0.12647654466530095,0.6309011267199958,0,15.5,1.5,0.25,385.0,0.0,modern_trade,MX-CENTRAL,bundle,premium_bundle,0
213.80573964617378,4,1,0.5515293723809183,0.4475538413780998,0.43691416164294167,0,7.5,2.5,0.2,295.0,0.05,traditional_trade,MX-CENTRAL,promotion,targeted_discount,0
392.8530870712236,6,3,0.32390987806654703,0.4811871733554563,0.3987116553386843,3,9.0,0.0,0.25,310.0,0.0,traditional_trade,BR-SE,product_recommendation,promote_core_pack,0
303.9127173560082,4,6,0.5476879669900273,0.14927175175234186,0.7380873491854064,1,15.5,1.5,0.25,385.0,0.0,modern_trade,MX-CENTRAL,bundle,premium_bundle,0
402.7405797015082,4,29,0.9353591641248875,0.3840672924028842,0.38627089929706104,0,7.5,2.5,0.2,295.0,0.05,modern_trade,BR-SE,promotion,targeted_discount,1
450.86849590869883,6,21,0.4326362772651373,0.3230013065752512,0.61375656394837,2,18.0,0.0,4.5,0.0,0.0,digital,MX-NORTH,human_followup,sales_visit,1
333.52091827219016,9,3,0.8620894844236846,0.32946242944314597,0.8496728851483177,2,9.0,0.0,0.25,310.0,0.0,digital,CO-ANDES,product_recommendation,promote_core_pack,1
389.2802990058939,6,25,0.9363267839634705,0.41824222901485086,0.5436481966207191,2,18.0,0.0,4.5,0.0,0.0,digital,MX-CENTRAL,human_followup,sales_visit,0
366.7523744933519,5,8,0.7483858080685825,0.3322349490221169,0.7256129927128807,1,18.0,0.0,4.5,0.0,0.0,digital,MX-NORTH,human_followup,sales_visit,0
316.00557325408164,6,12,0.7550127563237704,0.5242992469952437,0.3015008410591892,2,18.0,0.0,4.5,0.0,0.0,digital,BR-SE,human_followup,sales_visit,0
285.3151435033923,3,7,0.43181344766348534,0.26621483921097205,0.12721370127845932,0,9.0,0.0,0.25,310.0,0.0,modern_trade,BR-SE,product_recommendation,promote_core_pack,0
455.9568486161799,4,3,0.33768784474853675,0.12000059764404453,0.39768591671952397,2,18.0,0.0,4.5,0.0,0.0,digital,MX-CENTRAL,human_followup,sales_visit,1
306.74196364963655,4,10,0.49493685039408325,0.550624359036957,0.28566655854352135,3,18.0,0.0,4.5,0.0,0.0,modern_trade,MX-NORTH,human_followup,sales_visit,0
293.21523609646744,6,13,0.7147988232438446,0.8435157459244702,0.24199154638668613,2,7.5,2.5,0.2,295.0,0.05,modern_trade,CO-ANDES,promotion,targeted_discount,1
260.6694890589657,2,1,0.5508892885306159,0.4994726108008474,0.5161853212995917,1,18.0,0.0,4.5,0.0,0.0,modern_trade,BR-SE,human_followup,sales_visit,0
248.27934194703028,5,22,0.7410629330318648,0.5854112182955779,0.3792475674396798,0,9.0,0.0,0.25,310.0,0.0,digital,MX-NORTH,product_recommendation,promote_core_pack,0
542.3889456624743,3,12,0.8183046668098968,0.20652563113805664,0.146839647868982,1,9.0,0.0,0.25,310.0,0.0,traditional_trade,BR-SE,product_recommendation,promote_core_pack,1
412.2726207862778,5,6,0.5800981838757684,0.7056999337306462,0.2714483134355859,3,9.0,0.0,0.25,310.0,0.0,modern_trade,BR-SE,product_recommendation,promote_core_pack,1
239.81147443197324,2,4,0.7161824746311167,0.3548761336506681,0.11113184668852988,2,18.0,0.0,4.5,0.0,0.0,traditional_trade,CO-ANDES,human_followup,sales_visit,1
127.52546646484944,2,11,0.7876108007914109,0.39751506665922415,0.42190077734960996,2,18.0,0.0,4.5,0.0,0.0,digital,MX-CENTRAL,human_followup,sales_visit,0
370.58391043571953,4,14,0.7143415677311938,0.34745856582487,0.30017970415578626,3,7.5,2.5,0.2,295.0,0.05,digital,MX-CENTRAL,promotion,targeted_discount,1
407.56903206999607,2,1,0.6698428848903889,0.5533498919745771,0.7096717831377254,0,9.0,0.0,0.25,310.0,0.0,digital,MX-NORTH,product_recommendation,promote_core_pack,1
303.59178391129535,5,1,0.7771843334335523,0.07817682684895927,0.6985976956852333,0,15.5,1.5,0.25,385.0,0.0,digital,BR-SE,bundle,premium_bundle,1
386.5295664587235,10,30,0.7696553723901509,0.35246432697857194,0.07146904666712059,0,18.0,0.0,4.5,0.0,0.0,modern_trade,MX-NORTH,human_followup,sales_visit,1
359.4108088691228,6,20,0.6648043550079424,0.5829535214268389,0.47055317968046684,1,7.5,2.5,0.2,295.0,0.05,digital,MX-CENTRAL,promotion,targeted_discount,1
411.1803478034973,5,18,0.49918784332595467,0.359383884978679,0.7732455589836863,1,15.5,1.5,0.25,385.0,0.0,modern_trade,BR-SE,bundle,premium_bundle,0
356.87975212409066,3,8,0.4325490999342639,0.40553561285778517,0.4248828259869616,2,9.0,0.0,0.25,310.0,0.0,digital,MX-NORTH,product_recommendation,promote_core_pack,0
305.1338907793035,9,30,0.7820205349261158,0.11984364384254216,0.29814180892848235,0,18.0,0.0,4.5,0.0,0.0,traditional_trade,BR-SE,human_followup,sales_visit,1
171.10136942552032,6,5,0.7772720036729354,0.8754809588102452,0.6481876892941274,3,15.5,1.5,0.25,385.0,0.0,traditional_trade,MX-NORTH,bundle,premium_bundle,0
500.55319849028206,1,7,0.36200630914495135,0.3675022601024404,0.6919297834617958,1,9.0,0.0,0.25,310.0,0.0,traditional_trade,BR-SE,product_recommendation,promote_core_pack,1
263.45298117757716,5,28,0.7400008608666361,0.4318623109003889,0.28218752159923494,1,7.5,2.5,0.2,295.0,0.05,traditional_trade,CO-ANDES,promotion,targeted_discount,0
368.8371525689309,5,8,0.8106317651835708,0.41999788377771274,0.2397719656671665,2,18.0,0.0,4.5,0.0,0.0,digital,CO-ANDES,human_followup,sales_visit,1
406.62221512718645,5,28,0.44730686362659605,0.4533558724772053,0.2573406414495865,0,18.0,0.0,4.5,0.0,0.0,traditional_trade,BR-SE,human_followup,sales_visit,0
504.94562937238754,3,29,0.8724322616910521,0.42900823605368865,0.5183191986544636,3,18.0,0.0,4.5,0.0,0.0,traditional_trade,CO-ANDES,human_followup,sales_visit,0
210.85169450093102,8,28,0.5218230621170926,0.43927925388011085,0.4541754093777344,0,18.0,0.0,4.5,0.0,0.0,modern_trade,CO-ANDES,human_followup,sales_visit,0
260.52800217141737,5,3,0.8445362114994199,0.6141338724640049,0.42247304303503386,0,9.0,0.0,0.25,310.0,0.0,traditional_trade,MX-CENTRAL,product_recommendation,promote_core_pack,0
510.785982134435,7,13,0.3759865563586529,0.3475738002052268,0.4728907574437026,2,9.0,0.0,0.25,310.0,0.0,digital,CO-ANDES,product_recommendation,promote_core_pack,1
418.528680444623,5,22,0.8755482815072856,0.38161817778107643,0.23662193313808538,0,9.0,0.0,0.25,310.0,0.0,digital,BR-SE,product_recommendation,promote_core_pack,1
368.3464953538702,6,3,0.9359182272306771,0.18919358105021963,0.2797131892154658,3,18.0,0.0,4.5,0.0,0.0,digital,MX-NORTH,human_followup,sales_visit,0
285.9130424136672,8,14,0.5300893523274623,0.0623032623297876,0.33209071216232317,1,18.0,0.0,4.5,0.0,0.0,traditional_trade,BR-SE,human_followup,sales_visit,0
365.0075697812745,2,16,0.8835414152474084,0.8814678596958555,0.6169667712760676,3,7.5,2.5,0.2,295.0,0.05,modern_trade,CO-ANDES,promotion,targeted_discount,1
230.63939346341743,6,26,0.7574207185435625,0.2788338035123863,0.5945332822239463,2,7.5,2.5,0.2,295.0,0.05,traditional_trade,CO-ANDES,promotion,targeted_discount,1
357.97015043773064,8,10,0.8310719178466004,0.33825186283134734,0.6373030798494035,2,18.0,0.0,4.5,0.0,0.0,modern_trade,MX-CENTRAL,human_followup,sales_visit,1
421.0390378589214,5,24,0.6733408046047743,0.5171684866524972,0.1335833308352095,1,9.0,0.0,0.25,310.0,0.0,digital,CO-ANDES,product_recommendation,promote_core_pack,1
373.8708562141818,5,7,0.8000239892396971,0.7813939543216446,0.30933982346370914,2,9.0,0.0,0.25,310.0,0.0,digital,MX-NORTH,product_recommendation,promote_core_pack,1
458.3633914057913,2,14,0.6665886150002842,0.6549146985060402,0.7435947473811427,2,9.0,0.0,0.25,310.0,0.0,traditional_trade,MX-CENTRAL,product_recommendation,promote_core_pack,1
175.8472474135242,3,19,0.8126031148837551,0.15261078179170787,0.16242883046020254,2,15.5,1.5,0.25,385.0,0.0,modern_trade,CO-ANDES,bundle,premium_bundle,0
418.60253730405293,3,17,0.6862027883092641,0.37211266725551134,0.25943733290970034,3,9.0,0.0,0.25,310.0,0.0,digital,MX-CENTRAL,product_recommendation,promote_core_pack,0
265.1182864445439,9,10,0.3294563534848236,0.3611749878153819,0.6609253508894103,0,15.5,1.5,0.25,385.0,0.0,traditional_trade,MX-CENTRAL,bundle,premium_bundle,0
439.1504200940659,7,2,0.5729264822957661,0.29854194887450647,0.5332021798008733,2,18.0,0.0,4.5,0.0,0.0,modern_trade,MX-CENTRAL,human_followup,sales_visit,0
257.41596858689576,2,6,0.5887934859371723,0.39927569420943,0.5021405277171546,3,7.5,2.5,0.2,295.0,0.05,traditional_trade,BR-SE,promotion,targeted_discount,0
228.37383409298357,2,26,0.446030852815454,0.18264236889461805,0.8997976539838409,2,15.5,1.5,0.25,385.0,0.0,traditional_trade,MX-NORTH,bundle,premium_bundle,0
242.54758174183092,3,23,0.64555941449073,0.34835655695218054,0.23382099033371914,1,18.0,0.0,4.5,0.0,0.0,modern_trade,MX-NORTH,human_followup,sales_visit,1
219.62145704036828,4,3,0.7096802493491824,0.6466083010569359,0.34276283055388557,3,18.0,0.0,4.5,0.0,0.0,traditional_trade,MX-CENTRAL,human_followup,sales_visit,1
475.4060503544996,3,9,0.5888879078853806,0.19818633491271026,0.31406594011884464,0,9.0,0.0,0.25,310.0,0.0,digital,BR-SE,product_recommendation,promote_core_pack,0
381.8106040041572,2,0,0.615469084599982,0.311041136150335,0.41501643331193144,0,7.5,2.5,0.2,295.0,0.05,modern_trade,CO-ANDES,promotion,targeted_discount,1
365.3315025731833,2,6,0.703896297690041,0.6076327015789889,0.6094865222820554,0,18.0,0.0,4.5,0.0,0.0,modern_trade,MX-NORTH,human_followup,sales_visit,1
480.8496083109403,8,19,0.7000385916915425,0.8313197416897138,0.8036881561362914,2,18.0,0.0,4.5,0.0,0.0,traditional_trade,MX-NORTH,human_followup,sales_visit,1
234.20145993784462,4,0,0.48669731201466276,0.719048000876556,0.5097492947474495,2,15.5,1.5,0.25,385.0,0.0,modern_trade,MX-CENTRAL,bundle,premium_bundle,0
449.2818512959308,3,19,0.3637662188815438,0.38209786996706685,0.48621745932486204,3,7.5,2.5,0.2,295.0,0.05,modern_trade,BR-SE,promotion,targeted_discount,0
275.28315169666973,1,14,0.8319825386559973,0.1824522094290876,0.47223711021423675,1,7.5,2.5,0.2,295.0,0.05,digital,CO-ANDES,promotion,targeted_discount,1
298.2698703686612,3,3,0.3967211016526563,0.31837277726441315,0.6299641368490867,0,9.0,0.0,0.25,310.0,0.0,modern_trade,MX-CENTRAL,product_recommendation,promote_core_pack,1
291.6334740783697,5,15,0.8972716719012346,0.4663969968949449,0.4389200222215216,2,9.0,0.0,0.25,310.0,0.0,digital,BR-SE,product_recommendation,promote_core_pack,1
477.34168767904475,4,6,0.5677397096545207,0.7136306501026534,0.5946504647605005,0,7.5,2.5,0.2,295.0,0.05,digital,BR-SE,promotion,targeted_discount,1
479.73241332654214,5,21,0.623908804326861,0.3488053640634799,0.07920783770017938,1,7.5,2.5,0.2,295.0,0.05,digital,MX-NORTH,promotion,targeted_discount,1
217.42433007520947,4,25,0.7836865106540405,0.5299635842632521,0.4312514474804331,0,7.5,2.5,0.2,295.0,0.05,traditional_trade,BR-SE,promotion,targeted_discount,0
260.25159663212827,6,3,0.7014171344303523,0.15981732939544455,0.42530116875298574,2,9.0,0.0,0.25,310.0,0.0,digital,MX-CENTRAL,product_recommendation,promote_core_pack,0
356.90139888076556,8,21,0.8811648520146264,0.8266901685290764,0.43109745960732426,3,9.0,0.0,0.25,310.0,0.0,traditional_trade,MX-CENTRAL,product_recommendation,promote_core_pack,1
257.03660983605795,8,23,0.37338332492204473,0.4859441109073958,0.44117046984501285,3,18.0,0.0,4.5,0.0,0.0,digital,BR-SE,human_followup,sales_visit,0
393.50513864911056,4,18,0.4488223448202657,0.20747044628145525,0.02347991729930884,0,7.5,2.5,0.2,295.0,0.05,modern_trade,CO-ANDES,promotion,targeted_discount,1
248.6851840843987,6,17,0.5667314448388115,0.7745104938989217,0.42693707836333666,0,18.0,0.0,4.5,0.0,0.0,traditional_trade,MX-NORTH,human_followup,sales_visit,1
486.89645524268275,6,10,0.7893706129870046,0.6098153724097128,0.07989610547845244,3,18.0,0.0,4.5,0.0,0.0,modern_trade,BR-SE,human_followup,sales_visit,1
329.37774713540455,7,20,0.603519938960318,0.6799690348130246,0.6632427239499382,1,15.5,1.5,0.25,385.0,0.0,modern_trade,MX-CENTRAL,bundle,premium_bundle,0
301.42271069906934,7,25,0.6295102222092257,0.4233057261949899,0.37251499333918797,2,7.5,2.5,0.2,295.0,0.05,digital,MX-CENTRAL,promotion,targeted_discount,1
382.67327581870563,10,13,0.5862783216955715,0.3693241322956997,0.12455398208527568,0,9.0,0.0,0.25,310.0,0.0,digital,MX-NORTH,product_recommendation,promote_core_pack,1
385.1799645111264,2,2,0.6158884999375366,0.173921555818417,0.6284358419893672,2,18.0,0.0,4.5,0.0,0.0,digital,MX-CENTRAL,human_followup,sales_visit,0
317.54876878909437,5,14,0.5638204702405972,0.32958420428044477,0.2854339152003589,3,15.5,1.5,0.25,385.0,0.0,modern_trade,BR-SE,bundle,premium_bundle,0
218.54445603340662,2,26,0.6844234166237981,0.9315907365950955,0.34706492779647236,1,18.0,0.0,4.5,0.0,0.0,digital,MX-NORTH,human_followup,sales_visit,0
315.73713537584416,7,21,0.5829504313236744,0.5439228978022955,0.5199951095510794,3,15.5,1.5,0.25,385.0,0.0,modern_trade,CO-ANDES,bundle,premium_bundle,0
421.3164920232093,7,1,0.4786822833937465,0.5439289319594498,0.21129097817564388,1,7.5,2.5,0.2,295.0,0.05,modern_trade,MX-NORTH,promotion,targeted_discount,1
436.030290304521,2,29,0.6293680754212918,0.5820806573948154,0.0925904759612503,2,7.5,2.5,0.2,295.0,0.05,traditional_trade,MX-CENTRAL,promotion,targeted_discount,1
362.90823320146177,4,1,0.7824320235038389,0.18829847919519338,0.4302189456587812,2,18.0,0.0,4.5,0.0,0.0,traditional_trade,BR-SE,human_followup,sales_visit,1
259.2258130508817,9,24,0.7873117114653816,0.07953296296175533,0.15054528117525856,3,15.5,1.5,0.25,385.0,0.0,modern_trade,CO-ANDES,bundle,premium_bundle,0
401.12797445171145,3,2,0.8746100862333934,0.3693894669259612,0.3099450847455203,1,9.0,0.0,0.25,310.0,0.0,traditional_trade,CO-ANDES,product_recommendation,promote_core_pack,1
301.6959487966826,9,29,0.7958925408050472,0.4841292530865238,0.7978228669032825,2,9.0,0.0,0.25,310.0,0.0,modern_trade,BR-SE,product_recommendation,promote_core_pack,1
417.17204748625966,3,5,0.8610321637334989,0.5634537226027769,0.7004814386125249,0,9.0,0.0,0.25,310.0,0.0,digital,BR-SE,product_recommendation,promote_core_pack,1
259.70327786865016,8,5,0.8283212798957642,0.6363484107650703,0.37356860375689827,0,9.0,0.0,0.25,310.0,0.0,modern_trade,CO-ANDES,product_recommendation,promote_core_pack,0
316.453651230538,9,5,0.4894819482828747,0.2836437743670924,0.48641572927028914,0,18.0,0.0,4.5,0.0,0.0,modern_trade,MX-CENTRAL,human_followup,sales_visit,0
396.7635276731758,4,6,0.6976550996223022,0.5873717306018686,0.6505302927412278,2,18.0,0.0,4.5,0.0,0.0,traditional_trade,BR-SE,human_followup,sales_visit,0
331.55783166380957,4,6,0.7349649460012104,0.47905125154600875,0.53663706463971,2,7.5,2.5,0.2,295.0,0.05,traditional_trade,MX-NORTH,promotion,targeted_discount,1
187.4723791806787,4,28,0.7131492991894203,0.18264589520081215,0.28175007803798824,2,9.0,0.0,0.25,310.0,0.0,traditional_trade,BR-SE,product_recommendation,promote_core_pack,0
369.40701404176167,7,1,0.4401464826667193,0.4132729555217583,0.41432489670099043,2,7.5,2.5,0.2,295.0,0.05,modern_trade,CO-ANDES,promotion,targeted_discount,1
165.49091339148833,2,14,0.6434349087210596,0.39559273766845066,0.42172149002818077,0,15.5,1.5,0.25,385.0,0.0,traditional_trade,MX-CENTRAL,bundle,premium_bundle,1
301.97932126853846,2,11,0.7911637823718408,0.6775741873914874,0.5081773890034486,0,9.0,0.0,0.25,310.0,0.0,traditional_trade,MX-CENTRAL,product_recommendation,promote_core_pack,0
336.0003811368787,4,30,0.4212447849210826,0.35709493208333515,0.32156468316398246,0,18.0,0.0,4.5,0.0,0.0,traditional_trade,CO-ANDES,human_followup,sales_visit,0
382.31253894829393,6,7,0.8499972972917865,0.325244377961723,0.24147845048347255,3,7.5,2.5,0.2,295.0,0.05,traditional_trade,BR-SE,promotion,targeted_discount,1
406.2235224241589,3,5,0.877660240966165,0.48781054161820364,0.4433258950687502,2,15.5,1.5,0.25,385.0,0.0,traditional_trade,CO-ANDES,bundle,premium_bundle,0
256.75517031086775,2,0,0.4836295183451106,0.7583179762252711,0.476086498454767,0,15.5,1.5,0.25,385.0,0.0,modern_trade,MX-NORTH,bundle,premium_bundle,1
281.61469714146443,6,23,0.5741907097622098,0.24486885238281347,0.409207806680816,1,9.0,0.0,0.25,310.0,0.0,digital,CO-ANDES,product_recommendation,promote_core_pack,0
416.2986904887927,6,15,0.5241512151779907,0.17854413130412738,0.5954808276460353,1,15.5,1.5,0.25,385.0,0.0,digital,MX-CENTRAL,bundle,premium_bundle,1
361.8236109520869,2,8,0.935889575772339,0.46846005270672336,0.5473995708687059,1,15.5,1.5,0.25,385.0,0.0,digital,CO-ANDES,bundle,premium_bundle,0
340.6391738655683,4,12,0.55961155621639,0.37657278189872806,0.8523497911924931,2,7.5,2.5,0.2,295.0,0.05,traditional_trade,BR-SE,promotion,targeted_discount,1
484.4111387204308,4,10,0.8819806416263566,0.6743320663162218,0.5502344622037731,1,15.5,1.5,0.25,385.0,0.0,traditional_trade,MX-NORTH,bundle,premium_bundle,1
208.50420572531817,2,5,0.46169996038325833,0.6983259076975307,0.631467256166445,2,7.5,2.5,0.2,295.0,0.05,traditional_trade,MX-NORTH,promotion,targeted_discount,0
488.17042049066754,1,27,0.5232791635484564,0.2743819509576279,0.09511200839302633,2,15.5,1.5,0.25,385.0,0.0,digital,MX-NORTH,bundle,premium_bundle,0
280.9265945451791,6,27,0.7395966387210935,0.3166854970804805,0.3417179009828795,1,7.5,2.5,0.2,295.0,0.05,digital,MX-CENTRAL,promotion,targeted_discount,0
277.9918197798993,3,8,0.7844856486533415,0.3100059870118607,0.6305628963813457,2,15.5,1.5,0.25,385.0,0.0,digital,MX-NORTH,bundle,premium_bundle,1
321.40596004591924,3,19,0.3612094047678514,0.32850586093658996,0.060149642594390935,3,7.5,2.5,0.2,295.0,0.05,traditional_trade,MX-NORTH,promotion,targeted_discount,0
428.9991362208269,4,6,0.4682231891067133,0.5074854033061892,0.6428606146155351,0,18.0,0.0,4.5,0.0,0.0,traditional_trade,MX-CENTRAL,human_followup,sales_visit,0
194.99695295690648,5,18,0.5353274928258963,0.67929667535129,0.30931816011250934,0,7.5,2.5,0.2,295.0,0.05,traditional_trade,BR-SE,promotion,targeted_discount,1
310.5898366869995,12,8,0.530875565367019,0.36387328100899113,0.1780999693022856,0,7.5,2.5,0.2,295.0,0.05,digital,MX-NORTH,promotion,targeted_discount,1
311.0422385937226,4,0,0.7350487876638224,0.6753262524776825,0.45074657642885335,1,15.5,1.5,0.25,385.0,0.0,modern_trade,CO-ANDES,bundle,premium_bundle,1
384.422986678733,3,1,0.8335290462567552,0.20960979050196316,0.5772831992123347,2,7.5,2.5,0.2,295.0,0.05,traditional_trade,MX-NORTH,promotion,targeted_discount,1
191.48081915305468,5,0,0.6473029095002018,0.4134561114935808,0.1894310495661082,3,9.0,0.0,0.25,310.0,0.0,traditional_trade,CO-ANDES,product_recommendation,promote_core_pack,0
408.75601712933496,6,14,0.7385045163169403,0.5936246974729774,0.7513748726980586,1,15.5,1.5,0.25,385.0,0.0,modern_trade,CO-ANDES,bundle,premium_bundle,1
398.2758645684694,3,15,0.9013348854763636,0.3012517948610535,0.2871151367451553,0,7.5,2.5,0.2,295.0,0.05,digital,MX-CENTRAL,promotion,targeted_discount,0
332.28647999078146,7,24,0.5627255215000708,0.30461881436942245,0.1512106548440816,2,9.0,0.0,0.25,310.0,0.0,traditional_trade,MX-CENTRAL,product_recommendation,promote_core_pack,1
303.09271710841716,3,29,0.6823901575536778,0.1689149388587881,0.23369141392667905,3,7.5,2.5,0.2,295.0,0.05,traditional_trade,CO-ANDES,promotion,targeted_discount,1
334.8092840264553,6,22,0.46015942363586876,0.45750174735414834,0.657155755204901,0,7.5,2.5,0.2,295.0,0.05,traditional_trade,MX-NORTH,promotion,targeted_discount,0
273.3727877484041,4,28,0.588403686087112,0.21328304728287406,0.5583766466519438,0,9.0,0.0,0.25,310.0,0.0,traditional_trade,CO-ANDES,product_recommendation,promote_core_pack,1
421.05712668698305,4,0,0.6095841887809357,0.6127824472071771,0.47726088926702376,2,7.5,2.5,0.2,295.0,0.05,modern_trade,BR-SE,promotion,targeted_discount,1
367.08691558868657,5,17,0.7174198014068405,0.48707670753310517,0.3539439444652671,0,18.0,0.0,4.5,0.0,0.0,modern_trade,CO-ANDES,human_followup,sales_visit,0
400.9248413176374,5,13,0.7226814522836726,0.38703789232857855,0.42951892659059354,1,9.0,0.0,0.25,310.0,0.0,digital,MX-NORTH,product_recommendation,promote_core_pack,0
455.25510823716934,5,8,0.9456306999275033,0.8162480918414609,0.2286442267924903,1,15.5,1.5,0.25,385.0,0.0,modern_trade,MX-NORTH,bundle,premium_bundle,1
152.77778304203161,4,0,0.8734608601221723,0.4373861964471792,0.06991411205538998,3,7.5,2.5,0.2,295.0,0.05,modern_trade,MX-CENTRAL,promotion,targeted_discount,1
310.73460776890636,5,23,0.6233981133226257,0.8938985513119455,0.4367319938391453,2,15.5,1.5,0.25,385.0,0.0,modern_trade,MX-CENTRAL,bundle,premium_bundle,1
321.36997338652225,2,26,0.6518708888276753,0.3845981875305147,0.10134740636940379,3,15.5,1.5,0.25,385.0,0.0,digital,MX-CENTRAL,bundle,premium_bundle,0
198.17010604611605,7,24,0.8996637464622007,0.49876574913912,0.6053012991306495,0,7.5,2.5,0.2,295.0,0.05,digital,BR-SE,promotion,targeted_discount,1
275.97487780488456,7,20,0.542411184106664,0.1902635728239871,0.39485025000312035,2,9.0,0.0,0.25,310.0,0.0,digital,BR-SE,product_recommendation,promote_core_pack,0
334.3342944768203,7,27,0.7192652402816185,0.36281245486379105,0.7604579538764493,1,15.5,1.5,0.25,385.0,0.0,traditional_trade,BR-SE,bundle,premium_bundle,0
250.3121414237676,7,14,0.8017096883014972,0.44372821709681154,0.46477585760491813,3,9.0,0.0,0.25,310.0,0.0,modern_trade,MX-NORTH,product_recommendation,promote_core_pack,1
198.6743661687865,0,12,0.860912601919474,0.6694585549025803,0.3416071946961597,2,15.5,1.5,0.25,385.0,0.0,modern_trade,BR-SE,bundle,premium_bundle,0
382.8738299398166,7,19,0.4908014867119799,0.5906059208166228,0.6440710158913993,2,18.0,0.0,4.5,0.0,0.0,modern_trade,MX-CENTRAL,human_followup,sales_visit,1
406.17266676594676,7,4,0.5844957869043717,0.6616112788818944,0.17791950604025236,3,18.0,0.0,4.5,0.0,0.0,traditional_trade,MX-CENTRAL,human_followup,sales_visit,1
442.940699166329,4,27,0.18345755564673535,0.24428919797640994,0.3282677654720877,1,7.5,2.5,0.2,295.0,0.05,modern_trade,BR-SE,promotion,targeted_discount,1
247.7975587202534,4,10,0.44800277965882596,0.32283360429670316,0.7079309261662594,1,18.0,0.0,4.5,0.0,0.0,traditional_trade,MX-CENTRAL,human_followup,sales_visit,1
399.38695925217496,3,23,0.6900002671030758,0.35054863187874263,0.26168643545453957,1,7.5,2.5,0.2,295.0,0.05,traditional_trade,CO-ANDES,promotion,targeted_discount,1
353.5799255632466,7,0,0.8703828497255912,0.37886801396594555,0.25750691755729554,1,9.0,0.0,0.25,310.0,0.0,digital,MX-NORTH,product_recommendation,promote_core_pack,1
491.8851567233784,8,21,0.5919399854216575,0.3938188089952818,0.20642939001997995,1,15.5,1.5,0.25,385.0,0.0,traditional_trade,MX-CENTRAL,bundle,premium_bundle,1
396.90669008914944,5,28,0.8809551092462193,0.5087424009771527,0.5952711444605201,0,18.0,0.0,4.5,0.0,0.0,modern_trade,CO-ANDES,human_followup,sales_visit,0
440.64595735767,7,14,0.814891499243855,0.7014504212255768,0.41376730780266086,3,7.5,2.5,0.2,295.0,0.05,modern_trade,CO-ANDES,promotion,targeted_discount,1
352.2262104402392,5,7,0.5413561936616347,0.5410596299454168,0.20329080876244918,0,9.0,0.0,0.25,310.0,0.0,traditional_trade,CO-ANDES,product_recommendation,promote_core_pack,1
80.0,3,12,0.7673622686716168,0.4701763953485089,0.42650190755015693,0,9.0,0.0,0.25,310.0,0.0,modern_trade,BR-SE,product_recommendation,promote_core_pack,0
304.46904073479203,4,7,0.6218656846371455,0.6757592125187952,0.5838186940493678,0,9.0,0.0,0.25,310.0,0.0,modern_trade,CO-ANDES,product_recommendation,promote_core_pack,0
357.9611175993065,7,0,0.7346794282940682,0.3651839541329359,0.5056866490945063,3,15.5,1.5,0.25,385.0,0.0,traditional_trade,BR-SE,bundle,premium_bundle,0
364.9993213108074,8,13,0.9308696733279895,0.11953127875883825,0.28034268579614074,2,15.5,1.5,0.25,385.0,0.0,modern_trade,MX-CENTRAL,bundle,premium_bundle,1
406.11360323931206,6,15,0.8651362405989939,0.4508823394503873,0.3646116790277907,2,7.5,2.5,0.2,295.0,0.05,traditional_trade,MX-CENTRAL,promotion,targeted_discount,0
277.4414808647026,5,9,0.7554546106750026,0.08316936635434942,0.13123621811441352,1,9.0,0.0,0.25,310.0,0.0,traditional_trade,MX-CENTRAL,product_recommendation,promote_core_pack,1
435.4473560643499,6,19,0.18779436498617086,0.06138767130852019,0.5423435390874976,3,7.5,2.5,0.2,295.0,0.05,traditional_trade,CO-ANDES,promotion,targeted_discount,1
199.193863165142,4,14,0.5424941537463511,0.25143502829568815,0.1670176894876972,1,15.5,1.5,0.25,385.0,0.0,modern_trade,MX-NORTH,bundle,premium_bundle,1
401.10354580869654,5,28,0.5335346444918201,0.39862135579928937,0.27541739563547296,0,15.5,1.5,0.25,385.0,0.0,digital,MX-NORTH,bundle,premium_bundle,0
373.4350785853689,3,0,0.8431668480951916,0.54208713584579,0.23200400104887273,1,18.0,0.0,4.5,0.0,0.0,modern_trade,CO-ANDES,human_followup,sales_visit,1
476.0089769077498,5,3,0.8589908428264001,0.7263677117396045,0.37442807085612717,3,7.5,2.5,0.2,295.0,0.05,traditional_trade,MX-CENTRAL,promotion,targeted_discount,1
183.51476405491502,5,9,0.5855696340528983,0.60506095564727,0.323276648364958,2,15.5,1.5,0.25,385.0,0.0,modern_trade,BR-SE,bundle,premium_bundle,0
346.68197364288966,5,5,0.8742329540172822,0.15227457070852918,0.5357147791083785,2,7.5,2.5,0.2,295.0,0.05,digital,CO-ANDES,promotion,targeted_discount,1
201.46326543932605,5,16,0.6989674205228622,0.28024179999824195,0.33186776147185126,1,7.5,2.5,0.2,295.0,0.05,modern_trade,CO-ANDES,promotion,targeted_discount,1
390.0881696876117,6,15,0.9335165271373992,0.08678945083364366,0.11380143779261694,0,7.5,2.5,0.2,295.0,0.05,digital,CO-ANDES,promotion,targeted_discount,1
392.1035765145721,5,28,0.527914471128506,0.36836388616175264,0.38096423369752136,2,15.5,1.5,0.25,385.0,0.0,digital,MX-CENTRAL,bundle,premium_bundle,1
261.25862092188754,2,28,0.4738969901831385,0.3738637070308732,0.6021527378507918,3,7.5,2.5,0.2,295.0,0.05,digital,CO-ANDES,promotion,targeted_discount,0
467.33150977757276,3,4,0.8406478695828745,0.5668324656970204,0.44882374082858395,0,15.5,1.5,0.25,385.0,0.0,modern_trade,CO-ANDES,bundle,premium_bundle,1
309.39078175546956,8,28,0.9374599481254341,0.53765101726972,0.26615411676946943,2,9.0,0.0,0.25,310.0,0.0,modern_trade,CO-ANDES,product_recommendation,promote_core_pack,0
124.33027807939067,7,28,0.6518697770084237,0.8100853809635248,0.748778932016747,1,7.5,2.5,0.2,295.0,0.05,traditional_trade,MX-CENTRAL,promotion,targeted_discount,0
323.3767937759431,6,7,0.8121536543439589,0.3583491109840022,0.5970835896518373,3,15.5,1.5,0.25,385.0,0.0,traditional_trade,CO-ANDES,bundle,premium_bundle,0
219.59079636948127,8,2,0.4486797862098959,0.3259819300060859,0.5140623301643514,1,7.5,2.5,0.2,295.0,0.05,digital,BR-SE,promotion,targeted_discount,1
354.3578726804592,5,9,0.7204763576945261,0.21512721016527805,0.497084036877416,2,18.0,0.0,4.5,0.0,0.0,modern_trade,MX-CENTRAL,human_followup,sales_visit,1
371.10217459015655,0,8,0.8057217188963983,0.4092619783073483,0.06559774485686101,2,7.5,2.5,0.2,295.0,0.05,digital,CO-ANDES,promotion,targeted_discount,1
202.75223878651053,3,18,0.5139110743781424,0.5424754360005892,0.7914400689290262,2,18.0,0.0,4.5,0.0,0.0,modern_trade,CO-ANDES,human_followup,sales_visit,0
242.08088700759913,4,12,0.8322817263393034,0.20616407833306102,0.6646178719592569,0,18.0,0.0,4.5,0.0,0.0,digital,CO-ANDES,human_followup,sales_visit,1
350.1168873754119,7,23,0.536561994190738,0.5873238229119802,0.23838020770563922,1,7.5,2.5,0.2,295.0,0.05,traditional_trade,MX-CENTRAL,promotion,targeted_discount,1
279.982936719619,4,5,0.6148590840752607,0.3514660287237384,0.12144761541429651,3,18.0,0.0,4.5,0.0,0.0,modern_trade,BR-SE,human_followup,sales_visit,1
387.571515759033,8,8,0.901592427287717,0.5017419824950651,0.28308438503747224,0,15.5,1.5,0.25,385.0,0.0,digital,BR-SE,bundle,premium_bundle,1
479.26896072960676,5,23,0.5125237955396973,0.27283472678781856,0.34168208427982694,2,7.5,2.5,0.2,295.0,0.05,modern_trade,MX-NORTH,promotion,targeted_discount,0
431.36818980900125,2,12,0.8346751381514254,0.3113743381469385,0.21677517440131586,3,9.0,0.0,0.25,310.0,0.0,traditional_trade,MX-CENTRAL,product_recommendation,promote_core_pack,0
247.48568064807102,5,9,0.5664163034687629,0.27583705127587665,0.7489078366971161,1,18.0,0.0,4.5,0.0,0.0,modern_trade,CO-ANDES,human_followup,sales_visit,1
431.2820551251498,2,7,0.9239705150085425,0.6168937419328528,0.041911309087401816,2,7.5,2.5,0.2,295.0,0.05,digital,CO-ANDES,promotion,targeted_discount,1
298.7276796606701,5,3,0.6343741711930526,0.5377549986857226,0.6477184988010128,0,18.0,0.0,4.5,0.0,0.0,digital,BR-SE,human_followup,sales_visit,0
403.9330531629772,6,3,0.5968874538291892,0.15607868551542872,0.627114325437527,1,9.0,0.0,0.25,310.0,0.0,digital,MX-NORTH,product_recommendation,promote_core_pack,0
151.59930770973827,10,20,0.6709628801639702,0.8890747856268195,0.26415980282400825,3,18.0,0.0,4.5,0.0,0.0,digital,MX-CENTRAL,human_followup,sales_visit,1
262.6546795963918,3,12,0.8996620757869559,0.18786381545519656,0.5173887462550095,1,15.5,1.5,0.25,385.0,0.0,traditional_trade,MX-NORTH,bundle,premium_bundle,1
408.0791240686834,7,24,0.7438877763047964,0.43474069995470044,0.5221934034762333,0,15.5,1.5,0.25,385.0,0.0,traditional_trade,MX-NORTH,bundle,premium_bundle,1
240.16600070079716,3,18,0.6051498089339569,0.30230497174414694,0.007990165297782785,2,18.0,0.0,4.5,0.0,0.0,modern_trade,MX-CENTRAL,human_followup,sales_visit,1
303.62676382953407,2,9,0.5535575545759908,0.16614244773308887,0.5181115120836962,2,15.5,1.5,0.25,385.0,0.0,traditional_trade,MX-NORTH,bundle,premium_bundle,0
267.7574147207381,2,2,0.5320390102955006,0.46028619129493065,0.19651701629053256,3,9.0,0.0,0.25,310.0,0.0,modern_trade,MX-CENTRAL,product_recommendation,promote_core_pack,0
324.0823631990422,5,9,0.6809963785459345,0.2951745784155936,0.12848709461460234,1,15.5,1.5,0.25,385.0,0.0,digital,BR-SE,bundle,premium_bundle,0
353.8974014651285,6,17,0.8596591014765704,0.15423125219534417,0.16282842640131667,0,7.5,2.5,0.2,295.0,0.05,modern_trade,MX-CENTRAL,promotion,targeted_discount,1
302.68986806705016,6,17,0.6416397973349199,0.5757442725642336,0.6293759337061383,0,18.0,0.0,4.5,0.0,0.0,modern_trade,BR-SE,human_followup,sales_visit,1
298.8434229234329,6,20,0.8989666092665278,0.6435337154659193,0.5508243159418308,0,7.5,2.5,0.2,295.0,0.05,modern_trade,MX-NORTH,promotion,targeted_discount,1
254.81173459339817,5,18,0.7671676275050501,0.852643673109149,0.19446999323412031,0,7.5,2.5,0.2,295.0,0.05,digital,CO-ANDES,promotion,targeted_discount,1
368.6953795703901,2,30,0.37665652151456386,0.21202741793194116,0.6473181145819156,0,18.0,0.0,4.5,0.0,0.0,digital,MX-CENTRAL,human_followup,sales_visit,0
220.33052670462416,3,0,0.9392479171462044,0.2510154280796351,0.3278432653217577,2,7.5,2.5,0.2,295.0,0.05,digital,MX-CENTRAL,promotion,targeted_discount,0
338.4347215575202,5,24,0.8439699720832359,0.4651523407188208,0.6302134503655231,1,9.0,0.0,0.25,310.0,0.0,traditional_trade,BR-SE,product_recommendation,promote_core_pack,1
444.47689184706417,7,29,0.6650356056524074,0.48637026967086816,0.36863412945202817,3,18.0,0.0,4.5,0.0,0.0,traditional_trade,MX-NORTH,human_followup,sales_visit,1
331.5369470747565,10,12,0.6871810139138207,0.22633001269634087,0.397353076120806,1,9.0,0.0,0.25,310.0,0.0,digital,MX-NORTH,product_recommendation,promote_core_pack,0
283.8169393170433,7,24,0.8527560348740648,0.7207378552382768,0.3813484418058202,3,18.0,0.0,4.5,0.0,0.0,modern_trade,MX-NORTH,human_followup,sales_visit,1
362.1213071469946,2,13,0.9466565648626044,0.6118547435015526,0.29689568672793126,3,18.0,0.0,4.5,0.0,0.0,modern_trade,MX-NORTH,human_followup,sales_visit,0
136.64681736187367,8,9,0.23421460967893684,0.36148262953107263,0.6403419870359247,3,15.5,1.5,0.25,385.0,0.0,digital,MX-CENTRAL,bundle,premium_bundle,0
185.44745557182432,7,6,0.5588414355926687,0.5582744008845122,0.2844537866115363,0,9.0,0.0,0.25,310.0,0.0,traditional_trade,MX-NORTH,product_recommendation,promote_core_pack,1
280.2547905864405,6,9,0.9472918079706234,0.7454406048584769,0.4063053137636334,1,7.5,2.5,0.2,295.0,0.05,digital,BR-SE,promotion,targeted_discount,1
413.88153305334856,5,23,0.5479874637581313,0.6594926187585409,0.8435877583508241,2,7.5,2.5,0.2,295.0,0.05,digital,MX-NORTH,promotion,targeted_discount,1
337.2731101015159,5,21,0.7664266099616048,0.6544066722349822,0.3569983250481169,0,9.0,0.0,0.25,310.0,0.0,modern_trade,BR-SE,product_recommendation,promote_core_pack,0
252.73526978106523,3,14,0.6065759016263443,0.5865799276074508,0.13321000114650267,0,7.5,2.5,0.2,295.0,0.05,digital,BR-SE,promotion,targeted_discount,0
221.0514201871168,3,10,0.48274878578637836,0.5894040662122503,0.1780283719334207,1,7.5,2.5,0.2,295.0,0.05,modern_trade,MX-CENTRAL,promotion,targeted_discount,0
242.5663312421204,1,29,0.6594815734200954,0.7756199787595346,0.5623395727568804,1,18.0,0.0,4.5,0.0,0.0,traditional_trade,MX-NORTH,human_followup,sales_visit,1
489.72879284434816,8,1,0.889864714579903,0.7480244027811965,0.6596065926159789,2,7.5,2.5,0.2,295.0,0.05,modern_trade,CO-ANDES,promotion,targeted_discount,1
312.17545112687935,4,6,0.9140670408502114,0.276494552045205,0.663876277555318,2,7.5,2.5,0.2,295.0,0.05,digital,CO-ANDES,promotion,targeted_discount,0
247.5784524827697,9,5,0.5081639126688983,0.5060911584375395,0.3498627387871996,0,7.5,2.5,0.2,295.0,0.05,digital,MX-CENTRAL,promotion,targeted_discount,1
307.9176648160297,3,6,0.7752774569033715,0.49750187440000626,0.21941779170627113,1,18.0,0.0,4.5,0.0,0.0,traditional_trade,MX-NORTH,human_followup,sales_visit,0
314.38704850458214,3,22,0.6224789351405902,0.4893166106631673,0.8139515498447026,0,15.5,1.5,0.25,385.0,0.0,traditional_trade,CO-ANDES,bundle,premium_bundle,0
238.50738438992494,3,23,0.5854207349075171,0.47663719942043914,0.5150806329052261,3,18.0,0.0,4.5,0.0,0.0,traditional_trade,CO-ANDES,human_followup,sales_visit,0
316.77113446050663,6,7,0.8893959649443369,0.22003239009079603,0.19849505924849756,3,18.0,0.0,4.5,0.0,0.0,traditional_trade,BR-SE,human_followup,sales_visit,0
358.0056821646833,4,28,0.8489160396436196,0.42239810053873844,0.4222802289577778,0,15.5,1.5,0.25,385.0,0.0,modern_trade,BR-SE,bundle,premium_bundle,0
335.9745297764478,4,21,0.45168780677049886,0.7992603515401084,0.24877500664498658,0,7.5,2.5,0.2,295.0,0.05,modern_trade,MX-NORTH,promotion,targeted_discount,1
371.3344113482532,4,3,0.7072441339831654,0.19311066878032637,0.16833352082765612,3,7.5,2.5,0.2,295.0,0.05,digital,BR-SE,promotion,targeted_discount,0
218.85582976994598,7,17,0.8029379576684905,0.5043562435451522,0.7396928933378142,2,9.0,0.0,0.25,310.0,0.0,traditional_trade,CO-ANDES,product_recommendation,promote_core_pack,0
331.929425350324,2,27,0.3616232649108484,0.44782707673546235,0.3772147093311869,1,18.0,0.0,4.5,0.0,0.0,traditional_trade,MX-NORTH,human_followup,sales_visit,1
311.97622738462303,3,22,0.8110182425580383,0.05357026588409607,0.5153358291285336,2,7.5,2.5,0.2,295.0,0.05,traditional_trade,CO-ANDES,promotion,targeted_discount,1
120.36442464105562,8,18,0.48726310417545105,0.1397801591019448,0.5482509549445906,2,18.0,0.0,4.5,0.0,0.0,digital,CO-ANDES,human_followup,sales_visit,1
324.3443384201063,2,13,0.4635871036847922,0.2774279255320604,0.34069498684887795,2,9.0,0.0,0.25,310.0,0.0,traditional_trade,CO-ANDES,product_recommendation,promote_core_pack,0
402.0232019664692,4,29,0.4386889806226365,0.13633092173217348,0.7609431059160976,0,9.0,0.0,0.25,310.0,0.0,digital,BR-SE,product_recommendation,promote_core_pack,1
443.59043582570604,6,16,0.6628611753923176,0.25378532554767025,0.2512877518812598,1,9.0,0.0,0.25,310.0,0.0,traditional_trade,MX-CENTRAL,product_recommendation,promote_core_pack,1
186.18671888993393,3,23,0.9142492997707615,0.39366701631001905,0.4424054569822395,1,7.5,2.5,0.2,295.0,0.05,digital,MX-CENTRAL,promotion,targeted_discount,0
292.33076632798014,5,10,0.7429542810520007,0.38574102435584695,0.17658933397830284,0,18.0,0.0,4.5,0.0,0.0,digital,MX-NORTH,human_followup,sales_visit,0
245.9342582366943,4,20,0.6362729448468014,0.732850187002544,0.47862558812541184,2,18.0,0.0,4.5,0.0,0.0,digital,MX-CENTRAL,human_followup,sales_visit,0
219.8994652194227,2,23,0.7442915174777235,0.48318536841708987,0.12684003259336415,3,7.5,2.5,0.2,295.0,0.05,modern_trade,CO-ANDES,promotion,targeted_discount,0
451.4461580748075,6,30,0.3654324146542758,0.5839314002223619,0.45486028498389525,0,15.5,1.5,0.25,385.0,0.0,digital,BR-SE,bundle,premium_bundle,0
322.0074179813035,5,2,0.7068002685161676,0.32002291032189767,0.0577490490517551,2,18.0,0.0,4.5,0.0,0.0,digital,CO-ANDES,human_followup,sales_visit,1
144.99848351664414,6,18,0.4723971462107768,0.41633356765066915,0.40795820375684333,2,18.0,0.0,4.5,0.0,0.0,modern_trade,MX-NORTH,human_followup,sales_visit,1
200.29961497292337,3,3,0.7732967712561251,0.6888131171131258,0.4051266635944319,2,9.0,0.0,0.25,310.0,0.0,traditional_trade,CO-ANDES,product_recommendation,promote_core_pack,0
330.391577199051,8,11,0.7073639757489611,0.45391191959908195,0.1501220327400695,2,18.0,0.0,4.5,0.0,0.0,modern_trade,MX-NORTH,human_followup,sales_visit,1
438.32282211518356,5,4,0.7347008909113355,0.24309564683582247,0.5667400639221677,1,18.0,0.0,4.5,0.0,0.0,traditional_trade,MX-NORTH,human_followup,sales_visit,1
293.717454529776,5,15,0.6040651678443059,0.43357170736566647,0.4905439657102654,1,9.0,0.0,0.25,310.0,0.0,modern_trade,CO-ANDES,product_recommendation,promote_core_pack,0
312.72454909120285,2,21,0.925880383272386,0.15425987345845082,0.31066531464216535,2,15.5,1.5,0.25,385.0,0.0,digital,CO-ANDES,bundle,premium_bundle,0
287.84025328049074,4,16,0.5978616157358355,0.40687601012275504,0.6920837790655407,3,18.0,0.0,4.5,0.0,0.0,traditional_trade,BR-SE,human_followup,sales_visit,0
177.3060886937208,9,9,0.596855407813035,0.2729310826921571,0.37704213527271524,1,7.5,2.5,0.2,295.0,0.05,modern_trade,BR-SE,promotion,targeted_discount,1
339.65509473881264,4,19,0.8311374921895881,0.6930777576363928,0.12442263617482616,3,15.5,1.5,0.25,385.0,0.0,digital,MX-CENTRAL,bundle,premium_bundle,0
377.48583515921405,0,27,0.7957757876845709,0.16684230468027564,0.48014890434645596,1,9.0,0.0,0.25,310.0,0.0,modern_trade,MX-NORTH,product_recommendation,promote_core_pack,1
311.60798676635386,7,5,0.785810496646942,0.2736217908463849,0.041716936654159015,2,7.5,2.5,0.2,295.0,0.05,digital,BR-SE,promotion,targeted_discount,1
246.4475238862002,11,3,0.6154853567163425,0.6177681840596223,0.815731065867608,2,15.5,1.5,0.25,385.0,0.0,modern_trade,CO-ANDES,bundle,premium_bundle,1
294.5922510220282,5,20,0.7995113174479773,0.42135016423030525,0.2371152913452182,0,15.5,1.5,0.25,385.0,0.0,traditional_trade,MX-CENTRAL,bundle,premium_bundle,0
468.08511339387934,2,18,0.9659355790629492,0.39086679335308183,0.5996704688986543,1,9.0,0.0,0.25,310.0,0.0,modern_trade,MX-NORTH,product_recommendation,promote_core_pack,0
301.3306510806817,8,7,0.522692049007392,0.33950049532135057,0.7346031607358908,0,18.0,0.0,4.5,0.0,0.0,digital,MX-NORTH,human_followup,sales_visit,1
322.1261947801996,3,18,0.8869430523913492,0.310145829359765,0.531542478090681,3,18.0,0.0,4.5,0.0,0.0,traditional_trade,MX-NORTH,human_followup,sales_visit,0
490.68073275922393,9,23,0.8539121092198448,0.30890217264692105,0.29057692988506284,3,9.0,0.0,0.25,310.0,0.0,traditional_trade,CO-ANDES,product_recommendation,promote_core_pack,1
310.76156153302065,3,24,0.5256098760956641,0.13225731439656999,0.34004915162280436,2,15.5,1.5,0.25,385.0,0.0,digital,MX-CENTRAL,bundle,premium_bundle,0
463.8008122032016,4,0,0.48915454688056764,0.2172811021512723,0.6055608201362318,2,7.5,2.5,0.2,295.0,0.05,digital,MX-CENTRAL,promotion,targeted_discount,0
309.71269376360715,6,10,0.7477892658105442,0.6746290982123632,0.2098274171112655,2,18.0,0.0,4.5,0.0,0.0,modern_trade,MX-CENTRAL,human_followup,sales_visit,1
256.0586411006849,6,1,0.5223346916484675,0.7249479653423797,0.2479503257113006,3,9.0,0.0,0.25,310.0,0.0,traditional_trade,MX-NORTH,product_recommendation,promote_core_pack,0
223.51699946085665,2,20,0.9204254366644158,0.5579116786024504,0.6260667703756004,3,9.0,0.0,0.25,310.0,0.0,modern_trade,MX-NORTH,product_recommendation,promote_core_pack,1
369.6774490482709,5,21,0.6269535436399668,0.5779449447409418,0.635324174616019,2,7.5,2.5,0.2,295.0,0.05,modern_trade,BR-SE,promotion,targeted_discount,1
413.7028942375438,3,27,0.46574570709196234,0.24124462877606836,0.6610338182051667,0,18.0,0.0,4.5,0.0,0.0,traditional_trade,MX-NORTH,human_followup,sales_visit,1
295.84998510969035,5,16,0.7157205901935699,0.13211743493049508,0.603908171325096,1,7.5,2.5,0.2,295.0,0.05,modern_trade,MX-CENTRAL,promotion,targeted_discount,0
342.4263697483042,3,11,0.8806964855572093,0.8988458552299873,0.8378738641689281,0,7.5,2.5,0.2,295.0,0.05,digital,MX-CENTRAL,promotion,targeted_discount,1
387.73739755380484,6,5,0.9682137881725592,0.3837123116395933,0.42426859042244564,0,9.0,0.0,0.25,310.0,0.0,modern_trade,MX-NORTH,product_recommendation,promote_core_pack,1
303.70275759049787,9,21,0.8826307303067613,0.5175523296991982,0.596483235260302,0,18.0,0.0,4.5,0.0,0.0,modern_trade,CO-ANDES,human_followup,sales_visit,1
234.60724118825442,6,3,0.8715537780575573,0.2091803525398474,0.571612657981582,0,7.5,2.5,0.2,295.0,0.05,modern_trade,MX-CENTRAL,promotion,targeted_discount,0
337.4613290677074,2,16,0.8973060965586533,0.7957344313039816,0.2176263347898707,1,15.5,1.5,0.25,385.0,0.0,modern_trade,MX-NORTH,bundle,premium_bundle,0
380.2808865829346,5,10,0.6268159653079711,0.45400805015017787,0.2996651501644978,1,18.0,0.0,4.5,0.0,0.0,traditional_trade,CO-ANDES,human_followup,sales_visit,1
473.3526408591117,5,0,0.7645835767062772,0.3390989709233159,0.38230346740454796,3,18.0,0.0,4.5,0.0,0.0,digital,BR-SE,human_followup,sales_visit,0
292.23723093275447,9,30,0.8002893103879186,0.5182936014638408,0.6930110456057844,0,15.5,1.5,0.25,385.0,0.0,digital,CO-ANDES,bundle,premium_bundle,1
431.65911276916006,6,11,0.935649995879078,0.5038167133042308,0.5492938536793023,3,7.5,2.5,0.2,295.0,0.05,modern_trade,CO-ANDES,promotion,targeted_discount,0
436.4137909513782,6,29,0.47425529029476043,0.4257675383228884,0.35398974189064,3,7.5,2.5,0.2,295.0,0.05,modern_trade,MX-NORTH,promotion,targeted_discount,0
324.04542910351046,6,27,0.678192960066869,0.17486403593577515,0.12065060551957436,0,9.0,0.0,0.25,310.0,0.0,digital,CO-ANDES,product_recommendation,promote_core_pack,1
341.77000174736133,5,14,0.8874141346098772,0.6351834411311815,0.3834623438965248,2,9.0,0.0,0.25,310.0,0.0,traditional_trade,BR-SE,product_recommendation,promote_core_pack,1
333.4496302218245,5,29,0.5605445369403181,0.4191855852525208,0.45476730815355954,1,9.0,0.0,0.25,310.0,0.0,digital,MX-NORTH,product_recommendation,promote_core_pack,1
206.77412936105344,8,8,0.8037224878723986,0.45880349878620225,0.6185053860279766,0,18.0,0.0,4.5,0.0,0.0,traditional_trade,CO-ANDES,human_followup,sales_visit,1
284.4906586575529,3,18,0.3577382415299376,0.6961893343351793,0.6174029771612625,1,7.5,2.5,0.2,295.0,0.05,modern_trade,MX-CENTRAL,promotion,targeted_discount,0
402.6601323774721,2,19,0.8332324122474322,0.6097227575210161,0.7042607887652004,3,9.0,0.0,0.25,310.0,0.0,digital,MX-NORTH,product_recommendation,promote_core_pack,0
369.0433544582545,6,29,0.8375612460464081,0.5977696488181673,0.11840565192904226,0,9.0,0.0,0.25,310.0,0.0,modern_trade,MX-CENTRAL,product_recommendation,promote_core_pack,1
315.0511242130045,5,9,0.9100653687755941,0.3554388356518612,0.5040809087384168,3,7.5,2.5,0.2,295.0,0.05,modern_trade,CO-ANDES,promotion,targeted_discount,0
322.902544107461,2,15,0.568556305972291,0.6222143880636953,0.3009178048550341,1,15.5,1.5,0.25,385.0,0.0,traditional_trade,CO-ANDES,bundle,premium_bundle,1
373.68411102085986,10,20,0.7370791453160906,0.4482236801133059,0.08607718467813455,3,18.0,0.0,4.5,0.0,0.0,modern_trade,MX-CENTRAL,human_followup,sales_visit,0
252.32722378585078,6,18,0.7813404683964967,0.5870881994748564,0.3814897274825607,1,18.0,0.0,4.5,0.0,0.0,traditional_trade,BR-SE,human_followup,sales_visit,1
356.6624013550755,5,28,0.4916080336382674,0.7827436018652031,0.7576703274993778,2,9.0,0.0,0.25,310.0,0.0,digital,MX-NORTH,product_recommendation,promote_core_pack,1
409.4801979539424,2,22,0.370675332390346,0.20903714609652585,0.16883202705252065,0,7.5,2.5,0.2,295.0,0.05,traditional_trade,MX-CENTRAL,promotion,targeted_discount,0
289.66517572999635,4,24,0.668846988845539,0.20311437102644803,0.7713406160640578,3,15.5,1.5,0.25,385.0,0.0,traditional_trade,MX-CENTRAL,bundle,premium_bundle,0
213.52015811926697,5,18,0.9024519772106192,0.5022674868911303,0.20886259029233356,1,18.0,0.0,4.5,0.0,0.0,traditional_trade,MX-NORTH,human_followup,sales_visit,0
160.02616218130285,5,3,0.456186934637742,0.682845203656968,0.6251788962903023,0,9.0,0.0,0.25,310.0,0.0,traditional_trade,CO-ANDES,product_recommendation,promote_core_pack,0
446.70567449906406,5,14,0.8062163599901774,0.7046415779920963,0.21315103953826672,3,7.5,2.5,0.2,295.0,0.05,traditional_trade,MX-NORTH,promotion,targeted_discount,1
412.7592326348746,3,22,0.6926060915339693,0.4302486288466057,0.3235014139300814,3,15.5,1.5,0.25,385.0,0.0,modern_trade,BR-SE,bundle,premium_bundle,1
481.88167003900116,5,28,0.6655671648821814,0.6670384010264085,0.17868432878189922,1,15.5,1.5,0.25,385.0,0.0,modern_trade,CO-ANDES,bundle,premium_bundle,0
371.5105564020198,2,16,0.6570711350915551,0.2599323624226359,0.08329424659212585,2,7.5,2.5,0.2,295.0,0.05,traditional_trade,BR-SE,promotion,targeted_discount,1
352.9024275347273,3,3,0.9845803641814614,0.41959786596001347,0.2634044640249481,3,7.5,2.5,0.2,295.0,0.05,traditional_trade,BR-SE,promotion,targeted_discount,1
285.1269334820624,3,8,0.8534721906424686,0.3897190239476735,0.2291000108303728,2,7.5,2.5,0.2,295.0,0.05,modern_trade,CO-ANDES,promotion,targeted_discount,1
433.9458883213962,5,22,0.7295889701335738,0.28910178483736493,0.1664351973538015,1,7.5,2.5,0.2,295.0,0.05,modern_trade,MX-NORTH,promotion,targeted_discount,1
262.970134496115,5,15,0.663793483110911,0.2687694642640464,0.8364356859987073,3,15.5,1.5,0.25,385.0,0.0,digital,BR-SE,bundle,premium_bundle,0
315.8107840832902,4,20,0.7859226303615277,0.5394126791660114,0.4249241808554996,2,9.0,0.0,0.25,310.0,0.0,digital,BR-SE,product_recommendation,promote_core_pack,1
219.45561983754402,4,9,0.881483001187785,0.6674400825578807,0.5125084582812106,2,18.0,0.0,4.5,0.0,0.0,digital,MX-CENTRAL,human_followup,sales_visit,1
276.06354704372393,3,25,0.9747829423767763,0.34276205308341096,0.6608158512343189,1,18.0,0.0,4.5,0.0,0.0,traditional_trade,MX-NORTH,human_followup,sales_visit,1
314.0911837234302,3,11,0.7359889721155759,0.5077578122043911,0.2883859993389805,2,15.5,1.5,0.25,385.0,0.0,modern_trade,BR-SE,bundle,premium_bundle,0
514.6786857642901,2,16,0.9235571321289396,0.7566494764073014,0.5383142202961401,2,9.0,0.0,0.25,310.0,0.0,modern_trade,CO-ANDES,product_recommendation,promote_core_pack,0
307.41037474338964,4,29,0.34948025972160796,0.24260445527133237,0.38739898858530103,0,18.0,0.0,4.5,0.0,0.0,traditional_trade,MX-CENTRAL,human_followup,sales_visit,1
413.4161278631732,5,14,0.7597214950435457,0.6542511598146489,0.7504885034804231,1,18.0,0.0,4.5,0.0,0.0,digital,MX-NORTH,human_followup,sales_visit,0
316.6490747661913,3,20,0.3905642250585338,0.47769445353381634,0.5557232221719692,2,18.0,0.0,4.5,0.0,0.0,digital,CO-ANDES,human_followup,sales_visit,0
484.4062753823842,6,18,0.742430256513035,0.7368059654295279,0.8783585143734126,3,15.5,1.5,0.25,385.0,0.0,traditional_trade,MX-NORTH,bundle,premium_bundle,1
265.20704366298264,5,10,0.6227642533371028,0.5474142254011641,0.4375252319812726,2,18.0,0.0,4.5,0.0,0.0,traditional_trade,MX-NORTH,human_followup,sales_visit,1
329.274213286634,6,13,0.6208282767573012,0.5340300815193023,0.3338436494011064,2,15.5,1.5,0.25,385.0,0.0,digital,CO-ANDES,bundle,premium_bundle,1
224.27230025681064,3,8,0.4347753942748372,0.49667724062743956,0.6166711016959512,0,7.5,2.5,0.2,295.0,0.05,traditional_trade,BR-SE,promotion,targeted_discount,1
299.8042024392568,5,12,0.6625552156223994,0.23368121756575286,0.39214467696407995,3,9.0,0.0,0.25,310.0,0.0,digital,MX-NORTH,product_recommendation,promote_core_pack,0
366.92584863411287,2,30,0.6188570903765682,0.3659042418285155,0.2691608385088463,1,18.0,0.0,4.5,0.0,0.0,digital,MX-CENTRAL,human_followup,sales_visit,0
459.2847180088492,1,26,0.6228863514298646,0.6367992366198172,0.46020732595456165,0,7.5,2.5,0.2,295.0,0.05,modern_trade,CO-ANDES,promotion,targeted_discount,1
307.2850597910275,8,0,0.510003997539275,0.3462338631835195,0.2675243348443279,1,18.0,0.0,4.5,0.0,0.0,traditional_trade,MX-CENTRAL,human_followup,sales_visit,0
221.83067572434885,4,15,0.8873084295202242,0.5118462568555262,0.6333638395757236,1,9.0,0.0,0.25,310.0,0.0,traditional_trade,MX-NORTH,product_recommendation,promote_core_pack,1
297.2933491750072,5,13,0.5720208956546083,0.10840965483173184,0.057792629031430905,1,18.0,0.0,4.5,0.0,0.0,modern_trade,MX-CENTRAL,human_followup,sales_visit,0
280.3393798633988,6,14,0.7756459023306774,0.7064657988585158,0.20545198080126503,0,9.0,0.0,0.25,310.0,0.0,digital,MX-CENTRAL,product_recommendation,promote_core_pack,1
422.2566485060199,1,3,0.764072311528978,0.40154637676755156,0.2506117697113469,2,15.5,1.5,0.25,385.0,0.0,traditional_trade,CO-ANDES,bundle,premium_bundle,1
266.5129885882801,3,9,0.701414726471531,0.23965579455295488,0.30679612504594433,0,7.5,2.5,0.2,295.0,0.05,digital,BR-SE,promotion,targeted_discount,1
353.86108710171277,5,24,0.46031098759993744,0.2668778364290036,0.7193509089231808,0,7.5,2.5,0.2,295.0,0.05,digital,CO-ANDES,promotion,targeted_discount,0
366.75846150114035,3,17,0.5296038304450388,0.39775527884206513,0.3776582859992658,0,9.0,0.0,0.25,310.0,0.0,traditional_trade,CO-ANDES,product_recommendation,promote_core_pack,0
409.9149336064181,5,4,0.4777689453257409,0.6932890777998777,0.6577294175220053,0,15.5,1.5,0.25,385.0,0.0,traditional_trade,MX-NORTH,bundle,premium_bundle,1
367.7747971497115,7,27,0.4292002238695232,0.5806790796042337,0.5066128552746276,2,18.0,0.0,4.5,0.0,0.0,modern_trade,MX-NORTH,human_followup,sales_visit,1
293.50359405799094,4,20,0.6024707628365588,0.5763321290200492,0.41155495511725115,2,7.5,2.5,0.2,295.0,0.05,traditional_trade,BR-SE,promotion,targeted_discount,1
163.1318441048051,5,16,0.44536429426898066,0.8193021747367849,0.6129742468963245,3,18.0,0.0,4.5,0.0,0.0,modern_trade,BR-SE,human_followup,sales_visit,0
284.66885511762246,2,30,0.6447288270523871,0.3982024316540526,0.4403859737182209,0,7.5,2.5,0.2,295.0,0.05,digital,MX-NORTH,promotion,targeted_discount,0
467.34879505327484,4,8,0.5840551026446533,0.24652899550252053,0.5542757694359756,0,7.5,2.5,0.2,295.0,0.05,digital,BR-SE,promotion,targeted_discount,0
256.5949415060453,1,26,0.6960514304523141,0.3035079957545491,0.5638841991368647,1,9.0,0.0,0.25,310.0,0.0,traditional_trade,MX-CENTRAL,product_recommendation,promote_core_pack,0
295.10023480422393,5,29,0.48880434712521387,0.4995516525880359,0.39912932479543606,2,7.5,2.5,0.2,295.0,0.05,modern_trade,MX-NORTH,promotion,targeted_discount,1
276.64241659343406,1,21,0.4768733861648408,0.4931352263522994,0.20287434289670186,2,15.5,1.5,0.25,385.0,0.0,digital,CO-ANDES,bundle,premium_bundle,0
473.5869531957476,5,27,0.6225125632764409,0.8258154462639278,0.4297921756735348,1,7.5,2.5,0.2,295.0,0.05,modern_trade,MX-NORTH,promotion,targeted_discount,0
227.34547124127045,3,14,0.8506852564268202,0.2710816493351229,0.47308119945645616,1,18.0,0.0,4.5,0.0,0.0,traditional_trade,BR-SE,human_followup,sales_visit,0
504.61728412677564,8,9,0.9565458717548116,0.10072333688528685,0.3366982545831776,1,9.0,0.0,0.25,310.0,0.0,modern_trade,BR-SE,product_recommendation,promote_core_pack,1
475.7587777073901,7,29,0.9584400128704617,0.6472962646263346,0.26240244038006866,2,7.5,2.5,0.2,295.0,0.05,modern_trade,BR-SE,promotion,targeted_discount,0
298.1223761122618,8,15,0.8693868375051451,0.446250510202016,0.36963859358790097,0,9.0,0.0,0.25,310.0,0.0,digital,MX-NORTH,product_recommendation,promote_core_pack,0
335.1316690566097,9,11,0.34610633638793115,0.3667779709913907,0.7380067474509364,2,9.0,0.0,0.25,310.0,0.0,modern_trade,BR-SE,product_recommendation,promote_core_pack,0
495.59784545684397,7,20,0.6200071334054772,0.0961377509260265,0.2620103632318614,2,15.5,1.5,0.25,385.0,0.0,traditional_trade,CO-ANDES,bundle,premium_bundle,1
122.53752050984647,9,2,0.8377555097478552,0.3106343504783671,0.2922378002556783,3,7.5,2.5,0.2,295.0,0.05,digital,CO-ANDES,promotion,targeted_discount,1
346.9395662911322,7,10,0.8358525761617515,0.1701604566930543,0.6155154779245684,3,9.0,0.0,0.25,310.0,0.0,traditional_trade,MX-CENTRAL,product_recommendation,promote_core_pack,1
313.22311506637215,7,29,0.5399292205494746,0.8141607306885188,0.1877369424731211,0,7.5,2.5,0.2,295.0,0.05,modern_trade,CO-ANDES,promotion,targeted_discount,1
295.59063957843404,5,19,0.8042622792255761,0.24004485044451426,0.31217216503976414,2,7.5,2.5,0.2,295.0,0.05,traditional_trade,MX-CENTRAL,promotion,targeted_discount,0
96.27606903060178,4,4,0.6630055959988934,0.4241843814432151,0.42793019399241033,1,18.0,0.0,4.5,0.0,0.0,digital,BR-SE,human_followup,sales_visit,1
334.6202778270348,6,6,0.8174451570605848,0.2600199198128571,0.09100572468872434,3,15.5,1.5,0.25,385.0,0.0,traditional_trade,MX-NORTH,bundle,premium_bundle,0
151.65199096370222,5,26,0.5202111865394106,0.33480578056434795,0.44590846410134755,2,15.5,1.5,0.25,385.0,0.0,traditional_trade,MX-NORTH,bundle,premium_bundle,1
399.327432508129,6,12,0.8470851985718157,0.6819823907842105,0.54352605304024,1,7.5,2.5,0.2,295.0,0.05,traditional_trade,MX-CENTRAL,promotion,targeted_discount,1
372.5617724782644,9,21,0.7533903735647484,0.3314159501056382,0.3233792326065633,2,18.0,0.0,4.5,0.0,0.0,modern_trade,BR-SE,human_followup,sales_visit,1
241.2675886806099,6,10,0.7941507197553114,0.6999935788144555,0.3856677837837121,2,18.0,0.0,4.5,0.0,0.0,digital,MX-NORTH,human_followup,sales_visit,1
415.22652044061255,7,20,0.5739178970551508,0.8009577077835994,0.4081125791125032,3,18.0,0.0,4.5,0.0,0.0,modern_trade,CO-ANDES,human_followup,sales_visit,0
401.08761282689375,4,6,0.6126576804387258,0.32153266238629785,0.335648000139202,1,9.0,0.0,0.25,310.0,0.0,digital,MX-CENTRAL,product_recommendation,promote_core_pack,1
383.04658183487976,7,1,0.49811399872986256,0.6120879553380754,0.7677139986530451,2,7.5,2.5,0.2,295.0,0.05,modern_trade,BR-SE,promotion,targeted_discount,1
410.21243069270963,5,27,0.6597722453586485,0.4404381444132302,0.34813944805324637,2,9.0,0.0,0.25,310.0,0.0,modern_trade,BR-SE,product_recommendation,promote_core_pack,0
374.7889832912825,4,4,0.7630188674936889,0.274532936911294,0.46593998418087323,1,7.5,2.5,0.2,295.0,0.05,traditional_trade,MX-NORTH,promotion,targeted_discount,0
334.65974778691134,3,30,0.5102748646246509,0.15204590251663544,0.2012730329676002,0,18.0,0.0,4.5,0.0,0.0,digital,CO-ANDES,human_followup,sales_visit,0
512.8055272020416,2,8,0.392475204519046,0.36765080634915837,0.2745027761878065,0,18.0,0.0,4.5,0.0,0.0,modern_trade,CO-ANDES,human_followup,sales_visit,1
307.40686041350756,2,19,0.7609978477548124,0.2151138067962441,0.7369987756397414,2,18.0,0.0,4.5,0.0,0.0,digital,BR-SE,human_followup,sales_visit,1
309.43515627726197,5,10,0.6635956240423387,0.25281992961160654,0.5609395909474534,0,15.5,1.5,0.25,385.0,0.0,modern_trade,MX-NORTH,bundle,premium_bundle,0
339.63155490687853,9,24,0.899281086126911,0.35654382505817095,0.5136390350594127,3,15.5,1.5,0.25,385.0,0.0,modern_trade,BR-SE,bundle,premium_bundle,0
304.5876025595997,14,12,0.7896075034292727,0.7439375296444657,0.45477124585015927,0,15.5,1.5,0.25,385.0,0.0,traditional_trade,BR-SE,bundle,premium_bundle,1
348.63340209856676,7,17,0.8058892224313354,0.34242049547205067,0.1098190229083351,3,15.5,1.5,0.25,385.0,0.0,modern_trade,MX-NORTH,bundle,premium_bundle,1
295.93755033229,3,15,0.31738309875417464,0.61114211295899,0.38837540523692377,0,18.0,0.0,4.5,0.0,0.0,traditional_trade,CO-ANDES,human_followup,sales_visit,0
408.7192112056333,5,0,0.6809061213205228,0.9143136364732407,0.22896071369049698,2,18.0,0.0,4.5,0.0,0.0,modern_trade,MX-CENTRAL,human_followup,sales_visit,1
311.23595037877107,7,12,0.798606277746151,0.26106968318150775,0.5701456817567115,2,15.5,1.5,0.25,385.0,0.0,traditional_trade,BR-SE,bundle,premium_bundle,0
178.78297301635024,4,7,0.9097833221491294,0.22832658430885042,0.21475656162669024,3,7.5,2.5,0.2,295.0,0.05,digital,MX-CENTRAL,promotion,targeted_discount,0
455.3784401545954,7,24,0.2589176204073352,0.6465304156505589,0.7356714372650028,2,9.0,0.0,0.25,310.0,0.0,modern_trade,MX-NORTH,product_recommendation,promote_core_pack,0
365.2510989859383,5,13,0.8088324146969555,0.7686033899091347,0.381957027530329,3,9.0,0.0,0.25,310.0,0.0,traditional_trade,BR-SE,product_recommendation,promote_core_pack,1
258.9188749948718,5,19,0.5089740826721048,0.2986012347531558,0.18998107844261647,3,18.0,0.0,4.5,0.0,0.0,traditional_trade,MX-CENTRAL,human_followup,sales_visit,1
245.05892056347653,6,3,0.6078667037159056,0.4779624347861238,0.6190270634786891,1,18.0,0.0,4.5,0.0,0.0,traditional_trade,BR-SE,human_followup,sales_visit,1
305.49385487332034,7,30,0.6502610676267704,0.5434119759244378,0.4281383793370403,2,18.0,0.0,4.5,0.0,0.0,digital,MX-NORTH,human_followup,sales_visit,0
504.47882103989525,3,3,0.9825030852994094,0.2623897291161512,0.18571747533397426,3,9.0,0.0,0.25,310.0,0.0,digital,CO-ANDES,product_recommendation,promote_core_pack,0
341.89842741831245,2,18,0.834930093299577,0.3172081485014221,0.4883135240847585,1,9.0,0.0,0.25,310.0,0.0,digital,BR-SE,product_recommendation,promote_core_pack,0
438.4405225651169,7,16,0.589023595578487,0.19830399607250937,0.38514010919231584,1,7.5,2.5,0.2,295.0,0.05,modern_trade,MX-NORTH,promotion,targeted_discount,1
391.55581155992746,4,15,0.6675754013145866,0.6865226505281696,0.5320030163716183,1,7.5,2.5,0.2,295.0,0.05,digital,MX-CENTRAL,promotion,targeted_discount,1
248.74028281001324,4,6,0.48560114750422,0.09681756568522505,0.09595560318825043,3,18.0,0.0,4.5,0.0,0.0,digital,CO-ANDES,human_followup,sales_visit,0
236.3609616923145,3,25,0.47279947552275553,0.24405641206433232,0.3465834372854257,1,18.0,0.0,4.5,0.0,0.0,traditional_trade,MX-NORTH,human_followup,sales_visit,0
248.82231756797626,9,28,0.56562175061279,0.15416417349234976,0.529708753241977,0,15.5,1.5,0.25,385.0,0.0,modern_trade,CO-ANDES,bundle,premium_bundle,0
206.5315764350784,4,13,0.5667125114398015,0.2034396472321637,0.22287419239667816,1,18.0,0.0,4.5,0.0,0.0,traditional_trade,MX-CENTRAL,human_followup,sales_visit,0
181.57762879070057,2,13,0.8689568732006835,0.42707857198058286,0.4861199359858007,1,9.0,0.0,0.25,310.0,0.0,digital,BR-SE,product_recommendation,promote_core_pack,0
418.8821822838746,2,5,0.6280582254089702,0.5124439530894057,0.3345077208831174,2,18.0,0.0,4.5,0.0,0.0,traditional_trade,BR-SE,human_followup,sales_visit,0
288.9327381184471,5,7,0.7923729275453196,0.7615520417906388,0.8315542652074999,1,7.5,2.5,0.2,295.0,0.05,modern_trade,MX-NORTH,promotion,targeted_discount,1
334.3954560521167,3,5,0.7599221180804416,0.008554737770726928,0.7782968096627468,2,7.5,2.5,0.2,295.0,0.05,digital,BR-SE,promotion,targeted_discount,1
278.92176156943464,4,2,0.6630984072486203,0.54655278966061,0.18925508816867584,1,9.0,0.0,0.25,310.0,0.0,digital,CO-ANDES,product_recommendation,promote_core_pack,1
319.6593241524094,3,13,0.532132067693488,0.69185126758065,0.5274665239200365,1,15.5,1.5,0.25,385.0,0.0,traditional_trade,BR-SE,bundle,premium_bundle,0
261.68092129722817,7,10,0.7569726346490437,0.6771115209518783,0.15115888348226683,1,15.5,1.5,0.25,385.0,0.0,traditional_trade,CO-ANDES,bundle,premium_bundle,0
286.08402305903314,3,13,0.4892253885597615,0.2815065975447695,0.5777740848044607,0,18.0,0.0,4.5,0.0,0.0,digital,CO-ANDES,human_followup,sales_visit,1
265.959923498716,6,27,0.3132418622758297,0.3170486291001357,0.47517741329382346,1,18.0,0.0,4.5,0.0,0.0,digital,MX-CENTRAL,human_followup,sales_visit,0
269.9059717662572,6,26,0.8273888092638491,0.6001411693113332,0.3991074979704126,2,15.5,1.5,0.25,385.0,0.0,modern_trade,CO-ANDES,bundle,premium_bundle,1
468.9300431517065,11,5,0.5188282933723266,0.38562073784748,0.21853951989083412,1,9.0,0.0,0.25,310.0,0.0,traditional_trade,MX-CENTRAL,product_recommendation,promote_core_pack,1
353.3978916865026,5,15,0.8997002381023486,0.3507405244652516,0.11739216591559655,3,9.0,0.0,0.25,310.0,0.0,digital,MX-CENTRAL,product_recommendation,promote_core_pack,0
362.32414159056583,7,3,0.7261514253168712,0.27683134560830785,0.7678253969295897,2,9.0,0.0,0.25,310.0,0.0,traditional_trade,CO-ANDES,product_recommendation,promote_core_pack,1
184.14013788986728,4,21,0.36401404061576237,0.5187003420034662,0.4858900672468988,0,15.5,1.5,0.25,385.0,0.0,digital,CO-ANDES,bundle,premium_bundle,1
262.9539616357559,1,8,0.7672565741302919,0.6267161057732258,0.3654768481208958,2,18.0,0.0,4.5,0.0,0.0,modern_trade,MX-NORTH,human_followup,sales_visit,1
300.7372941628694,2,12,0.6678831863986358,0.33446073528920467,0.33558814145963733,1,18.0,0.0,4.5,0.0,0.0,traditional_trade,CO-ANDES,human_followup,sales_visit,0
234.15773174628893,5,21,0.9707692310123021,0.20578154694809536,0.27435806873572327,3,7.5,2.5,0.2,295.0,0.05,traditional_trade,BR-SE,promotion,targeted_discount,1
301.39566437335037,7,15,0.7289811409118926,0.8805773539270227,0.5921522244229541,3,18.0,0.0,4.5,0.0,0.0,traditional_trade,MX-NORTH,human_followup,sales_visit,0
337.91136123310145,4,29,0.5535161683009792,0.4533571080748685,0.7199973245303305,2,15.5,1.5,0.25,385.0,0.0,modern_trade,MX-NORTH,bundle,premium_bundle,0
362.03656322342874,3,13,0.7504224789179521,0.31457074093036574,0.38011427251150975,3,9.0,0.0,0.25,310.0,0.0,modern_trade,CO-ANDES,product_recommendation,promote_core_pack,0
176.632770570707,5,28,0.49635172951108275,0.20963442831734205,0.5206793188488678,2,7.5,2.5,0.2,295.0,0.05,traditional_trade,MX-NORTH,promotion,targeted_discount,0
357.76997891083965,3,5,0.6640848921771279,0.14596580056578698,0.4465638970655258,0,9.0,0.0,0.25,310.0,0.0,digital,BR-SE,product_recommendation,promote_core_pack,1
358.34380567730113,4,28,0.8069879772508144,0.8738836719738795,0.48149704516311964,2,7.5,2.5,0.2,295.0,0.05,modern_trade,MX-NORTH,promotion,targeted_discount,0
357.09587214476494,2,12,0.5396000905524128,0.07833652320694198,0.2146469762581005,0,7.5,2.5,0.2,295.0,0.05,modern_trade,BR-SE,promotion,targeted_discount,1
406.7629097554644,2,2,0.7815287073395683,0.6231408867263201,0.2992752895498813,3,18.0,0.0,4.5,0.0,0.0,digital,CO-ANDES,human_followup,sales_visit,0
363.34264387177944,4,10,0.682324142456675,0.6180925026864287,0.22374738390357463,1,18.0,0.0,4.5,0.0,0.0,modern_trade,CO-ANDES,human_followup,sales_visit,1
339.24726230303406,5,4,0.414592336364043,0.5868654796970327,0.2325414029248984,0,9.0,0.0,0.25,310.0,0.0,digital,MX-NORTH,product_recommendation,promote_core_pack,1
412.44658442007835,1,24,0.8729612254181262,0.16377791964765132,0.5423378437327528,2,15.5,1.5,0.25,385.0,0.0,traditional_trade,MX-CENTRAL,bundle,premium_bundle,0
412.83441914839045,5,2,0.8299703900561273,0.5207176688413864,0.7997690407577307,2,15.5,1.5,0.25,385.0,0.0,modern_trade,BR-SE,bundle,premium_bundle,1
391.1884292102098,6,4,0.5474619597662269,0.146238169200552,0.6791101476915267,3,9.0,0.0,0.25,310.0,0.0,modern_trade,BR-SE,product_recommendation,promote_core_pack,0
393.5874265634143,5,0,0.48108301973328715,0.1666441814494762,0.14632029955591389,0,7.5,2.5,0.2,295.0,0.05,traditional_trade,MX-CENTRAL,promotion,targeted_discount,1
277.2444168654785,10,12,0.669076808667054,0.29439815319858376,0.4375313444925714,1,9.0,0.0,0.25,310.0,0.0,modern_trade,CO-ANDES,product_recommendation,promote_core_pack,1
411.1033825757214,3,6,0.3792814917452256,0.31832819643251464,0.45752088805153196,1,15.5,1.5,0.25,385.0,0.0,traditional_trade,MX-CENTRAL,bundle,premium_bundle,1
479.7335795518038,10,11,0.16884244833188392,0.6098726623156104,0.5017384316643647,3,18.0,0.0,4.5,0.0,0.0,modern_trade,CO-ANDES,human_followup,sales_visit,0
230.2432650312991,7,29,0.20483482868880684,0.36000051999860583,0.4978155998185192,1,9.0,0.0,0.25,310.0,0.0,modern_trade,BR-SE,product_recommendation,promote_core_pack,0
264.89572457797084,0,26,0.7307023487184483,0.26402288044749705,0.583828460605993,2,9.0,0.0,0.25,310.0,0.0,digital,BR-SE,product_recommendation,promote_core_pack,0
294.3108371291099,7,29,0.6524439267712898,0.3048570130464066,0.12894832990084804,2,9.0,0.0,0.25,310.0,0.0,digital,MX-NORTH,product_recommendation,promote_core_pack,0
242.17488940208915,7,8,0.5329951431467544,0.7955412376678741,0.41063094538444456,1,9.0,0.0,0.25,310.0,0.0,digital,MX-CENTRAL,product_recommendation,promote_core_pack,1
281.2106714210376,2,4,0.2093494734931442,0.34164543247148044,0.25761881516827223,3,18.0,0.0,4.5,0.0,0.0,digital,BR-SE,human_followup,sales_visit,0
295.0049895029148,9,2,0.5641897816805226,0.6930092859408914,0.4268005328908677,1,9.0,0.0,0.25,310.0,0.0,traditional_trade,CO-ANDES,product_recommendation,promote_core_pack,1
324.5894437946685,5,6,0.8254521785758275,0.29043402802056295,0.2999236521065514,3,18.0,0.0,4.5,0.0,0.0,modern_trade,MX-NORTH,human_followup,sales_visit,0
396.90368056382067,2,21,0.6488316792026796,0.191349477406388,0.10971086012025627,1,15.5,1.5,0.25,385.0,0.0,modern_trade,MX-NORTH,bundle,premium_bundle,1
386.3438059526202,4,22,0.6298641955155931,0.8367359646652913,0.771442872272404,2,18.0,0.0,4.5,0.0,0.0,traditional_trade,CO-ANDES,human_followup,sales_visit,1
259.2138833240934,6,13,0.8840408026461309,0.527442250592489,0.34711197813150035,2,18.0,0.0,4.5,0.0,0.0,traditional_trade,CO-ANDES,human_followup,sales_visit,1
282.8450612709173,4,13,0.1944666617319591,0.22085274359321996,0.27587559970490955,0,15.5,1.5,0.25,385.0,0.0,digital,MX-CENTRAL,bundle,premium_bundle,0
283.41159063419104,10,5,0.5334563754118559,0.3352716537140586,0.5020587298627494,3,15.5,1.5,0.25,385.0,0.0,digital,MX-CENTRAL,bundle,premium_bundle,0
260.6624205309987,8,14,0.6715509795727828,0.361026473018765,0.46268300150579544,3,15.5,1.5,0.25,385.0,0.0,digital,MX-NORTH,bundle,premium_bundle,1
293.75519677386364,7,7,0.5296965774415773,0.5349302425987852,0.08225411771822401,1,9.0,0.0,0.25,310.0,0.0,traditional_trade,MX-NORTH,product_recommendation,promote_core_pack,0
373.84848719737647,3,14,0.6270469432712972,0.4104447335740542,0.3151107726192795,3,15.5,1.5,0.25,385.0,0.0,modern_trade,BR-SE,bundle,premium_bundle,0
461.1470625920234,6,6,0.8178988792608516,0.6490762140416207,0.3948426491890409,0,7.5,2.5,0.2,295.0,0.05,digital,CO-ANDES,promotion,targeted_discount,1
368.8632478573454,2,25,0.7179820153447145,0.5130748306142431,0.13914132521470907,0,18.0,0.0,4.5,0.0,0.0,modern_trade,CO-ANDES,human_followup,sales_visit,0
429.6289737706518,3,28,0.36893322624851543,0.26495884529129177,0.21873096550757826,1,9.0,0.0,0.25,310.0,0.0,traditional_trade,BR-SE,product_recommendation,promote_core_pack,0
80.0,2,17,0.9227361913012048,0.5249612966162738,0.6287357679341948,1,15.5,1.5,0.25,385.0,0.0,modern_trade,MX-NORTH,bundle,premium_bundle,1
366.1474586231257,4,9,0.636445492712424,0.27732781587655986,0.6930194717975683,1,15.5,1.5,0.25,385.0,0.0,traditional_trade,BR-SE,bundle,premium_bundle,0
243.76865700615957,5,20,0.36931603862003204,0.5674554565536883,0.3369783720298913,1,9.0,0.0,0.25,310.0,0.0,modern_trade,MX-NORTH,product_recommendation,promote_core_pack,1
231.2308605516344,10,13,0.4594168152347637,0.4353996138117104,0.038183332976458366,3,7.5,2.5,0.2,295.0,0.05,digital,CO-ANDES,promotion,targeted_discount,0
441.365449444094,6,12,0.6111769004034862,0.5707385897675571,0.2544805913425031,0,18.0,0.0,4.5,0.0,0.0,digital,MX-NORTH,human_followup,sales_visit,1
197.29015936878267,4,27,0.844545510820058,0.6512729881842302,0.2870632710581968,1,9.0,0.0,0.25,310.0,0.0,digital,BR-SE,product_recommendation,promote_core_pack,0
377.8329220451818,3,22,0.5052359568311968,0.3087929241452639,0.3346368530490007,0,15.5,1.5,0.25,385.0,0.0,modern_trade,BR-SE,bundle,premium_bundle,0
344.2483226934232,6,16,0.839452939737688,0.3898402523329807,0.5246734922344963,3,15.5,1.5,0.25,385.0,0.0,digital,MX-CENTRAL,bundle,premium_bundle,1
225.04091523436927,5,11,0.5418357699661341,0.3729977433149154,0.5304403015239796,3,9.0,0.0,0.25,310.0,0.0,traditional_trade,BR-SE,product_recommendation,promote_core_pack,0
274.9352225109876,7,21,0.6024322666536378,0.3611882613583375,0.27586065537043253,0,9.0,0.0,0.25,310.0,0.0,digital,MX-NORTH,product_recommendation,promote_core_pack,0
293.9644168003491,10,25,0.8319098506072579,0.42217178416038764,0.46959488464856974,1,9.0,0.0,0.25,310.0,0.0,traditional_trade,MX-CENTRAL,product_recommendation,promote_core_pack,0
502.59747234846725,3,26,0.7661650092735875,0.3823935334968356,0.24370288332439358,3,18.0,0.0,4.5,0.0,0.0,modern_trade,BR-SE,human_followup,sales_visit,0
182.3661223196267,2,3,0.6426781181082679,0.12949174608012848,0.30383758564434143,2,7.5,2.5,0.2,295.0,0.05,modern_trade,CO-ANDES,promotion,targeted_discount,0
155.12483561462653,3,0,0.4967495473693503,0.47069667603627485,0.38455099913174035,3,15.5,1.5,0.25,385.0,0.0,modern_trade,MX-CENTRAL,bundle,premium_bundle,1
246.6588447287581,5,28,0.6852558932623916,0.4777754661845381,0.35412281895936676,0,9.0,0.0,0.25,310.0,0.0,modern_trade,MX-NORTH,product_recommendation,promote_core_pack,1
329.89441929029624,6,22,0.3880989140639524,0.26358497792504476,0.24682943005934221,1,9.0,0.0,0.25,310.0,0.0,modern_trade,MX-NORTH,product_recommendation,promote_core_pack,0
418.0377151803719,5,19,0.38696740799976026,0.71538920058627,0.43409253273327625,2,9.0,0.0,0.25,310.0,0.0,modern_trade,MX-CENTRAL,product_recommendation,promote_core_pack,0
342.8961660071755,3,1,0.678103731243911,0.468947359444888,0.5503316332862178,0,7.5,2.5,0.2,295.0,0.05,digital,MX-CENTRAL,promotion,targeted_discount,0
424.69061978496563,7,10,0.35721424748717207,0.2253196205558773,0.5516534005969281,2,15.5,1.5,0.25,385.0,0.0,digital,BR-SE,bundle,premium_bundle,0
317.0670148913397,3,0,0.5034110165200552,0.14011475348996874,0.5066563967089105,0,15.5,1.5,0.25,385.0,0.0,traditional_trade,MX-NORTH,bundle,premium_bundle,0
261.4367461480532,2,24,0.6588846098124028,0.7907867328083024,0.19606155929869148,0,7.5,2.5,0.2,295.0,0.05,modern_trade,CO-ANDES,promotion,targeted_discount,1
234.53735818853627,2,17,0.8463715777876444,0.15701822383413558,0.5693062242878076,3,15.5,1.5,0.25,385.0,0.0,traditional_trade,BR-SE,bundle,premium_bundle,1
369.4221864921958,4,17,0.7620181609454078,0.4597863895601611,0.43920310910603416,0,7.5,2.5,0.2,295.0,0.05,traditional_trade,CO-ANDES,promotion,targeted_discount,1
323.2527336544919,6,8,0.33854588947263264,0.6320329497113661,0.24956166824677273,1,7.5,2.5,0.2,295.0,0.05,traditional_trade,MX-NORTH,promotion,targeted_discount,0
352.7546880166086,4,10,0.6501573075524965,0.6049613826554359,0.3915589374427916,1,15.5,1.5,0.25,385.0,0.0,modern_trade,BR-SE,bundle,premium_bundle,1
501.0443823519675,5,12,0.3367656953605213,0.28531796537760146,0.5429593504090142,2,9.0,0.0,0.25,310.0,0.0,traditional_trade,MX-CENTRAL,product_recommendation,promote_core_pack,0
484.42553563186675,3,7,0.9161622495892541,0.8848071516160052,0.6735664906116964,3,18.0,0.0,4.5,0.0,0.0,traditional_trade,MX-CENTRAL,human_followup,sales_visit,1
426.59391146391295,3,15,0.9282971723019839,0.7961371526993999,0.7411018100236425,0,15.5,1.5,0.25,385.0,0.0,traditional_trade,MX-CENTRAL,bundle,premium_bundle,0
292.4749657660108,4,25,0.8743489059866426,0.362618344761281,0.18956767321623819,1,9.0,0.0,0.25,310.0,0.0,digital,MX-NORTH,product_recommendation,promote_core_pack,0
317.8059718937044,3,29,0.6610745471218942,0.627442640819059,0.4486818034456861,1,9.0,0.0,0.25,310.0,0.0,digital,CO-ANDES,product_recommendation,promote_core_pack,0
299.89767788950104,4,18,0.8030000187586843,0.3889663323105765,0.905922605577235,2,15.5,1.5,0.25,385.0,0.0,digital,BR-SE,bundle,premium_bundle,0
329.1346581419352,5,24,0.5520029351661908,0.13747911933205373,0.3269022901689587,3,7.5,2.5,0.2,295.0,0.05,digital,CO-ANDES,promotion,targeted_discount,1
361.33492038752115,4,2,0.5399096655233396,0.4607915180254768,0.5984102617427788,3,9.0,0.0,0.25,310.0,0.0,traditional_trade,MX-CENTRAL,product_recommendation,promote_core_pack,0
303.2823062173871,4,2,0.5224835065931462,0.746664317592417,0.40765003415055456,3,9.0,0.0,0.25,310.0,0.0,digital,MX-CENTRAL,product_recommendation,promote_core_pack,1
433.34971479972,2,1,0.6752377823160879,0.2884632668459306,0.10742026326947347,2,18.0,0.0,4.5,0.0,0.0,modern_trade,CO-ANDES,human_followup,sales_visit,0
345.5740828402455,4,21,0.8293092571427323,0.5833352140875303,0.4598035411887825,0,9.0,0.0,0.25,310.0,0.0,digital,MX-NORTH,product_recommendation,promote_core_pack,1
363.99611343756425,3,14,0.7629226454713488,0.4311872156226346,0.29012458070725144,3,18.0,0.0,4.5,0.0,0.0,traditional_trade,BR-SE,human_followup,sales_visit,0
315.9080138871153,4,2,0.5624707462564549,0.6730784384277376,0.5932819522793168,3,7.5,2.5,0.2,295.0,0.05,digital,MX-NORTH,promotion,targeted_discount,1
293.0803698103483,4,9,0.7912731818695201,0.47447653329113315,0.3263790018362708,1,18.0,0.0,4.5,0.0,0.0,digital,MX-CENTRAL,human_followup,sales_visit,1
391.35796969664347,5,27,0.44587568187474236,0.5643705748557017,0.5757030813124744,3,9.0,0.0,0.25,310.0,0.0,modern_trade,MX-NORTH,product_recommendation,promote_core_pack,0
325.1881558626157,9,1,0.6527395880257819,0.4015304130725727,0.22517819943951106,3,18.0,0.0,4.5,0.0,0.0,traditional_trade,CO-ANDES,human_followup,sales_visit,1
230.27439048577548,2,7,0.5303580355990241,0.5281182932370427,0.20595893269092247,3,9.0,0.0,0.25,310.0,0.0,traditional_trade,MX-NORTH,product_recommendation,promote_core_pack,0
326.8989754702648,6,23,0.6592184909243692,0.41999407893016805,0.08093955434917346,1,7.5,2.5,0.2,295.0,0.05,modern_trade,BR-SE,promotion,targeted_discount,1
327.28153823729576,5,5,0.8412341324481681,0.15053979310274407,0.5803925547346266,0,15.5,1.5,0.25,385.0,0.0,digital,MX-NORTH,bundle,premium_bundle,0
254.03700212567884,6,28,0.7540538608847699,0.4708016196110184,0.6596840049568726,2,18.0,0.0,4.5,0.0,0.0,modern_trade,MX-NORTH,human_followup,sales_visit,0
377.34595213447835,2,24,0.8723125632199403,0.3320473652658245,0.4831325302997375,3,9.0,0.0,0.25,310.0,0.0,digital,BR-SE,product_recommendation,promote_core_pack,1
307.3156312189111,6,2,0.561600572025328,0.044131849702929105,0.46992237511317897,2,7.5,2.5,0.2,295.0,0.05,digital,MX-CENTRAL,promotion,targeted_discount,1
339.5417352889822,5,28,0.27251392774008903,0.5042673130978519,0.2874801444765523,1,9.0,0.0,0.25,310.0,0.0,modern_trade,CO-ANDES,product_recommendation,promote_core_pack,1
255.5870713068116,5,3,0.5936743270062508,0.3699651034013113,0.4200734027547636,1,15.5,1.5,0.25,385.0,0.0,modern_trade,CO-ANDES,bundle,premium_bundle,0
272.68312977503257,5,5,0.6256912298549882,0.4860631989179213,0.6590031577349027,3,18.0,0.0,4.5,0.0,0.0,digital,CO-ANDES,human_followup,sales_visit,1
269.91513585373497,4,4,0.4610290655108371,0.2847264145445984,0.3646999016551372,2,15.5,1.5,0.25,385.0,0.0,traditional_trade,MX-CENTRAL,bundle,premium_bundle,0
334.06817358755166,4,26,0.9196060425631014,0.6370462657770715,0.6126899461197504,1,9.0,0.0,0.25,310.0,0.0,modern_trade,CO-ANDES,product_recommendation,promote_core_pack,1
340.3627665960896,3,28,0.7168649739389306,0.7163024133483968,0.6954576003916034,3,7.5,2.5,0.2,295.0,0.05,modern_trade,CO-ANDES,promotion,targeted_discount,1
284.26101710905044,6,2,0.5910616127460752,0.36869201831722187,0.5888378626889462,1,9.0,0.0,0.25,310.0,0.0,traditional_trade,MX-NORTH,product_recommendation,promote_core_pack,0
442.8240706276382,6,19,0.7532999959641369,0.2573337361214371,0.26910101612182,3,9.0,0.0,0.25,310.0,0.0,digital,BR-SE,product_recommendation,promote_core_pack,0
346.4884318719662,4,10,0.6925241536558271,0.2533252525827666,0.4612384178846327,2,9.0,0.0,0.25,310.0,0.0,modern_trade,BR-SE,product_recommendation,promote_core_pack,0
274.34137534853187,5,7,0.4683858117810762,0.3267227224090665,0.674939534264183,2,9.0,0.0,0.25,310.0,0.0,digital,BR-SE,product_recommendation,promote_core_pack,0
353.77995183802386,5,24,0.7663161597975258,0.16218891617436437,0.6087579982437423,3,9.0,0.0,0.25,310.0,0.0,traditional_trade,BR-SE,product_recommendation,promote_core_pack,1
395.67378920418844,7,26,0.6862156785531,0.40830118471368176,0.8795656173930307,2,18.0,0.0,4.5,0.0,0.0,digital,BR-SE,human_followup,sales_visit,0
450.1319734171034,6,25,0.6252838376257304,0.3230654770720257,0.5950563814124169,2,7.5,2.5,0.2,295.0,0.05,modern_trade,MX-CENTRAL,promotion,targeted_discount,1
302.23127978066316,8,30,0.6069811021978332,0.7619656358790555,0.5482642271377995,1,15.5,1.5,0.25,385.0,0.0,digital,CO-ANDES,bundle,premium_bundle,0
246.84251674724322,6,18,0.8906684266127496,0.5645221749434332,0.16919898455276672,2,15.5,1.5,0.25,385.0,0.0,traditional_trade,MX-NORTH,bundle,premium_bundle,0
489.81978425394016,5,9,0.45991607730770245,0.3459643700766039,0.1748580068819582,0,15.5,1.5,0.25,385.0,0.0,digital,CO-ANDES,bundle,premium_bundle,1
309.39065767528365,6,23,0.9260681147310408,0.5716900126080489,0.4349282879222063,0,7.5,2.5,0.2,295.0,0.05,digital,MX-CENTRAL,promotion,targeted_discount,1
204.11354047112496,2,27,0.7550252059812461,0.5143388650730651,0.7387553718140248,2,18.0,0.0,4.5,0.0,0.0,traditional_trade,CO-ANDES,human_followup,sales_visit,1
372.7567073749109,8,21,0.3859986834357311,0.22891150245578346,0.4953432677121718,0,9.0,0.0,0.25,310.0,0.0,digital,BR-SE,product_recommendation,promote_core_pack,1
344.4938962964929,5,3,0.5437000221106872,0.8288399809289627,0.5888561920537887,0,7.5,2.5,0.2,295.0,0.05,modern_trade,CO-ANDES,promotion,targeted_discount,0
206.10825860676078,5,10,0.6382671924992819,0.517054041602309,0.618985617598063,2,7.5,2.5,0.2,295.0,0.05,traditional_trade,MX-CENTRAL,promotion,targeted_discount,1
249.66037360605125,3,14,0.6682368898164002,0.596812187680084,0.26740068997317934,3,15.5,1.5,0.25,385.0,0.0,modern_trade,CO-ANDES,bundle,premium_bundle,1
227.76609995296945,3,4,0.8314650937329076,0.28238750673021085,0.19015758197547883,2,15.5,1.5,0.25,385.0,0.0,modern_trade,BR-SE,bundle,premium_bundle,0
215.72651463096406,6,10,0.1980198393580027,0.365316315659536,0.8006293085185809,0,9.0,0.0,0.25,310.0,0.0,modern_trade,MX-CENTRAL,product_recommendation,promote_core_pack,0
398.53489350690455,1,13,0.745157447043721,0.7939457741118131,0.4373326429665272,2,9.0,0.0,0.25,310.0,0.0,digital,BR-SE,product_recommendation,promote_core_pack,0
478.2869710828228,4,15,0.5318278605511623,0.52521691462837,0.24618159109824067,0,7.5,2.5,0.2,295.0,0.05,digital,CO-ANDES,promotion,targeted_discount,0
279.73580676415594,6,27,0.6262123494918056,0.507410913964047,0.5307539331767235,0,9.0,0.0,0.25,310.0,0.0,digital,MX-NORTH,product_recommendation,promote_core_pack,1
91.30310642242964,4,20,0.9717150587369208,0.2940072733493079,0.6068785022219042,3,15.5,1.5,0.25,385.0,0.0,modern_trade,MX-CENTRAL,bundle,premium_bundle,1
325.5345300984411,7,29,0.7649913267705121,0.3910301391831176,0.16406277302666222,1,18.0,0.0,4.5,0.0,0.0,digital,CO-ANDES,human_followup,sales_visit,1
354.71336812868043,6,14,0.7755271704319595,0.4951664284153268,0.5491647013214933,3,7.5,2.5,0.2,295.0,0.05,modern_trade,MX-CENTRAL,promotion,targeted_discount,1
518.0374989817758,7,22,0.49795750940322997,0.49465658550292224,0.8014097199576024,0,9.0,0.0,0.25,310.0,0.0,modern_trade,MX-CENTRAL,product_recommendation,promote_core_pack,1
282.21415916369824,5,27,0.8828687077146897,0.35724043143760137,0.03569449687534874,1,15.5,1.5,0.25,385.0,0.0,modern_trade,MX-NORTH,bundle,premium_bundle,0
415.0129154592732,8,5,0.40069524210672164,0.5942157208097473,0.20257175413244516,1,18.0,0.0,4.5,0.0,0.0,modern_trade,CO-ANDES,human_followup,sales_visit,0
449.13974429663716,4,26,0.35886482577226014,0.16372680522752167,0.5249362427662763,3,18.0,0.0,4.5,0.0,0.0,digital,CO-ANDES,human_followup,sales_visit,0
297.98433841445734,6,6,0.6100302559443178,0.4784333077859227,0.7765406492213535,1,9.0,0.0,0.25,310.0,0.0,digital,CO-ANDES,product_recommendation,promote_core_pack,0
333.79935120603307,6,6,0.5147184828517183,0.5183671891641405,0.06586359802978153,0,18.0,0.0,4.5,0.0,0.0,modern_trade,MX-CENTRAL,human_followup,sales_visit,0
306.61612852108897,4,15,0.8737468343613298,0.6936180476346813,0.26170824111507984,3,7.5,2.5,0.2,295.0,0.05,digital,MX-CENTRAL,promotion,targeted_discount,1
293.7596514331463,2,24,0.8742538310308503,0.2465594044560346,0.5584182513668249,3,18.0,0.0,4.5,0.0,0.0,digital,MX-CENTRAL,human_followup,sales_visit,1
419.8197019753665,4,21,0.4089051035783812,0.24313854507459853,0.37010641009825435,1,9.0,0.0,0.25,310.0,0.0,digital,MX-CENTRAL,product_recommendation,promote_core_pack,0
337.6051488992055,4,29,0.46463822870115046,0.7360497095938164,0.5032039188835831,2,15.5,1.5,0.25,385.0,0.0,digital,BR-SE,bundle,premium_bundle,1
276.35946995410467,9,13,0.7206297774891489,0.36026265395099627,0.1449337796062095,0,15.5,1.5,0.25,385.0,0.0,digital,MX-CENTRAL,bundle,premium_bundle,1
198.09043980782397,4,24,0.6076335991757438,0.669483201993112,0.7153610650325519,1,7.5,2.5,0.2,295.0,0.05,traditional_trade,BR-SE,promotion,targeted_discount,1
396.37732876281063,6,13,0.6139157184562475,0.5525295336482476,0.23889809620172536,1,18.0,0.0,4.5,0.0,0.0,digital,CO-ANDES,human_followup,sales_visit,1
338.16482159957104,2,0,0.5552783506936448,0.1519443815511335,0.7399241118839917,3,18.0,0.0,4.5,0.0,0.0,digital,MX-NORTH,human_followup,sales_visit,0
285.3396152532892,5,4,0.5237489859776405,0.5073631302597507,0.4390823044264508,1,15.5,1.5,0.25,385.0,0.0,modern_trade,MX-NORTH,bundle,premium_bundle,1
286.73801997295027,0,23,0.8475219881438929,0.7249123594949018,0.136633677181344,2,7.5,2.5,0.2,295.0,0.05,traditional_trade,BR-SE,promotion,targeted_discount,1
268.1253463504885,10,24,0.3326602494391019,0.24835882808906437,0.5010884471812931,0,7.5,2.5,0.2,295.0,0.05,modern_trade,BR-SE,promotion,targeted_discount,0
289.02661631307365,5,13,0.464280887904635,0.27481669238227907,0.5633549819479627,3,7.5,2.5,0.2,295.0,0.05,modern_trade,CO-ANDES,promotion,targeted_discount,0
395.2138947429954,4,13,0.8864437379897682,0.5963304121380084,0.3422281254092345,1,9.0,0.0,0.25,310.0,0.0,modern_trade,CO-ANDES,product_recommendation,promote_core_pack,0
238.59162675297875,7,27,0.7250515276627592,0.5321002081539803,0.30455737214689427,1,15.5,1.5,0.25,385.0,0.0,modern_trade,MX-CENTRAL,bundle,premium_bundle,1
438.0952793375868,4,17,0.7619757010943357,0.24359371792794043,0.42468448410462967,2,18.0,0.0,4.5,0.0,0.0,digital,MX-NORTH,human_followup,sales_visit,0
244.57321196703128,5,21,0.7061395431602241,0.8903478410300999,0.13155772127892051,1,18.0,0.0,4.5,0.0,0.0,digital,MX-NORTH,human_followup,sales_visit,1
380.8166515175841,2,8,0.5616282878701961,0.7250478329195135,0.6413960094348166,0,18.0,0.0,4.5,0.0,0.0,digital,BR-SE,human_followup,sales_visit,1
358.9378258122507,6,3,0.3648891046914175,0.3956541620561627,0.700938771745152,2,9.0,0.0,0.25,310.0,0.0,modern_trade,CO-ANDES,product_recommendation,promote_core_pack,1
370.0756335476611,4,26,0.7589882876505022,0.3117611702457447,0.5048300882885274,2,18.0,0.0,4.5,0.0,0.0,digital,BR-SE,human_followup,sales_visit,0
402.6662524835936,4,27,0.5075422288862131,0.6763618438961188,0.35606769295850993,2,7.5,2.5,0.2,295.0,0.05,traditional_trade,CO-ANDES,promotion,targeted_discount,1
546.4632325903874,9,26,0.5930023529848734,0.2761096012478797,0.37023218415246945,0,15.5,1.5,0.25,385.0,0.0,modern_trade,MX-NORTH,bundle,premium_bundle,0
509.0244503222881,10,6,0.9442316897102343,0.6141460650462612,0.602073877545336,1,15.5,1.5,0.25,385.0,0.0,digital,MX-CENTRAL,bundle,premium_bundle,1
253.5103156019257,2,18,0.4944569696814469,0.5879898566892218,0.5909729642068575,1,9.0,0.0,0.25,310.0,0.0,modern_trade,BR-SE,product_recommendation,promote_core_pack,0
87.52180765066083,8,7,0.8661154822343734,0.8936610015576002,0.25136662935670495,0,9.0,0.0,0.25,310.0,0.0,digital,MX-NORTH,product_recommendation,promote_core_pack,1
268.9322089176649,4,12,0.7550813657685088,0.4063954441124424,0.2809372061461082,2,9.0,0.0,0.25,310.0,0.0,traditional_trade,BR-SE,product_recommendation,promote_core_pack,0
261.34705108502715,9,5,0.6714884687531446,0.515552585328104,0.4118808804141905,0,15.5,1.5,0.25,385.0,0.0,traditional_trade,BR-SE,bundle,premium_bundle,0
378.0780459898866,2,8,0.7765435138999517,0.6768256447944881,0.7310649108768568,1,15.5,1.5,0.25,385.0,0.0,digital,MX-NORTH,bundle,premium_bundle,1
237.2818515926042,2,2,0.21585582121192312,0.29111891017978997,0.3553158177733183,1,18.0,0.0,4.5,0.0,0.0,modern_trade,BR-SE,human_followup,sales_visit,0
214.77885367651888,6,4,0.7604970996271634,0.39544426656797793,0.1264085246873623,0,15.5,1.5,0.25,385.0,0.0,traditional_trade,MX-NORTH,bundle,premium_bundle,1
415.37281990589486,5,6,0.7808133398231497,0.12367497761525217,0.33391744041156485,1,9.0,0.0,0.25,310.0,0.0,traditional_trade,MX-CENTRAL,product_recommendation,promote_core_pack,0
268.3385796001839,4,29,0.726296504669019,0.6932755701829437,0.3637455132315704,0,7.5,2.5,0.2,295.0,0.05,modern_trade,MX-CENTRAL,promotion,targeted_discount,0
347.0713004122809,5,4,0.3707740888482235,0.3993202009942011,0.1561859602942818,0,18.0,0.0,4.5,0.0,0.0,traditional_trade,MX-CENTRAL,human_followup,sales_visit,0
316.99349462220664,6,10,0.5975630187108205,0.47985753689835653,0.6868119481448905,3,15.5,1.5,0.25,385.0,0.0,traditional_trade,MX-NORTH,bundle,premium_bundle,1
325.095347099068,3,11,0.7969981781657052,0.7375469238608193,0.16217545506801326,3,9.0,0.0,0.25,310.0,0.0,modern_trade,MX-NORTH,product_recommendation,promote_core_pack,1
356.9603472718489,3,12,0.5993717554861148,0.5778693620451437,0.34391901612459447,3,7.5,2.5,0.2,295.0,0.05,digital,MX-NORTH,promotion,targeted_discount,1
347.22755419678253,3,29,0.4417786428101976,0.5144612320956796,0.6703126568700247,2,15.5,1.5,0.25,385.0,0.0,modern_trade,MX-NORTH,bundle,premium_bundle,0
442.0002773488007,7,11,0.8317258001142883,0.243377299815536,0.8412657114211144,2,18.0,0.0,4.5,0.0,0.0,modern_trade,BR-SE,human_followup,sales_visit,1
340.74217834485063,6,30,0.8532802239236938,0.8517530938785499,0.47229796257767936,3,15.5,1.5,0.25,385.0,0.0,digital,MX-NORTH,bundle,premium_bundle,0
452.52571473435086,5,6,0.4503892886258696,0.6585590769580332,0.4522469937414605,2,15.5,1.5,0.25,385.0,0.0,digital,MX-NORTH,bundle,premium_bundle,1
328.225538136325,2,6,0.7982773500155632,0.35831632140189323,0.08311094078192144,0,18.0,0.0,4.5,0.0,0.0,modern_trade,MX-CENTRAL,human_followup,sales_visit,0
352.1460802308248,3,18,0.7233214902137596,0.5116861477194293,0.5642216058349503,3,15.5,1.5,0.25,385.0,0.0,modern_trade,CO-ANDES,bundle,premium_bundle,0
335.74915274291817,3,6,0.9613010005964394,0.31825927219775024,0.1633298693877889,3,7.5,2.5,0.2,295.0,0.05,modern_trade,MX-CENTRAL,promotion,targeted_discount,1
261.55472479530454,8,11,0.873051617346586,0.22969034979453581,0.11672647174908106,1,15.5,1.5,0.25,385.0,0.0,digital,CO-ANDES,bundle,premium_bundle,1
228.37829670141883,2,9,0.46640029247380255,0.44368420059360253,0.0762004276970614,0,18.0,0.0,4.5,0.0,0.0,digital,BR-SE,human_followup,sales_visit,1
458.76380829721245,6,8,0.4754639853213895,0.6061494869819019,0.19723691288457945,2,7.5,2.5,0.2,295.0,0.05,traditional_trade,BR-SE,promotion,targeted_discount,0
256.08595273008035,7,0,0.7731657562550115,0.47051289138720676,0.17991878570139874,1,15.5,1.5,0.25,385.0,0.0,digital,MX-CENTRAL,bundle,premium_bundle,1
219.15641126499048,1,5,0.6280199000115857,0.35884394152637034,0.33482319582904346,2,7.5,2.5,0.2,295.0,0.05,digital,MX-CENTRAL,promotion,targeted_discount,1
278.09352647059757,1,30,0.32715625429825457,0.26069749424741695,0.5902635828746575,0,7.5,2.5,0.2,295.0,0.05,traditional_trade,MX-CENTRAL,promotion,targeted_discount,0
359.79517468233644,5,23,0.8100999426432619,0.20199390613659873,0.526088155215433,2,7.5,2.5,0.2,295.0,0.05,digital,BR-SE,promotion,targeted_discount,1
309.8530196868536,5,7,0.7361689109500006,0.3926571011399409,0.29586441337553704,1,7.5,2.5,0.2,295.0,0.05,digital,CO-ANDES,promotion,targeted_discount,0
432.6486071843714,3,9,0.7843256209219427,0.39276949750464096,0.6588562115776226,1,9.0,0.0,0.25,310.0,0.0,modern_trade,CO-ANDES,product_recommendation,promote_core_pack,1
243.71477644705175,2,30,0.7461189174234367,0.6605753630869724,0.7622251194629246,2,9.0,0.0,0.25,310.0,0.0,modern_trade,MX-CENTRAL,product_recommendation,promote_core_pack,1
219.53914406616946,11,15,0.7844712289952972,0.18409588027291382,0.49798643224309225,0,18.0,0.0,4.5,0.0,0.0,traditional_trade,CO-ANDES,human_followup,sales_visit,0
408.6063746616659,2,21,0.647511617476874,0.6864138864507987,0.2772915778173073,2,7.5,2.5,0.2,295.0,0.05,modern_trade,CO-ANDES,promotion,targeted_discount,0
285.8602100955166,8,7,0.5776473226375345,0.4491169815754305,0.28926706789650286,2,15.5,1.5,0.25,385.0,0.0,modern_trade,MX-NORTH,bundle,premium_bundle,0
456.7936854911922,4,15,0.7096083414022073,0.8506118321190667,0.30749243186978986,2,9.0,0.0,0.25,310.0,0.0,modern_trade,MX-CENTRAL,product_recommendation,promote_core_pack,1
437.72362728337816,4,7,0.9523661566973118,0.23071906776556236,0.6517498245051448,2,18.0,0.0,4.5,0.0,0.0,traditional_trade,MX-CENTRAL,human_followup,sales_visit,1
369.6392290057395,6,30,0.7960764293731175,0.47912068033626837,0.6093841308605983,2,9.0,0.0,0.25,310.0,0.0,traditional_trade,MX-NORTH,product_recommendation,promote_core_pack,0
282.0621985122445,9,15,0.8228049205657596,0.5490874572090705,0.4833166902622701,2,9.0,0.0,0.25,310.0,0.0,modern_trade,MX-NORTH,product_recommendation,promote_core_pack,0
236.8268933982701,6,28,0.878496361154621,0.3617973748591453,0.4769302147094774,1,18.0,0.0,4.5,0.0,0.0,modern_trade,CO-ANDES,human_followup,sales_visit,1
243.37806050072163,5,24,0.46642063948124873,0.5598085305908092,0.8141261927406461,0,15.5,1.5,0.25,385.0,0.0,digital,CO-ANDES,bundle,premium_bundle,0
323.08588352895464,3,10,0.8387375368811252,0.5023636901521906,0.35509066241522763,1,18.0,0.0,4.5,0.0,0.0,modern_trade,MX-CENTRAL,human_followup,sales_visit,1
411.80061016764193,9,15,0.6189081370636437,0.35413859880014353,0.4236129441578122,1,18.0,0.0,4.5,0.0,0.0,digital,CO-ANDES,human_followup,sales_visit,0
507.5197218546695,9,6,0.7677106720988551,0.2423880777076849,0.37698608398796024,1,15.5,1.5,0.25,385.0,0.0,digital,CO-ANDES,bundle,premium_bundle,0
365.50089728006935,5,4,0.5422474350053467,0.5819479510682323,0.42652586758707833,2,18.0,0.0,4.5,0.0,0.0,modern_trade,MX-CENTRAL,human_followup,sales_visit,0
199.1248663270935,5,27,0.6652583299644068,0.32062815360003777,0.6954627800811202,3,9.0,0.0,0.25,310.0,0.0,traditional_trade,MX-CENTRAL,product_recommendation,promote_core_pack,0
148.8182456159106,5,27,0.3533787017189856,0.4404715485261383,0.6071062971281,1,7.5,2.5,0.2,295.0,0.05,traditional_trade,BR-SE,promotion,targeted_discount,1
322.4954939776466,3,12,0.7012212468559785,0.5099465194770147,0.8261164820359753,2,9.0,0.0,0.25,310.0,0.0,modern_trade,MX-CENTRAL,product_recommendation,promote_core_pack,0
336.43840910323286,5,18,0.5937659133318088,0.37263689762460883,0.3595144231205298,2,9.0,0.0,0.25,310.0,0.0,traditional_trade,MX-CENTRAL,product_recommendation,promote_core_pack,0
464.8490878826266,9,19,0.688293524376249,0.5673842518626365,0.28674112258391526,0,15.5,1.5,0.25,385.0,0.0,traditional_trade,MX-CENTRAL,bundle,premium_bundle,1
360.44238981755757,3,5,0.731234423019415,0.2700817080734388,0.7201019832685794,1,9.0,0.0,0.25,310.0,0.0,digital,MX-CENTRAL,product_recommendation,promote_core_pack,0
469.7381770220098,8,2,0.9540247505001401,0.15774429500595893,0.5968078193589083,2,9.0,0.0,0.25,310.0,0.0,traditional_trade,BR-SE,product_recommendation,promote_core_pack,0
371.529345337602,5,23,0.27554489607947186,0.3183094316177152,0.058095209981397465,0,15.5,1.5,0.25,385.0,0.0,traditional_trade,BR-SE,bundle,premium_bundle,0
270.5639401638337,3,19,0.6114755976008541,0.5604598690074218,0.32349339801499705,0,9.0,0.0,0.25,310.0,0.0,traditional_trade,CO-ANDES,product_recommendation,promote_core_pack,0
231.99690492449594,6,1,0.5714538542682569,0.6850499606668619,0.1408599603489363,2,9.0,0.0,0.25,310.0,0.0,modern_trade,MX-NORTH,product_recommendation,promote_core_pack,0
247.18117334691,3,27,0.9198240488100123,0.6758394553839221,0.6133954199506945,1,9.0,0.0,0.25,310.0,0.0,traditional_trade,MX-NORTH,product_recommendation,promote_core_pack,0
389.7242731843594,2,12,0.9171136874081895,0.9252442666641963,0.5008276647005141,0,7.5,2.5,0.2,295.0,0.05,digital,MX-NORTH,promotion,targeted_discount,1
499.7375283237472,6,27,0.7606782932511481,0.48102651578641786,0.3899484010440069,3,18.0,0.0,4.5,0.0,0.0,traditional_trade,CO-ANDES,human_followup,sales_visit,0
328.4363680869689,3,6,0.81006303353373,0.7048740300869731,0.16749541946292965,0,7.5,2.5,0.2,295.0,0.05,modern_trade,BR-SE,promotion,targeted_discount,1
433.77791492451826,7,16,0.890288903705354,0.15922983814977082,0.0739807964827906,3,18.0,0.0,4.5,0.0,0.0,digital,MX-CENTRAL,human_followup,sales_visit,1
350.6725096948886,3,17,0.9749230993899852,0.4638239203551464,0.48434284043907516,2,7.5,2.5,0.2,295.0,0.05,digital,BR-SE,promotion,targeted_discount,0
336.87949376779017,5,4,0.5987721579539786,0.34794410199993087,0.6091936397640305,1,7.5,2.5,0.2,295.0,0.05,digital,MX-NORTH,promotion,targeted_discount,0
211.3941673925175,4,20,0.6629893023036773,0.3453063558892259,0.7234921734064111,2,15.5,1.5,0.25,385.0,0.0,modern_trade,MX-CENTRAL,bundle,premium_bundle,0
287.7990500926443,4,5,0.517416726601702,0.3575476865884881,0.3239229919398243,0,9.0,0.0,0.25,310.0,0.0,digital,MX-CENTRAL,product_recommendation,promote_core_pack,1
234.05605503309408,4,16,0.5391000124150436,0.6980913273594301,0.230154793758458,1,15.5,1.5,0.25,385.0,0.0,traditional_trade,BR-SE,bundle,premium_bundle,0
347.4003550518204,4,14,0.914176717498271,0.42563566417403814,0.5469328944446481,1,7.5,2.5,0.2,295.0,0.05,digital,MX-CENTRAL,promotion,targeted_discount,0
409.0690385933673,9,2,0.10436907021298003,0.22924143703408456,0.11349359870065101,0,9.0,0.0,0.25,310.0,0.0,digital,CO-ANDES,product_recommendation,promote_core_pack,0
399.8108092049879,0,18,0.5645172745198542,0.7832341924259185,0.2743294114057106,0,9.0,0.0,0.25,310.0,0.0,modern_trade,BR-SE,product_recommendation,promote_core_pack,1
234.43614353709887,4,25,0.6299864932539633,0.3918138719529076,0.2806013612610324,2,9.0,0.0,0.25,310.0,0.0,modern_trade,CO-ANDES,product_recommendation,promote_core_pack,0
323.4675016186138,6,18,0.6966376702267326,0.5857208203579555,0.2346175648953781,1,7.5,2.5,0.2,295.0,0.05,digital,CO-ANDES,promotion,targeted_discount,1
439.51460161115085,3,17,0.4015090625995286,0.49742977935846105,0.26786857172611483,0,15.5,1.5,0.25,385.0,0.0,modern_trade,BR-SE,bundle,premium_bundle,0
251.48964279104337,2,22,0.643618640306052,0.603656467905364,0.6981192811496164,2,18.0,0.0,4.5,0.0,0.0,modern_trade,CO-ANDES,human_followup,sales_visit,1
359.4208254724182,3,24,0.9435129779744188,0.5745712813568123,0.23371925067288454,0,7.5,2.5,0.2,295.0,0.05,traditional_trade,BR-SE,promotion,targeted_discount,1
345.6435479968312,7,21,0.9511236560609643,0.1989225132418823,0.5258511939094559,0,7.5,2.5,0.2,295.0,0.05,traditional_trade,BR-SE,promotion,targeted_discount,1
310.2595205364071,6,13,0.8855486796860521,0.634894670488508,0.443158369478867,2,9.0,0.0,0.25,310.0,0.0,modern_trade,MX-NORTH,product_recommendation,promote_core_pack,0
345.22490742708857,4,18,0.8899537996474961,0.41475950796684286,0.4598671784447787,1,9.0,0.0,0.25,310.0,0.0,modern_trade,CO-ANDES,product_recommendation,promote_core_pack,0
298.4969108242605,4,26,0.9082167349338474,0.5996533194962614,0.28722195385484,1,9.0,0.0,0.25,310.0,0.0,traditional_trade,CO-ANDES,product_recommendation,promote_core_pack,1
244.3277219429254,4,22,0.6990780249536748,0.12477906560789331,0.547177020459377,0,15.5,1.5,0.25,385.0,0.0,digital,BR-SE,bundle,premium_bundle,1
408.14808435981706,4,22,0.8589740000783895,0.7735865677526395,0.47125262927308276,3,15.5,1.5,0.25,385.0,0.0,modern_trade,MX-NORTH,bundle,premium_bundle,0
370.7858788388248,3,15,0.6968913905161097,0.3993541958652872,0.7377381457776729,0,7.5,2.5,0.2,295.0,0.05,traditional_trade,CO-ANDES,promotion,targeted_discount,1
221.15403749104888,1,10,0.5134974090168203,0.42696627962575284,0.31361918341968986,3,18.0,0.0,4.5,0.0,0.0,digital,MX-CENTRAL,human_followup,sales_visit,0
382.6630978800331,7,4,0.5554009883104637,0.1104150112417978,0.11315444178057363,3,7.5,2.5,0.2,295.0,0.05,traditional_trade,CO-ANDES,promotion,targeted_discount,0
261.6858046519931,9,1,0.4045211008605903,0.8292291402256848,0.49527884348798057,2,15.5,1.5,0.25,385.0,0.0,digital,MX-NORTH,bundle,premium_bundle,1
414.09762800848944,8,1,0.7611545343600051,0.22641287086787093,0.3256569946014709,1,15.5,1.5,0.25,385.0,0.0,modern_trade,BR-SE,bundle,premium_bundle,1
364.29419241628096,2,8,0.7444422725789083,0.34838950821576925,0.05921709420020753,0,15.5,1.5,0.25,385.0,0.0,digital,CO-ANDES,bundle,premium_bundle,1
484.08304518063073,4,18,0.8353676860670226,0.41919367243867234,0.5027992782824404,0,7.5,2.5,0.2,295.0,0.05,modern_trade,CO-ANDES,promotion,targeted_discount,1
405.6240991979369,2,24,0.6869629489854273,0.41275641311296213,0.4088991402839655,0,15.5,1.5,0.25,385.0,0.0,traditional_trade,MX-NORTH,bundle,premium_bundle,1
357.99487445880686,5,19,0.6483086260776585,0.20489551478855322,0.33403249028076765,0,9.0,0.0,0.25,310.0,0.0,traditional_trade,CO-ANDES,product_recommendation,promote_core_pack,1
336.9171325566049,7,2,0.6974303009512485,0.2508951127528545,0.6507541950363839,2,7.5,2.5,0.2,295.0,0.05,modern_trade,MX-CENTRAL,promotion,targeted_discount,1
344.34139773065573,8,17,0.8097767241993684,0.5299740258677579,0.4964040350277849,1,7.5,2.5,0.2,295.0,0.05,traditional_trade,MX-CENTRAL,promotion,targeted_discount,1
262.4452773820467,6,10,0.6773103143892345,0.4083279342791154,0.24739559781120857,1,18.0,0.0,4.5,0.0,0.0,digital,MX-NORTH,human_followup,sales_visit,1
394.1297168348673,2,30,0.6751259149347151,0.34896133334969837,0.38660962695491835,0,15.5,1.5,0.25,385.0,0.0,modern_trade,MX-CENTRAL,bundle,premium_bundle,0
498.34940724618684,4,10,0.30340978818443926,0.623947783974578,0.31991017476657074,3,7.5,2.5,0.2,295.0,0.05,modern_trade,BR-SE,promotion,targeted_discount,0
424.1551090641441,6,19,0.8106607013311485,0.8412305773722953,0.27447691609956154,0,15.5,1.5,0.25,385.0,0.0,modern_trade,BR-SE,bundle,premium_bundle,1
330.49293293362086,4,1,0.9352206568834093,0.5796259330791395,0.3417824178764301,0,15.5,1.5,0.25,385.0,0.0,traditional_trade,CO-ANDES,bundle,premium_bundle,0
268.49193498460824,4,22,0.44313559962087173,0.49960454883308947,0.21955213367221152,0,7.5,2.5,0.2,295.0,0.05,digital,CO-ANDES,promotion,targeted_discount,1
248.26878572977188,2,27,0.43399455515347984,0.3280708114391346,0.45271916628946407,0,18.0,0.0,4.5,0.0,0.0,traditional_trade,BR-SE,human_followup,sales_visit,1
339.7377035359256,4,22,0.5539622316091587,0.48981984716948385,0.2502457181568613,2,7.5,2.5,0.2,295.0,0.05,modern_trade,MX-CENTRAL,promotion,targeted_discount,1
172.22991329723175,4,11,0.6563929063664551,0.4280463741256582,0.5709377232716961,2,15.5,1.5,0.25,385.0,0.0,traditional_trade,MX-NORTH,bundle,premium_bundle,0
214.9467621748696,1,7,0.47603063103116156,0.25903239641509296,0.3370915906336452,0,9.0,0.0,0.25,310.0,0.0,modern_trade,BR-SE,product_recommendation,promote_core_pack,1
327.50981420792044,2,25,0.6205693817914931,0.7238084305086505,0.40837104720864337,0,9.0,0.0,0.25,310.0,0.0,traditional_trade,MX-CENTRAL,product_recommendation,promote_core_pack,1
335.1437531232809,7,22,0.515803109355595,0.5776023796489378,0.4267540710354787,0,15.5,1.5,0.25,385.0,0.0,digital,CO-ANDES,bundle,premium_bundle,1
318.956835678275,5,19,0.8737412440389413,0.40877983309017246,0.667619734236092,3,9.0,0.0,0.25,310.0,0.0,digital,MX-CENTRAL,product_recommendation,promote_core_pack,0
294.64774548006704,7,21,0.5999707743626702,0.7177827530827595,0.36555970301109364,0,9.0,0.0,0.25,310.0,0.0,modern_trade,MX-CENTRAL,product_recommendation,promote_core_pack,0
335.71522328493165,3,6,0.8851747130520106,0.6986054953662041,0.4072984827076422,0,18.0,0.0,4.5,0.0,0.0,traditional_trade,BR-SE,human_followup,sales_visit,1
304.9138522638789,7,11,0.44499015097705863,0.4360693802865581,0.27086215841574846,1,15.5,1.5,0.25,385.0,0.0,traditional_trade,CO-ANDES,bundle,premium_bundle,0
412.8455407738266,7,18,0.5214075147732371,0.5952568362726637,0.2661765606274511,3,9.0,0.0,0.25,310.0,0.0,traditional_trade,MX-CENTRAL,product_recommendation,promote_core_pack,1
332.92417365975257,3,11,0.7814489544366329,0.27446130492244514,0.2640026102744857,0,7.5,2.5,0.2,295.0,0.05,modern_trade,CO-ANDES,promotion,targeted_discount,1
159.1288153251251,7,20,0.7674408208561638,0.5045052456578172,0.4077662186131293,1,7.5,2.5,0.2,295.0,0.05,modern_trade,BR-SE,promotion,targeted_discount,1
377.82125216989084,7,21,0.574072453849025,0.5909905954257738,0.2897429591186562,1,15.5,1.5,0.25,385.0,0.0,modern_trade,MX-NORTH,bundle,premium_bundle,0
358.70074977343023,9,3,0.7387045945471132,0.5497767179593686,0.2796706580688326,1,18.0,0.0,4.5,0.0,0.0,digital,CO-ANDES,human_followup,sales_visit,0
302.6365520681759,4,23,0.649177014297433,0.5290276031635568,0.3888549765547513,0,7.5,2.5,0.2,295.0,0.05,traditional_trade,MX-CENTRAL,promotion,targeted_discount,1
226.33375543777152,1,17,0.4885357867975279,0.4043454333712276,0.20130369530854947,3,15.5,1.5,0.25,385.0,0.0,modern_trade,MX-CENTRAL,bundle,premium_bundle,1
327.5451218118777,7,3,0.7216745580806103,0.6954040480193726,0.18757585391808762,0,18.0,0.0,4.5,0.0,0.0,traditional_trade,CO-ANDES,human_followup,sales_visit,0
367.18472608974577,7,18,0.4984747300849998,0.40909563584037467,0.5979281356232224,0,15.5,1.5,0.25,385.0,0.0,traditional_trade,MX-CENTRAL,bundle,premium_bundle,0
349.31595210935023,6,12,0.638922342170238,0.14525731537903042,0.36842764442501785,1,18.0,0.0,4.5,0.0,0.0,digital,BR-SE,human_followup,sales_visit,1
350.16566322609447,3,29,0.786419090779881,0.4926725781446644,0.5050114738563577,2,18.0,0.0,4.5,0.0,0.0,modern_trade,MX-CENTRAL,human_followup,sales_visit,0
310.4332015322098,4,15,0.6315551637991892,0.4388448155928488,0.03187807309121378,0,7.5,2.5,0.2,295.0,0.05,modern_trade,BR-SE,promotion,targeted_discount,1
216.2048708679236,2,14,0.6499603252684932,0.3399717897755289,0.22816766384732062,1,9.0,0.0,0.25,310.0,0.0,modern_trade,MX-NORTH,product_recommendation,promote_core_pack,0
159.08340078826092,9,1,0.8828704610286308,0.2376311037582632,0.355730867465882,3,18.0,0.0,4.5,0.0,0.0,traditional_trade,BR-SE,human_followup,sales_visit,0
293.4092123247041,4,30,0.7660338289874797,0.5225674220166988,0.37048676852236556,2,9.0,0.0,0.25,310.0,0.0,modern_trade,BR-SE,product_recommendation,promote_core_pack,0
328.97143195615257,5,25,0.6983881994288532,0.10562883716689388,0.4823814073875065,0,15.5,1.5,0.25,385.0,0.0,digital,MX-CENTRAL,bundle,premium_bundle,0
351.13124084558655,6,24,0.6709561804109504,0.39069464363214873,0.6360870093362664,2,9.0,0.0,0.25,310.0,0.0,traditional_trade,BR-SE,product_recommendation,promote_core_pack,0
526.3199677741466,5,2,0.3948102705264479,0.3320795120868283,0.3834041051111802,3,15.5,1.5,0.25,385.0,0.0,digital,MX-NORTH,bundle,premium_bundle,0
274.56204858333973,5,20,0.8918196077940626,0.5296645594464028,0.13433545459066562,2,18.0,0.0,4.5,0.0,0.0,traditional_trade,BR-SE,human_followup,sales_visit,0
507.47761556926866,2,23,0.6292813977331745,0.4132916512692079,0.6726239641847181,0,18.0,0.0,4.5,0.0,0.0,traditional_trade,MX-NORTH,human_followup,sales_visit,1
427.148682133287,3,4,0.5675714725924021,0.89478896789334,0.18661397701892435,3,18.0,0.0,4.5,0.0,0.0,digital,BR-SE,human_followup,sales_visit,1
307.67858444076563,8,7,0.5801139387001094,0.04467370810315454,0.5151018025620324,3,18.0,0.0,4.5,0.0,0.0,traditional_trade,BR-SE,human_followup,sales_visit,1
381.3095880367146,5,17,0.6830425879408999,0.6032845983589751,0.05643477615713551,1,18.0,0.0,4.5,0.0,0.0,traditional_trade,MX-NORTH,human_followup,sales_visit,0
419.94761156855293,7,6,0.43664933769439257,0.1564955363237677,0.3368216840171362,1,15.5,1.5,0.25,385.0,0.0,modern_trade,BR-SE,bundle,premium_bundle,0
145.98935720549116,8,23,0.5876733824294237,0.24004694598883006,0.3428484210048893,2,9.0,0.0,0.25,310.0,0.0,digital,CO-ANDES,product_recommendation,promote_core_pack,0
245.20176712736497,3,0,0.7214895668276359,0.08194919923648245,0.1521033289100489,1,15.5,1.5,0.25,385.0,0.0,digital,BR-SE,bundle,premium_bundle,1
176.86811093517818,9,5,0.49860095291565887,0.2955874900008167,0.27133927101685046,0,18.0,0.0,4.5,0.0,0.0,modern_trade,CO-ANDES,human_followup,sales_visit,1
345.63350299565786,7,18,0.2549827491962054,0.4010398349439507,0.17920553557090524,2,9.0,0.0,0.25,310.0,0.0,modern_trade,MX-CENTRAL,product_recommendation,promote_core_pack,1
218.11740995923788,2,23,0.8237005276848564,0.22877582454178297,0.27935210897271295,3,18.0,0.0,4.5,0.0,0.0,modern_trade,BR-SE,human_followup,sales_visit,1
432.9359801359678,2,28,0.6043109849578937,0.24128801906594774,0.5494203171662042,2,18.0,0.0,4.5,0.0,0.0,modern_trade,MX-NORTH,human_followup,sales_visit,0
477.6249228206799,3,17,0.5765486070680483,0.34809262333638585,0.1930388995025782,0,7.5,2.5,0.2,295.0,0.05,traditional_trade,BR-SE,promotion,targeted_discount,1
254.62100507480673,6,8,0.5806494474861843,0.589658940212761,0.5679803319657981,2,15.5,1.5,0.25,385.0,0.0,traditional_trade,MX-NORTH,bundle,premium_bundle,1
330.5557625111537,11,30,0.8504615416036304,0.4992831443306055,0.15874897224228815,1,9.0,0.0,0.25,310.0,0.0,digital,CO-ANDES,product_recommendation,promote_core_pack,0
315.8037856119897,3,3,0.9078078579281081,0.8626615600792107,0.45875824738107746,3,15.5,1.5,0.25,385.0,0.0,traditional_trade,MX-CENTRAL,bundle,premium_bundle,1
440.3541763798143,8,24,0.8539668337424101,0.24207498381301717,0.28758883488975795,0,7.5,2.5,0.2,295.0,0.05,traditional_trade,CO-ANDES,promotion,targeted_discount,1
453.94272466626785,4,3,0.8339552827213358,0.14563813877736376,0.6017409216597595,3,15.5,1.5,0.25,385.0,0.0,traditional_trade,BR-SE,bundle,premium_bundle,1
403.9452735593841,3,13,0.6230529803566601,0.39628844506278543,0.42089123171630344,3,15.5,1.5,0.25,385.0,0.0,digital,MX-NORTH,bundle,premium_bundle,0
156.79476353784622,1,9,0.8680690037260423,0.6177477413151158,0.8786744455217019,1,7.5,2.5,0.2,295.0,0.05,traditional_trade,CO-ANDES,promotion,targeted_discount,0
358.548603812448,2,10,0.9499787575349479,0.4731288418377553,0.8274454212006404,3,7.5,2.5,0.2,295.0,0.05,traditional_trade,MX-CENTRAL,promotion,targeted_discount,1
231.2120285992715,4,15,0.852077377445155,0.6977344581065127,0.7875700486945618,0,15.5,1.5,0.25,385.0,0.0,modern_trade,MX-CENTRAL,bundle,premium_bundle,1
499.7003926591275,5,21,0.49182602772113043,0.842217113544195,0.38430401298015826,0,7.5,2.5,0.2,295.0,0.05,digital,MX-NORTH,promotion,targeted_discount,1
200.4130334535237,4,18,0.5970599113453104,0.4773927862355237,0.5544922971804371,2,9.0,0.0,0.25,310.0,0.0,modern_trade,BR-SE,product_recommendation,promote_core_pack,0
393.69376774842743,3,16,0.6116172513481308,0.07887645950468092,0.027160316507792572,2,15.5,1.5,0.25,385.0,0.0,modern_trade,CO-ANDES,bundle,premium_bundle,0
268.18126211828894,6,10,0.7047985755569577,0.4836093457667355,0.5918133152885988,1,9.0,0.0,0.25,310.0,0.0,modern_trade,CO-ANDES,product_recommendation,promote_core_pack,0
207.64418155245644,3,2,0.7357258788151124,0.5636956345916032,0.6486583191536895,1,7.5,2.5,0.2,295.0,0.05,modern_trade,MX-CENTRAL,promotion,targeted_discount,1
268.306687300997,4,19,0.5814575030393129,0.07432537460998197,0.428677774724507,0,15.5,1.5,0.25,385.0,0.0,modern_trade,MX-NORTH,bundle,premium_bundle,1
370.71153806302556,5,1,0.632084623183561,0.5158077742172873,0.8497180351971548,0,9.0,0.0,0.25,310.0,0.0,traditional_trade,CO-ANDES,product_recommendation,promote_core_pack,1
143.17986396744126,8,5,0.38361644779917675,0.5452417854344249,0.5575385454471913,1,18.0,0.0,4.5,0.0,0.0,traditional_trade,BR-SE,human_followup,sales_visit,1
434.28185112329646,4,17,0.8318807324590541,0.5710557437775997,0.4197078286866898,3,9.0,0.0,0.25,310.0,0.0,modern_trade,BR-SE,product_recommendation,promote_core_pack,1
304.30311490574576,3,19,0.7586793789663813,0.663622348421595,0.3036270665166636,0,7.5,2.5,0.2,295.0,0.05,traditional_trade,BR-SE,promotion,targeted_discount,1
230.65703610518187,12,5,0.302721093295327,0.3988926563826229,0.44689456288288876,2,9.0,0.0,0.25,310.0,0.0,modern_trade,BR-SE,product_recommendation,promote_core_pack,1
367.80782940013836,7,30,0.46044445296378883,0.6500023694827015,0.6041345856337744,3,15.5,1.5,0.25,385.0,0.0,traditional_trade,MX-NORTH,bundle,premium_bundle,0
